file,sequence_id,frame_index,scene_name,global_id,instance_id,layer,slot,cluster,visibility,is_new,source_prototype,point_count,center_x,center_y,center_z,yaw_deg,diameter_nominal,length_nominal,dx_from_prev,dy_from_prev,dz_from_prev,observation,severity,occlusion_side,target_x,target_y,target_z,note
P00_F00_prototype_00.ply,P00,0,prototype_00,0,258,1,0,isolated,VISIBLE,0,mask_10_f.ply,5835,0,0,0.6349999690055848,0,1.1899999380111694,1.5900001525878906,,,,clean,0.0,none,,,,normalized real prototype; source X mapped to scene Y; RGB is global-ID visualization only
P00_F01_prototype_01.ply,P00,1,prototype_01,1,891,1,1,isolated,VISIBLE,0,mask_12_f.ply,7608,0,0,0.6432499670982361,0,1.2064999341964722,1.5600004196166992,,,,clean,0.0,none,,,,normalized real prototype; source X mapped to scene Y; RGB is global-ID visualization only
P00_F02_prototype_02.ply,P00,2,prototype_02,2,153,1,2,isolated,VISIBLE,0,mask_14_f.ply,7339,0,0,0.6600000047683716,0,1.2400000095367432,1.6900005340576172,,,,clean,0.0,none,,,,normalized real prototype; source X mapped to scene Y; RGB is global-ID visualization only
P00_F03_prototype_03.ply,P00,3,prototype_03,3,900,1,3,isolated,VISIBLE,0,mask_1_f.ply,8255,0,0,0.6299999141693116,0,1.179999828338623,1.6600008010864258,,,,clean,0.0,none,,,,normalized real prototype; source X mapped to scene Y; RGB is global-ID visualization only
P00_F04_prototype_04.ply,P00,4,prototype_04,4,242,1,4,isolated,VISIBLE,0,mask_5_f.ply,8733,0,0,0.640000023841858,0,1.2000000476837158,1.619999885559082,,,,clean,0.0,none,,,,normalized real prototype; source X mapped to scene Y; RGB is global-ID visualization only
P00_F05_prototype_05.ply,P00,5,prototype_05,5,252,1,5,isolated,VISIBLE,0,mask_6_f.ply,6518,0,0,0.6299999737739563,0,1.1799999475479126,1.619999885559082,,,,clean,0.0,none,,,,normalized real prototype; source X mapped to scene Y; RGB is global-ID visualization only
P00_F06_prototype_06.ply,P00,6,prototype_06,6,564,1,6,isolated,VISIBLE,0,mask_7_f.ply,7117,0,0,0.681750454902649,0,1.2835009098052979,1.5699987411499023,,,,clean,0.0,none,,,,normalized real prototype; source X mapped to scene Y; RGB is global-ID visualization only
P01_F00_baseline.ply,P01,0,baseline,2,315,1,2,single,VISIBLE,0,mask_14_f.ply,7339,5.0,0,0.6600000047683716,0.0,1.2400000095367432,1.6900005340576172,,,,clean,0.0,none,,,,single-coil observation stress; rollObs changes visible point sampling without rigid rotation around coil axis
P01_F01_rollObs_mild.ply,P01,1,rollObs_mild,2,771,1,2,single,VISIBLE,0,mask_14_f.ply,7122,5.0,0,0.6600000047683716,0.0,1.2400000095367432,1.6900005340576172,,,,roll_mild,0.0,none,,,,single-coil observation stress; rollObs changes visible point sampling without rigid rotation around coil axis | V3: rolling mismatch uses local surface perturbation + thinning/resampling only; no large contiguous wedge deletion.
P01_F02_rollObs_heavy.ply,P01,2,rollObs_heavy,2,435,1,2,single,VISIBLE,0,mask_14_f.ply,6369,5.0,0,0.6600000047683716,0.0,1.2400000095367432,1.6900005340576172,,,,roll_heavy,0.0,none,,,,single-coil observation stress; rollObs changes visible point sampling without rigid rotation around coil axis | V3: rolling mismatch uses local surface perturbation + thinning/resampling only; no large contiguous wedge deletion.
P01_F03_yaw_p3.ply,P01,3,yaw_p3,2,473,1,2,single,VISIBLE,0,mask_14_f.ply,7339,5.0,0,0.6600000047683716,3.0,1.2400000095367432,1.6900005340576172,,,,clean,0.0,none,,,,single-coil observation stress; rollObs changes visible point sampling without rigid rotation around coil axis
P01_F04_yaw_n5.ply,P01,4,yaw_n5,2,424,1,2,single,VISIBLE,0,mask_14_f.ply,7339,5.0,0,0.6600000047683716,-5.0,1.2400000095367432,1.6900005340576172,,,,clean,0.0,none,,,,single-coil observation stress; rollObs changes visible point sampling without rigid rotation around coil axis
P01_F05_moveX_p20.ply,P01,5,moveX_p20,2,164,1,2,single,VISIBLE,0,mask_14_f.ply,7144,5.2,0,0.6600000047683716,0.0,1.2400000095367432,1.6900005340576172,,,,roll_mild,0.0,none,,,,single-coil observation stress; rollObs changes visible point sampling without rigid rotation around coil axis | V3: rolling mismatch uses local surface perturbation + thinning/resampling only; no large contiguous wedge deletion.
P01_F06_moveX_p45_yaw_p4.ply,P01,6,moveX_p45_yaw_p4,2,364,1,2,single,VISIBLE,0,mask_14_f.ply,6400,5.45,0,0.6600000047683716,4.0,1.2400000095367432,1.6900005340576172,,,,roll_heavy,0.0,none,,,,single-coil observation stress; rollObs changes visible point sampling without rigid rotation around coil axis | V3: rolling mismatch uses local surface perturbation + thinning/resampling only; no large contiguous wedge deletion.
P01_F07_partial_mild.ply,P01,7,partial_mild,2,966,1,2,single,PARTIAL_VISIBLE,0,mask_14_f.ply,6498,5.0,0,0.6600000047683716,0.0,1.2400000095367432,1.6900005340576172,,,,partial,0.15,left,,,,single-coil observation stress; rollObs changes visible point sampling without rigid rotation around coil axis | V3: edge occlusion side=left; central band preserved.
P01_F08_partial_heavy.ply,P01,8,partial_heavy,2,683,1,2,single,PARTIAL_VISIBLE,0,mask_14_f.ply,4515,5.0,0,0.6600000047683716,0.0,1.2400000095367432,1.6900005340576172,,,,partial,0.55,both,,,,single-coil observation stress; rollObs changes visible point sampling without rigid rotation around coil axis | V3: edge occlusion side=both; central band preserved.
P01_F09_top_dominant.ply,P01,9,top_dominant,2,667,1,2,single,VISIBLE,0,mask_14_f.ply,5673,5.0,0,0.6600000047683716,0.0,1.2400000095367432,1.6900005340576172,,,,top_view,0.0,none,,,,single-coil observation stress; rollObs changes visible point sampling without rigid rotation around coil axis
P01_F10_side_dominant.ply,P01,10,side_dominant,2,756,1,2,single,VISIBLE,0,mask_14_f.ply,4653,5.0,0,0.6600000047683716,0.0,1.2400000095367432,1.6900005340576172,,,,side_view,0.0,none,,,,single-coil observation stress; rollObs changes visible point sampling without rigid rotation around coil axis
P01_F11_degraded.ply,P01,11,degraded,2,456,1,2,single,PARTIAL_VISIBLE,0,mask_14_f.ply,5046,5.1,0,0.6600000047683716,2.0,1.2400000095367432,1.6900005340576172,,,,degraded,0.35,right,,,,single-coil observation stress; rollObs changes visible point sampling without rigid rotation around coil axis | V3: edge occlusion side=right; central band preserved.
P02_F00_edgeOcc_baseline.ply,P02,0,edgeOcc_baseline,2,315,1,2,single,VISIBLE,0,mask_14_f.ply,7339,5.0,0.0,0.6600000047683716,0.0,1.2400000095367432,1.6900005340576172,,,,clean,0.0,none,,,,No occlusion baseline for edge-occlusion sanity check.
P02_F01_edgeOcc_left_mild.ply,P02,1,edgeOcc_left_mild,2,315,1,2,single,PARTIAL_VISIBLE,0,mask_14_f.ply,6438,5.0,0.0,0.6600000047683716,0.0,1.2400000095367432,1.6900005340576172,,,,partial,0.18,left,,,,Left-neighbor occlusion: only left outer region is reduced; center stays visible. | V3: edge occlusion side=left; central band preserved.
P02_F02_edgeOcc_right_mild.ply,P02,2,edgeOcc_right_mild,2,315,1,2,single,PARTIAL_VISIBLE,0,mask_14_f.ply,6594,5.0,0.0,0.6600000047683716,0.0,1.2400000095367432,1.6900005340576172,,,,partial,0.18,right,,,,Right-neighbor occlusion: only right outer region is reduced; center stays visible. | V3: edge occlusion side=right; central band preserved.
P02_F03_edgeOcc_both_mild.ply,P02,3,edgeOcc_both_mild,2,315,1,2,single,PARTIAL_VISIBLE,0,mask_14_f.ply,5829,5.0,0.0,0.6600000047683716,0.0,1.2400000095367432,1.6900005340576172,,,,partial,0.22,both,,,,Two-neighbor occlusion: both outer sides are reduced; center stays visible. | V3: edge occlusion side=both; central band preserved.
P02_F04_edgeOcc_both_heavy.ply,P02,4,edgeOcc_both_heavy,2,315,1,2,single,PARTIAL_VISIBLE,0,mask_14_f.ply,4546,5.0,0.0,0.6600000047683716,0.0,1.2400000095367432,1.6900005340576172,,,,partial,0.55,both,,,,Heavy two-side occlusion; central/top region is deliberately preserved. | V3: edge occlusion side=both; central band preserved.
P02_F05_rollHeavy_noHole.ply,P02,5,rollHeavy_noHole,2,315,1,2,single,VISIBLE,0,mask_14_f.ply,6391,5.0,0.0,0.6600000047683716,0.0,1.2400000095367432,1.6900005340576172,,,,roll_heavy,0.0,none,,,,Heavy rolling observation change without any large contiguous angular or central deletion. | V3: rolling mismatch uses local surface perturbation + thinning/resampling only; no large contiguous wedge deletion.
S01_F00_left_growth_3.ply,S01,0,left_growth_3,0,933,1,0,left,VISIBLE,0,mask_10_f.ply,5835,0.6249999690055847,0.0,0.6349999690055848,0,1.1899999380111694,1.5900001525878906,,,,clean,0.0,none,,,,left-edge cluster grows toward middle; local old coils may shift slightly
S01_F00_left_growth_3.ply,S01,0,left_growth_3,1,703,1,1,left,VISIBLE,0,mask_12_f.ply,7608,1.8482499051094055,0.0,0.6432499670982361,1.5,1.2064999341964722,1.5600004196166992,,,,clean,0.0,none,,,,left-edge cluster grows toward middle; local old coils may shift slightly
S01_F00_left_growth_3.ply,S01,0,left_growth_3,2,128,1,2,left,VISIBLE,0,mask_14_f.ply,7339,3.096499876976013,0.0,0.6600000047683716,-1.0,1.2400000095367432,1.6900005340576172,,,,clean,0.0,none,,,,left-edge cluster grows toward middle; local old coils may shift slightly
S01_F01_left_growth_4.ply,S01,1,left_growth_4,0,658,1,0,left,VISIBLE,0,mask_10_f.ply,5835,0.6849999690055848,0.0,0.6349999690055848,0,1.1899999380111694,1.5900001525878906,0.06000000000000005,0.0,0.0,clean,0.0,none,,,,left-edge cluster grows toward middle; local old coils may shift slightly
S01_F01_left_growth_4.ply,S01,1,left_growth_4,1,471,1,1,left,VISIBLE,0,mask_12_f.ply,7433,1.9482499051094055,0.0,0.6432499670982361,1.5,1.2064999341964722,1.5600004196166992,0.10000000000000009,0.0,0.0,roll_mild,0.0,none,,,,left-edge cluster grows toward middle; local old coils may shift slightly | V3: rolling mismatch uses local surface perturbation + thinning/resampling only; no large contiguous wedge deletion.
S01_F01_left_growth_4.ply,S01,1,left_growth_4,2,853,1,2,left,VISIBLE,0,mask_14_f.ply,7159,3.2164998769760134,0.0,0.6600000047683716,-1.0,1.2400000095367432,1.6900005340576172,0.12000000000000055,0.0,0.0,roll_mild,0.0,none,,,,left-edge cluster grows toward middle; local old coils may shift slightly | V3: rolling mismatch uses local surface perturbation + thinning/resampling only; no large contiguous wedge deletion.
S01_F01_left_growth_4.ply,S01,1,left_growth_4,3,953,1,3,left,VISIBLE,1,mask_1_f.ply,8255,4.451499795913697,0.0,0.6299999141693116,2.5,1.179999828338623,1.6600008010864258,,,,clean,0.0,none,4.451499795913697,0.0,0.6299999141693116,left-edge cluster grows toward middle; local old coils may shift slightly
S01_F02_left_growth_5.ply,S01,2,left_growth_5,0,500,1,0,left,VISIBLE,0,mask_10_f.ply,5835,0.7049999690055847,0.0,0.6349999690055848,0,1.1899999380111694,1.5900001525878906,0.019999999999999907,0.0,0.0,clean,0.0,none,,,,left-edge cluster grows toward middle; local old coils may shift slightly
S01_F02_left_growth_5.ply,S01,2,left_growth_5,1,943,1,1,left,VISIBLE,0,mask_12_f.ply,7608,1.9882499051094054,0.0,0.6432499670982361,1.5,1.2064999341964722,1.5600004196166992,0.039999999999999813,0.0,0.0,clean,0.0,none,,,,left-edge cluster grows toward middle; local old coils may shift slightly
S01_F02_left_growth_5.ply,S01,2,left_growth_5,2,406,1,2,left,VISIBLE,0,mask_14_f.ply,7111,3.276499876976013,0.0,0.6600000047683716,-1.0,1.2400000095367432,1.6900005340576172,0.05999999999999961,0.0,0.0,roll_mild,0.0,none,,,,left-edge cluster grows toward middle; local old coils may shift slightly | V3: rolling mismatch uses local surface perturbation + thinning/resampling only; no large contiguous wedge deletion.
S01_F02_left_growth_5.ply,S01,2,left_growth_5,3,427,1,3,left,VISIBLE,0,mask_1_f.ply,8114,4.531499795913696,0.0,0.6299999141693116,2.5,1.179999828338623,1.6600008010864258,0.07999999999999918,0.0,0.0,roll_mild,0.0,none,,,,left-edge cluster grows toward middle; local old coils may shift slightly | V3: rolling mismatch uses local surface perturbation + thinning/resampling only; no large contiguous wedge deletion.
S01_F02_left_growth_5.ply,S01,2,left_growth_5,4,389,1,4,left,VISIBLE,1,mask_5_f.ply,8733,5.746499733924866,0.0,0.640000023841858,-2,1.2000000476837158,1.619999885559082,,,,clean,0.0,none,5.746499733924866,0.0,0.640000023841858,left-edge cluster grows toward middle; local old coils may shift slightly
S01_F03_left_growth_6.ply,S01,3,left_growth_6,0,461,1,0,left,VISIBLE,0,mask_10_f.ply,5835,0.7249999690055847,0.0,0.6349999690055848,0,1.1899999380111694,1.5900001525878906,0.020000000000000018,0.0,0.0,clean,0.0,none,,,,left-edge cluster grows toward middle; local old coils may shift slightly
S01_F03_left_growth_6.ply,S01,3,left_growth_6,1,214,1,1,left,VISIBLE,0,mask_12_f.ply,7608,2.0282499051094054,0.0,0.6432499670982361,1.5,1.2064999341964722,1.5600004196166992,0.040000000000000036,0.0,0.0,clean,0.0,none,,,,left-edge cluster grows toward middle; local old coils may shift slightly
S01_F03_left_growth_6.ply,S01,3,left_growth_6,2,280,1,2,left,VISIBLE,0,mask_14_f.ply,7339,3.336499876976013,0.0,0.6600000047683716,-1.0,1.2400000095367432,1.6900005340576172,0.06000000000000005,0.0,0.0,clean,0.0,none,,,,left-edge cluster grows toward middle; local old coils may shift slightly
S01_F03_left_growth_6.ply,S01,3,left_growth_6,3,389,1,3,left,VISIBLE,0,mask_1_f.ply,8051,4.611499795913697,0.0,0.6299999141693116,2.5,1.179999828338623,1.6600008010864258,0.08000000000000096,0.0,0.0,roll_mild,0.0,none,,,,left-edge cluster grows toward middle; local old coils may shift slightly | V3: rolling mismatch uses local surface perturbation + thinning/resampling only; no large contiguous wedge deletion.
S01_F03_left_growth_6.ply,S01,3,left_growth_6,4,538,1,4,left,VISIBLE,0,mask_5_f.ply,8548,5.846499733924866,0.0,0.640000023841858,-2,1.2000000476837158,1.619999885559082,0.10000000000000053,0.0,0.0,roll_mild,0.0,none,,,,left-edge cluster grows toward middle; local old coils may shift slightly | V3: rolling mismatch uses local surface perturbation + thinning/resampling only; no large contiguous wedge deletion.
S01_F03_left_growth_6.ply,S01,3,left_growth_6,5,761,1,5,left,VISIBLE,1,mask_6_f.ply,6518,7.061499731540681,0.0,0.6299999737739563,1,1.1799999475479126,1.619999885559082,,,,clean,0.0,none,7.061499731540681,0.0,0.6299999737739563,left-edge cluster grows toward middle; local old coils may shift slightly
S02_F00_right_growth_3.ply,S02,0,right_growth_3,9,932,1,9,right,VISIBLE,0,mask_10_f.ply,5835,14.375000030994416,0.0,0.6349999690055848,-1,1.1899999380111694,1.5900001525878906,,,,clean,0.0,none,,,,right-edge cluster grows toward middle
S02_F00_right_growth_3.ply,S02,0,right_growth_3,8,837,1,8,right,VISIBLE,0,mask_12_f.ply,7608,13.151750094890595,0.0,0.6432499670982361,3,1.2064999341964722,1.5600004196166992,,,,clean,0.0,none,,,,right-edge cluster grows toward middle
S02_F00_right_growth_3.ply,S02,0,right_growth_3,7,521,1,7,right,VISIBLE,0,mask_14_f.ply,7339,11.903500123023987,0.0,0.6600000047683716,-2,1.2400000095367432,1.6900005340576172,,,,clean,0.0,none,,,,right-edge cluster grows toward middle
S02_F01_right_growth_4.ply,S02,1,right_growth_4,9,387,1,9,right,VISIBLE,0,mask_10_f.ply,5835,14.375000030994416,0.0,0.6349999690055848,-1,1.1899999380111694,1.5900001525878906,0.0,0.0,0.0,clean,0.0,none,,,,right-edge cluster grows toward middle
S02_F01_right_growth_4.ply,S02,1,right_growth_4,8,523,1,8,right,VISIBLE,0,mask_12_f.ply,7401,13.151750094890595,0.0,0.6432499670982361,3,1.2064999341964722,1.5600004196166992,0.0,0.0,0.0,roll_mild,0.0,none,,,,right-edge cluster grows toward middle | V3: rolling mismatch uses local surface perturbation + thinning/resampling only; no large contiguous wedge deletion.
S02_F01_right_growth_4.ply,S02,1,right_growth_4,7,556,1,7,right,VISIBLE,0,mask_14_f.ply,7166,11.903500123023987,0.0,0.6600000047683716,-2,1.2400000095367432,1.6900005340576172,0.0,0.0,0.0,roll_mild,0.0,none,,,,right-edge cluster grows toward middle | V3: rolling mismatch uses local surface perturbation + thinning/resampling only; no large contiguous wedge deletion.
S02_F01_right_growth_4.ply,S02,1,right_growth_4,6,158,1,6,right,VISIBLE,1,mask_1_f.ply,8255,10.668500204086303,0.0,0.6299999141693116,1,1.179999828338623,1.6600008010864258,,,,clean,0.0,none,10.668500204086303,0.0,0.6299999141693116,right-edge cluster grows toward middle
S02_F02_right_growth_5.ply,S02,2,right_growth_5,9,979,1,9,right,VISIBLE,0,mask_10_f.ply,5835,14.375000030994416,0.0,0.6349999690055848,-1,1.1899999380111694,1.5900001525878906,0.0,0.0,0.0,clean,0.0,none,,,,right-edge cluster grows toward middle
S02_F02_right_growth_5.ply,S02,2,right_growth_5,8,526,1,8,right,VISIBLE,0,mask_12_f.ply,7608,13.151750094890595,0.0,0.6432499670982361,3,1.2064999341964722,1.5600004196166992,0.0,0.0,0.0,clean,0.0,none,,,,right-edge cluster grows toward middle
S02_F02_right_growth_5.ply,S02,2,right_growth_5,7,200,1,7,right,VISIBLE,0,mask_14_f.ply,7168,11.903500123023987,0.0,0.6600000047683716,-2,1.2400000095367432,1.6900005340576172,0.0,0.0,0.0,roll_mild,0.0,none,,,,right-edge cluster grows toward middle | V3: rolling mismatch uses local surface perturbation + thinning/resampling only; no large contiguous wedge deletion.
S02_F02_right_growth_5.ply,S02,2,right_growth_5,6,694,1,6,right,VISIBLE,0,mask_1_f.ply,8092,10.668500204086303,0.0,0.6299999141693116,1,1.179999828338623,1.6600008010864258,0.0,0.0,0.0,roll_mild,0.0,none,,,,right-edge cluster grows toward middle | V3: rolling mismatch uses local surface perturbation + thinning/resampling only; no large contiguous wedge deletion.
S02_F02_right_growth_5.ply,S02,2,right_growth_5,5,131,1,5,right,VISIBLE,1,mask_5_f.ply,8733,9.453500266075133,0.0,0.640000023841858,-3,1.2000000476837158,1.619999885559082,,,,clean,0.0,none,9.453500266075133,0.0,0.640000023841858,right-edge cluster grows toward middle
S03_F00_two_sides_4.ply,S03,0,two_sides_4,0,732,1,0,left,VISIBLE,0,mask_10_f.ply,5835,0.6249999690055847,0.0,0.6349999690055848,-2.0999999999999996,1.1899999380111694,1.5900001525878906,,,,clean,0.0,none,,,,two edge clusters with a normal large middle free region
S03_F00_two_sides_4.ply,S03,0,two_sides_4,1,309,1,1,left,VISIBLE,0,mask_12_f.ply,7608,1.8482499051094055,0.0,0.6432499670982361,-0.7,1.2064999341964722,1.5600004196166992,,,,clean,0.0,none,,,,two edge clusters with a normal large middle free region
S03_F00_two_sides_4.ply,S03,0,two_sides_4,8,694,1,8,right,VISIBLE,0,mask_7_f.ply,7117,13.113249607086182,0.0,0.681750454902649,-2.0999999999999996,1.2835009098052979,1.5699987411499023,,,,clean,0.0,none,,,,two edge clusters with a normal large middle free region
S03_F00_two_sides_4.ply,S03,0,two_sides_4,9,969,1,9,right,VISIBLE,0,mask_10_f.ply,5835,14.375000030994416,0.0,0.6349999690055848,-0.7,1.1899999380111694,1.5900001525878906,,,,clean,0.0,none,,,,two edge clusters with a normal large middle free region
S03_F01_two_sides_5.ply,S03,1,two_sides_5,0,397,1,0,left,VISIBLE,0,mask_10_f.ply,5835,0.6249999690055847,0.0,0.6349999690055848,-2.0999999999999996,1.1899999380111694,1.5900001525878906,0.0,0.0,0.0,clean,0.0,none,,,,two edge clusters with a normal large middle free region
S03_F01_two_sides_5.ply,S03,1,two_sides_5,1,590,1,1,left,VISIBLE,0,mask_12_f.ply,7441,1.8482499051094055,0.0,0.6432499670982361,-0.7,1.2064999341964722,1.5600004196166992,0.0,0.0,0.0,roll_mild,0.0,none,,,,two edge clusters with a normal large middle free region | V3: rolling mismatch uses local surface perturbation + thinning/resampling only; no large contiguous wedge deletion.
S03_F01_two_sides_5.ply,S03,1,two_sides_5,2,424,1,2,left,VISIBLE,1,mask_14_f.ply,7339,3.096499876976013,0.0,0.6600000047683716,0.7,1.2400000095367432,1.6900005340576172,,,,clean,0.0,none,3.096499876976013,0.0,0.6600000047683716,two edge clusters with a normal large middle free region
S03_F01_two_sides_5.ply,S03,1,two_sides_5,8,947,1,8,right,VISIBLE,0,mask_7_f.ply,6921,13.113249607086182,0.0,0.681750454902649,-2.0999999999999996,1.2835009098052979,1.5699987411499023,0.0,0.0,0.0,roll_mild,0.0,none,,,,two edge clusters with a normal large middle free region | V3: rolling mismatch uses local surface perturbation + thinning/resampling only; no large contiguous wedge deletion.
S03_F01_two_sides_5.ply,S03,1,two_sides_5,9,465,1,9,right,VISIBLE,0,mask_10_f.ply,5835,14.375000030994416,0.0,0.6349999690055848,-0.7,1.1899999380111694,1.5900001525878906,0.0,0.0,0.0,clean,0.0,none,,,,two edge clusters with a normal large middle free region
S03_F02_two_sides_6.ply,S03,2,two_sides_6,0,469,1,0,left,VISIBLE,0,mask_10_f.ply,5835,0.6249999690055847,0.0,0.6349999690055848,-2.0999999999999996,1.1899999380111694,1.5900001525878906,0.0,0.0,0.0,clean,0.0,none,,,,two edge clusters with a normal large middle free region
S03_F02_two_sides_6.ply,S03,2,two_sides_6,1,374,1,1,left,VISIBLE,0,mask_12_f.ply,7418,1.8482499051094055,0.0,0.6432499670982361,-0.7,1.2064999341964722,1.5600004196166992,0.0,0.0,0.0,roll_mild,0.0,none,,,,two edge clusters with a normal large middle free region | V3: rolling mismatch uses local surface perturbation + thinning/resampling only; no large contiguous wedge deletion.
S03_F02_two_sides_6.ply,S03,2,two_sides_6,2,332,1,2,left,VISIBLE,0,mask_14_f.ply,7150,3.096499876976013,0.0,0.6600000047683716,0.7,1.2400000095367432,1.6900005340576172,0.0,0.0,0.0,roll_mild,0.0,none,,,,two edge clusters with a normal large middle free region | V3: rolling mismatch uses local surface perturbation + thinning/resampling only; no large contiguous wedge deletion.
S03_F02_two_sides_6.ply,S03,2,two_sides_6,7,793,1,7,right,VISIBLE,1,mask_6_f.ply,6518,11.856499178409576,0.0,0.6299999737739563,2.0999999999999996,1.1799999475479126,1.619999885559082,,,,clean,0.0,none,11.856499178409576,0.0,0.6299999737739563,two edge clusters with a normal large middle free region
S03_F02_two_sides_6.ply,S03,2,two_sides_6,8,438,1,8,right,VISIBLE,0,mask_7_f.ply,6947,13.113249607086182,0.0,0.681750454902649,-2.0999999999999996,1.2835009098052979,1.5699987411499023,0.0,0.0,0.0,roll_mild,0.0,none,,,,two edge clusters with a normal large middle free region | V3: rolling mismatch uses local surface perturbation + thinning/resampling only; no large contiguous wedge deletion.
S03_F02_two_sides_6.ply,S03,2,two_sides_6,9,522,1,9,right,VISIBLE,0,mask_10_f.ply,5835,14.375000030994416,0.0,0.6349999690055848,-0.7,1.1899999380111694,1.5900001525878906,0.0,0.0,0.0,clean,0.0,none,,,,two edge clusters with a normal large middle free region
S03_F03_two_sides_7.ply,S03,3,two_sides_7,0,442,1,0,left,VISIBLE,0,mask_10_f.ply,5835,0.6249999690055847,0.0,0.6349999690055848,-2.0999999999999996,1.1899999380111694,1.5900001525878906,0.0,0.0,0.0,clean,0.0,none,,,,two edge clusters with a normal large middle free region
S03_F03_two_sides_7.ply,S03,3,two_sides_7,1,669,1,1,left,VISIBLE,0,mask_12_f.ply,7429,1.8482499051094055,0.0,0.6432499670982361,-0.7,1.2064999341964722,1.5600004196166992,0.0,0.0,0.0,roll_mild,0.0,none,,,,two edge clusters with a normal large middle free region | V3: rolling mismatch uses local surface perturbation + thinning/resampling only; no large contiguous wedge deletion.
S03_F03_two_sides_7.ply,S03,3,two_sides_7,2,285,1,2,left,VISIBLE,0,mask_14_f.ply,7165,3.096499876976013,0.0,0.6600000047683716,0.7,1.2400000095367432,1.6900005340576172,0.0,0.0,0.0,roll_mild,0.0,none,,,,two edge clusters with a normal large middle free region | V3: rolling mismatch uses local surface perturbation + thinning/resampling only; no large contiguous wedge deletion.
S03_F03_two_sides_7.ply,S03,3,two_sides_7,3,238,1,3,left,VISIBLE,1,mask_1_f.ply,8255,4.331499795913697,0.0,0.6299999141693116,2.0999999999999996,1.179999828338623,1.6600008010864258,,,,clean,0.0,none,4.331499795913697,0.0,0.6299999141693116,two edge clusters with a normal large middle free region
S03_F03_two_sides_7.ply,S03,3,two_sides_7,7,704,1,7,right,VISIBLE,0,mask_6_f.ply,6322,11.856499178409576,0.0,0.6299999737739563,2.0999999999999996,1.1799999475479126,1.619999885559082,0.0,0.0,0.0,roll_mild,0.0,none,,,,two edge clusters with a normal large middle free region | V3: rolling mismatch uses local surface perturbation + thinning/resampling only; no large contiguous wedge deletion.
S03_F03_two_sides_7.ply,S03,3,two_sides_7,8,156,1,8,right,VISIBLE,0,mask_7_f.ply,6956,13.113249607086182,0.0,0.681750454902649,-2.0999999999999996,1.2835009098052979,1.5699987411499023,0.0,0.0,0.0,roll_mild,0.0,none,,,,two edge clusters with a normal large middle free region | V3: rolling mismatch uses local surface perturbation + thinning/resampling only; no large contiguous wedge deletion.
S03_F03_two_sides_7.ply,S03,3,two_sides_7,9,887,1,9,right,VISIBLE,0,mask_10_f.ply,5835,14.375000030994416,0.0,0.6349999690055848,-0.7,1.1899999380111694,1.5900001525878906,0.0,0.0,0.0,clean,0.0,none,,,,two edge clusters with a normal large middle free region
S03_F04_two_sides_8.ply,S03,4,two_sides_8,0,179,1,0,left,VISIBLE,0,mask_10_f.ply,5835,0.6249999690055847,0.0,0.6349999690055848,-2.0999999999999996,1.1899999380111694,1.5900001525878906,0.0,0.0,0.0,clean,0.0,none,,,,two edge clusters with a normal large middle free region
S03_F04_two_sides_8.ply,S03,4,two_sides_8,1,393,1,1,left,VISIBLE,0,mask_12_f.ply,7415,1.8482499051094055,0.0,0.6432499670982361,-0.7,1.2064999341964722,1.5600004196166992,0.0,0.0,0.0,roll_mild,0.0,none,,,,two edge clusters with a normal large middle free region | V3: rolling mismatch uses local surface perturbation + thinning/resampling only; no large contiguous wedge deletion.
S03_F04_two_sides_8.ply,S03,4,two_sides_8,2,450,1,2,left,VISIBLE,0,mask_14_f.ply,7152,3.096499876976013,0.0,0.6600000047683716,0.7,1.2400000095367432,1.6900005340576172,0.0,0.0,0.0,roll_mild,0.0,none,,,,two edge clusters with a normal large middle free region | V3: rolling mismatch uses local surface perturbation + thinning/resampling only; no large contiguous wedge deletion.
S03_F04_two_sides_8.ply,S03,4,two_sides_8,3,543,1,3,left,VISIBLE,0,mask_1_f.ply,8071,4.331499795913697,0.0,0.6299999141693116,2.0999999999999996,1.179999828338623,1.6600008010864258,0.0,0.0,0.0,roll_mild,0.0,none,,,,two edge clusters with a normal large middle free region | V3: rolling mismatch uses local surface perturbation + thinning/resampling only; no large contiguous wedge deletion.
S03_F04_two_sides_8.ply,S03,4,two_sides_8,6,653,1,6,right,VISIBLE,1,mask_5_f.ply,8733,10.641499180793762,0.0,0.640000023841858,0.7,1.2000000476837158,1.619999885559082,,,,clean,0.0,none,10.641499180793762,0.0,0.640000023841858,two edge clusters with a normal large middle free region
S03_F04_two_sides_8.ply,S03,4,two_sides_8,7,835,1,7,right,VISIBLE,0,mask_6_f.ply,6285,11.856499178409576,0.0,0.6299999737739563,2.0999999999999996,1.1799999475479126,1.619999885559082,0.0,0.0,0.0,roll_mild,0.0,none,,,,two edge clusters with a normal large middle free region | V3: rolling mismatch uses local surface perturbation + thinning/resampling only; no large contiguous wedge deletion.
S03_F04_two_sides_8.ply,S03,4,two_sides_8,8,233,1,8,right,VISIBLE,0,mask_7_f.ply,6928,13.113249607086182,0.0,0.681750454902649,-2.0999999999999996,1.2835009098052979,1.5699987411499023,0.0,0.0,0.0,roll_mild,0.0,none,,,,two edge clusters with a normal large middle free region | V3: rolling mismatch uses local surface perturbation + thinning/resampling only; no large contiguous wedge deletion.
S03_F04_two_sides_8.ply,S03,4,two_sides_8,9,260,1,9,right,VISIBLE,0,mask_10_f.ply,5835,14.375000030994416,0.0,0.6349999690055848,-0.7,1.1899999380111694,1.5900001525878906,0.0,0.0,0.0,clean,0.0,none,,,,two edge clusters with a normal large middle free region
S04_F00_internal_gap_02cm.ply,S04,0,internal_gap_02cm,0,446,1,0,left,VISIBLE,0,mask_10_f.ply,5835,0.6249999690055847,0.0,0.6349999690055848,0,1.1899999380111694,1.5900001525878906,,,,clean,0.0,none,,,,controlled internal cluster gap between slot2-slot3 = 0.025m
S04_F00_internal_gap_02cm.ply,S04,0,internal_gap_02cm,1,877,1,1,left,VISIBLE,0,mask_12_f.ply,7608,1.8482499051094055,0.0,0.6432499670982361,0,1.2064999341964722,1.5600004196166992,,,,clean,0.0,none,,,,controlled internal cluster gap between slot2-slot3 = 0.025m
S04_F00_internal_gap_02cm.ply,S04,0,internal_gap_02cm,2,723,1,2,left,VISIBLE,0,mask_14_f.ply,7339,3.096499876976013,0.0,0.6600000047683716,0,1.2400000095367432,1.6900005340576172,,,,clean,0.0,none,,,,controlled internal cluster gap between slot2-slot3 = 0.025m
S04_F00_internal_gap_02cm.ply,S04,0,internal_gap_02cm,3,971,1,3,left,VISIBLE,0,mask_1_f.ply,8255,4.331499795913697,0.0,0.6299999141693116,0,1.179999828338623,1.6600008010864258,,,,clean,0.0,none,,,,controlled internal cluster gap between slot2-slot3 = 0.025m
S04_F00_internal_gap_02cm.ply,S04,0,internal_gap_02cm,4,439,1,4,left,VISIBLE,0,mask_5_f.ply,8733,5.5464997339248665,0.0,0.640000023841858,0,1.2000000476837158,1.619999885559082,,,,clean,0.0,none,,,,controlled internal cluster gap between slot2-slot3 = 0.025m
S04_F01_internal_gap_10cm.ply,S04,1,internal_gap_10cm,0,239,1,0,left,VISIBLE,0,mask_10_f.ply,5835,0.6249999690055847,0.0,0.6349999690055848,0,1.1899999380111694,1.5900001525878906,,,,clean,0.0,none,,,,controlled internal cluster gap between slot2-slot3 = 0.100m
S04_F01_internal_gap_10cm.ply,S04,1,internal_gap_10cm,1,912,1,1,left,VISIBLE,0,mask_12_f.ply,7608,1.8482499051094055,0.0,0.6432499670982361,0,1.2064999341964722,1.5600004196166992,,,,clean,0.0,none,,,,controlled internal cluster gap between slot2-slot3 = 0.100m
S04_F01_internal_gap_10cm.ply,S04,1,internal_gap_10cm,2,741,1,2,left,VISIBLE,0,mask_14_f.ply,7339,3.096499876976013,0.0,0.6600000047683716,0,1.2400000095367432,1.6900005340576172,,,,clean,0.0,none,,,,controlled internal cluster gap between slot2-slot3 = 0.100m
S04_F01_internal_gap_10cm.ply,S04,1,internal_gap_10cm,3,788,1,3,left,VISIBLE,0,mask_1_f.ply,8255,4.406499795913696,0.0,0.6299999141693116,0,1.179999828338623,1.6600008010864258,,,,clean,0.0,none,,,,controlled internal cluster gap between slot2-slot3 = 0.100m
S04_F01_internal_gap_10cm.ply,S04,1,internal_gap_10cm,4,589,1,4,left,VISIBLE,0,mask_5_f.ply,8733,5.621499733924866,0.0,0.640000023841858,0,1.2000000476837158,1.619999885559082,,,,clean,0.0,none,,,,controlled internal cluster gap between slot2-slot3 = 0.100m
S04_F02_internal_gap_28cm.ply,S04,2,internal_gap_28cm,0,210,1,0,left,VISIBLE,0,mask_10_f.ply,5835,0.6249999690055847,0.0,0.6349999690055848,0,1.1899999380111694,1.5900001525878906,,,,clean,0.0,none,,,,controlled internal cluster gap between slot2-slot3 = 0.280m
S04_F02_internal_gap_28cm.ply,S04,2,internal_gap_28cm,1,725,1,1,left,VISIBLE,0,mask_12_f.ply,7608,1.8482499051094055,0.0,0.6432499670982361,0,1.2064999341964722,1.5600004196166992,,,,clean,0.0,none,,,,controlled internal cluster gap between slot2-slot3 = 0.280m
S04_F02_internal_gap_28cm.ply,S04,2,internal_gap_28cm,2,145,1,2,left,VISIBLE,0,mask_14_f.ply,7339,3.096499876976013,0.0,0.6600000047683716,0,1.2400000095367432,1.6900005340576172,,,,clean,0.0,none,,,,controlled internal cluster gap between slot2-slot3 = 0.280m
S04_F02_internal_gap_28cm.ply,S04,2,internal_gap_28cm,3,733,1,3,left,VISIBLE,0,mask_1_f.ply,8255,4.586499795913697,0.0,0.6299999141693116,0,1.179999828338623,1.6600008010864258,,,,clean,0.0,none,,,,controlled internal cluster gap between slot2-slot3 = 0.280m
S04_F02_internal_gap_28cm.ply,S04,2,internal_gap_28cm,4,622,1,4,left,VISIBLE,0,mask_5_f.ply,8733,5.801499733924866,0.0,0.640000023841858,0,1.2000000476837158,1.619999885559082,,,,clean,0.0,none,,,,controlled internal cluster gap between slot2-slot3 = 0.280m
S04_F03_internal_gap_45cm.ply,S04,3,internal_gap_45cm,0,319,1,0,left,VISIBLE,0,mask_10_f.ply,5835,0.6249999690055847,0.0,0.6349999690055848,0,1.1899999380111694,1.5900001525878906,,,,clean,0.0,none,,,,controlled internal cluster gap between slot2-slot3 = 0.450m
S04_F03_internal_gap_45cm.ply,S04,3,internal_gap_45cm,1,800,1,1,left,VISIBLE,0,mask_12_f.ply,7608,1.8482499051094055,0.0,0.6432499670982361,0,1.2064999341964722,1.5600004196166992,,,,clean,0.0,none,,,,controlled internal cluster gap between slot2-slot3 = 0.450m
S04_F03_internal_gap_45cm.ply,S04,3,internal_gap_45cm,2,864,1,2,left,VISIBLE,0,mask_14_f.ply,7339,3.096499876976013,0.0,0.6600000047683716,0,1.2400000095367432,1.6900005340576172,,,,clean,0.0,none,,,,controlled internal cluster gap between slot2-slot3 = 0.450m
S04_F03_internal_gap_45cm.ply,S04,3,internal_gap_45cm,3,662,1,3,left,VISIBLE,0,mask_1_f.ply,8255,4.7564997959136965,0.0,0.6299999141693116,0,1.179999828338623,1.6600008010864258,,,,clean,0.0,none,,,,controlled internal cluster gap between slot2-slot3 = 0.450m
S04_F03_internal_gap_45cm.ply,S04,3,internal_gap_45cm,4,798,1,4,left,VISIBLE,0,mask_5_f.ply,8733,5.971499733924866,0.0,0.640000023841858,0,1.2000000476837158,1.619999885559082,,,,clean,0.0,none,,,,controlled internal cluster gap between slot2-slot3 = 0.450m
S05_F00_yaw_motion_0.ply,S05,0,yaw_motion_0,0,827,1,0,left,VISIBLE,0,mask_10_f.ply,5835,0.6249999690055847,0.0,0.6349999690055848,0,1.1899999380111694,1.5900001525878906,,,,clean,0.0,none,,,,explicit yaw around Z plus primarily-X movement; observation roll mismatch is separate
S05_F00_yaw_motion_0.ply,S05,0,yaw_motion_0,1,400,1,1,left,VISIBLE,0,mask_12_f.ply,7608,1.8482499051094055,-0.0,0.6432499670982361,0,1.2064999341964722,1.5600004196166992,,,,clean,0.0,none,,,,explicit yaw around Z plus primarily-X movement; observation roll mismatch is separate
S05_F00_yaw_motion_0.ply,S05,0,yaw_motion_0,2,104,1,2,left,VISIBLE,0,mask_14_f.ply,7339,3.096499876976013,0.0,0.6600000047683716,0,1.2400000095367432,1.6900005340576172,,,,clean,0.0,none,,,,explicit yaw around Z plus primarily-X movement; observation roll mismatch is separate
S05_F00_yaw_motion_0.ply,S05,0,yaw_motion_0,3,468,1,3,left,VISIBLE,0,mask_1_f.ply,8255,4.331499795913697,-0.0,0.6299999141693116,0,1.179999828338623,1.6600008010864258,,,,clean,0.0,none,,,,explicit yaw around Z plus primarily-X movement; observation roll mismatch is separate
S05_F00_yaw_motion_0.ply,S05,0,yaw_motion_0,4,530,1,4,left,VISIBLE,0,mask_5_f.ply,8733,5.5464997339248665,0.0,0.640000023841858,0,1.2000000476837158,1.619999885559082,,,,clean,0.0,none,,,,explicit yaw around Z plus primarily-X movement; observation roll mismatch is separate
S05_F00_yaw_motion_0.ply,S05,0,yaw_motion_0,5,903,1,5,left,VISIBLE,0,mask_6_f.ply,6518,6.761499731540681,-0.0,0.6299999737739563,0,1.1799999475479126,1.619999885559082,,,,clean,0.0,none,,,,explicit yaw around Z plus primarily-X movement; observation roll mismatch is separate
S05_F01_yaw_motion_1.ply,S05,1,yaw_motion_1,0,712,1,0,left,VISIBLE,0,mask_10_f.ply,5683,0.6399999690055848,0.015,0.6349999690055848,0.0,1.1899999380111694,1.5900001525878906,0.015000000000000013,0.015,0.0,roll_mild,0.0,none,,,,explicit yaw around Z plus primarily-X movement; observation roll mismatch is separate | V3: rolling mismatch uses local surface perturbation + thinning/resampling only; no large contiguous wedge deletion.
S05_F01_yaw_motion_1.ply,S05,1,yaw_motion_1,1,125,1,1,left,VISIBLE,0,mask_12_f.ply,7438,1.8632499051094054,-0.01,0.6432499670982361,0.6666666666666666,1.2064999341964722,1.5600004196166992,0.014999999999999902,-0.01,0.0,roll_mild,0.0,none,,,,explicit yaw around Z plus primarily-X movement; observation roll mismatch is separate | V3: rolling mismatch uses local surface perturbation + thinning/resampling only; no large contiguous wedge deletion.
S05_F01_yaw_motion_1.ply,S05,1,yaw_motion_1,2,706,1,2,left,VISIBLE,0,mask_14_f.ply,7170,3.111499876976013,0.015,0.6600000047683716,-1.0,1.2400000095367432,1.6900005340576172,0.015000000000000124,0.015,0.0,roll_mild,0.0,none,,,,explicit yaw around Z plus primarily-X movement; observation roll mismatch is separate | V3: rolling mismatch uses local surface perturbation + thinning/resampling only; no large contiguous wedge deletion.
S05_F01_yaw_motion_1.ply,S05,1,yaw_motion_1,3,143,1,3,left,VISIBLE,0,mask_1_f.ply,8047,4.371499795913697,-0.01,0.6299999141693116,1.6666666666666665,1.179999828338623,1.6600008010864258,0.040000000000000036,-0.01,0.0,roll_mild,0.0,none,,,,explicit yaw around Z plus primarily-X movement; observation roll mismatch is separate | V3: rolling mismatch uses local surface perturbation + thinning/resampling only; no large contiguous wedge deletion.
S05_F01_yaw_motion_1.ply,S05,1,yaw_motion_1,4,372,1,4,left,VISIBLE,0,mask_5_f.ply,8530,5.5864997339248665,0.015,0.640000023841858,-1.3333333333333333,1.2000000476837158,1.619999885559082,0.040000000000000036,0.015,0.0,roll_mild,0.0,none,,,,explicit yaw around Z plus primarily-X movement; observation roll mismatch is separate | V3: rolling mismatch uses local surface perturbation + thinning/resampling only; no large contiguous wedge deletion.
S05_F01_yaw_motion_1.ply,S05,1,yaw_motion_1,5,545,1,5,left,VISIBLE,0,mask_6_f.ply,6382,6.801499731540681,-0.01,0.6299999737739563,1.0,1.1799999475479126,1.619999885559082,0.040000000000000036,-0.01,0.0,roll_mild,0.0,none,,,,explicit yaw around Z plus primarily-X movement; observation roll mismatch is separate | V3: rolling mismatch uses local surface perturbation + thinning/resampling only; no large contiguous wedge deletion.
S05_F02_yaw_motion_2.ply,S05,2,yaw_motion_2,0,510,1,0,left,VISIBLE,0,mask_10_f.ply,5685,0.6549999690055848,0.03,0.6349999690055848,0.0,1.1899999380111694,1.5900001525878906,,,,roll_mild,0.0,none,,,,explicit yaw around Z plus primarily-X movement; observation roll mismatch is separate | V3: rolling mismatch uses local surface perturbation + thinning/resampling only; no large contiguous wedge deletion.
S05_F02_yaw_motion_2.ply,S05,2,yaw_motion_2,1,450,1,1,left,VISIBLE,0,mask_12_f.ply,7425,1.8782499051094055,-0.02,0.6432499670982361,1.3333333333333333,1.2064999341964722,1.5600004196166992,,,,roll_mild,0.0,none,,,,explicit yaw around Z plus primarily-X movement; observation roll mismatch is separate | V3: rolling mismatch uses local surface perturbation + thinning/resampling only; no large contiguous wedge deletion.
S05_F02_yaw_motion_2.ply,S05,2,yaw_motion_2,2,720,1,2,left,VISIBLE,0,mask_14_f.ply,7177,3.1264998769760126,0.03,0.6600000047683716,-2.0,1.2400000095367432,1.6900005340576172,,,,roll_mild,0.0,none,,,,explicit yaw around Z plus primarily-X movement; observation roll mismatch is separate | V3: rolling mismatch uses local surface perturbation + thinning/resampling only; no large contiguous wedge deletion.
S05_F02_yaw_motion_2.ply,S05,2,yaw_motion_2,3,110,1,3,left,VISIBLE,0,mask_1_f.ply,7254,4.411499795913697,-0.02,0.6299999141693116,3.333333333333333,1.179999828338623,1.6600008010864258,,,,roll_heavy,0.0,none,,,,explicit yaw around Z plus primarily-X movement; observation roll mismatch is separate | V3: rolling mismatch uses local surface perturbation + thinning/resampling only; no large contiguous wedge deletion.
S05_F02_yaw_motion_2.ply,S05,2,yaw_motion_2,4,337,1,4,left,VISIBLE,0,mask_5_f.ply,7604,5.626499733924867,0.03,0.640000023841858,-2.6666666666666665,1.2000000476837158,1.619999885559082,,,,roll_heavy,0.0,none,,,,explicit yaw around Z plus primarily-X movement; observation roll mismatch is separate | V3: rolling mismatch uses local surface perturbation + thinning/resampling only; no large contiguous wedge deletion.
S05_F02_yaw_motion_2.ply,S05,2,yaw_motion_2,5,801,1,5,left,VISIBLE,0,mask_6_f.ply,6364,6.841499731540681,-0.02,0.6299999737739563,2.0,1.1799999475479126,1.619999885559082,,,,roll_mild,0.0,none,,,,explicit yaw around Z plus primarily-X movement; observation roll mismatch is separate | V3: rolling mismatch uses local surface perturbation + thinning/resampling only; no large contiguous wedge deletion.
S05_F03_yaw_motion_3.ply,S05,3,yaw_motion_3,0,526,1,0,left,VISIBLE,0,mask_10_f.ply,5687,0.6699999690055848,0.045,0.6349999690055848,0.0,1.1899999380111694,1.5900001525878906,,,,roll_mild,0.0,none,,,,explicit yaw around Z plus primarily-X movement; observation roll mismatch is separate | V3: rolling mismatch uses local surface perturbation + thinning/resampling only; no large contiguous wedge deletion.
S05_F03_yaw_motion_3.ply,S05,3,yaw_motion_3,1,883,1,1,left,VISIBLE,0,mask_12_f.ply,7389,1.8932499051094054,-0.03,0.6432499670982361,2.0,1.2064999341964722,1.5600004196166992,,,,roll_mild,0.0,none,,,,explicit yaw around Z plus primarily-X movement; observation roll mismatch is separate | V3: rolling mismatch uses local surface perturbation + thinning/resampling only; no large contiguous wedge deletion.
S05_F03_yaw_motion_3.ply,S05,3,yaw_motion_3,2,245,1,2,left,VISIBLE,0,mask_14_f.ply,7163,3.1414998769760127,0.045,0.6600000047683716,-3.0,1.2400000095367432,1.6900005340576172,,,,roll_mild,0.0,none,,,,explicit yaw around Z plus primarily-X movement; observation roll mismatch is separate | V3: rolling mismatch uses local surface perturbation + thinning/resampling only; no large contiguous wedge deletion.
S05_F03_yaw_motion_3.ply,S05,3,yaw_motion_3,3,693,1,3,left,VISIBLE,0,mask_1_f.ply,7114,4.451499795913697,-0.03,0.6299999141693116,5.0,1.179999828338623,1.6600008010864258,,,,roll_heavy,0.0,none,,,,explicit yaw around Z plus primarily-X movement; observation roll mismatch is separate | V3: rolling mismatch uses local surface perturbation + thinning/resampling only; no large contiguous wedge deletion.
S05_F03_yaw_motion_3.ply,S05,3,yaw_motion_3,4,132,1,4,left,VISIBLE,0,mask_5_f.ply,7572,5.666499733924867,0.045,0.640000023841858,-4.0,1.2000000476837158,1.619999885559082,,,,roll_heavy,0.0,none,,,,explicit yaw around Z plus primarily-X movement; observation roll mismatch is separate | V3: rolling mismatch uses local surface perturbation + thinning/resampling only; no large contiguous wedge deletion.
S05_F03_yaw_motion_3.ply,S05,3,yaw_motion_3,5,253,1,5,left,VISIBLE,0,mask_6_f.ply,6333,6.881499731540681,-0.03,0.6299999737739563,3.0,1.1799999475479126,1.619999885559082,,,,roll_mild,0.0,none,,,,explicit yaw around Z plus primarily-X movement; observation roll mismatch is separate | V3: rolling mismatch uses local surface perturbation + thinning/resampling only; no large contiguous wedge deletion.
S06_F00_all_visible.ply,S06,0,all_visible,0,196,1,0,left,VISIBLE,0,mask_10_f.ply,5835,0.6249999690055847,0.0,0.6349999690055848,0,1.1899999380111694,1.5900001525878906,,,,clean,0,none,,,,ID2 missing/partial must be interpreted using sequence semantics; occluded IDs keep global identity
S06_F00_all_visible.ply,S06,0,all_visible,1,575,1,1,left,VISIBLE,0,mask_12_f.ply,7608,1.8482499051094055,0.0,0.6432499670982361,0,1.2064999341964722,1.5600004196166992,,,,clean,0,none,,,,ID2 missing/partial must be interpreted using sequence semantics; occluded IDs keep global identity
S06_F00_all_visible.ply,S06,0,all_visible,2,448,1,2,left,VISIBLE,0,mask_14_f.ply,7339,3.096499876976013,0.0,0.6600000047683716,0,1.2400000095367432,1.6900005340576172,,,,clean,0,none,,,,ID2 missing/partial must be interpreted using sequence semantics; occluded IDs keep global identity
S06_F00_all_visible.ply,S06,0,all_visible,3,648,1,3,left,VISIBLE,0,mask_1_f.ply,8255,4.331499795913697,0.0,0.6299999141693116,0,1.179999828338623,1.6600008010864258,,,,clean,0,none,,,,ID2 missing/partial must be interpreted using sequence semantics; occluded IDs keep global identity
S06_F00_all_visible.ply,S06,0,all_visible,4,357,1,4,left,VISIBLE,0,mask_5_f.ply,8733,5.5464997339248665,0.0,0.640000023841858,0,1.2000000476837158,1.619999885559082,,,,clean,0,none,,,,ID2 missing/partial must be interpreted using sequence semantics; occluded IDs keep global identity
S06_F00_all_visible.ply,S06,0,all_visible,5,857,1,5,left,VISIBLE,0,mask_6_f.ply,6518,6.761499731540681,0.0,0.6299999737739563,0,1.1799999475479126,1.619999885559082,,,,clean,0,none,,,,ID2 missing/partial must be interpreted using sequence semantics; occluded IDs keep global identity
S06_F01_id2_partial.ply,S06,1,id2_partial,0,238,1,0,left,VISIBLE,0,mask_10_f.ply,5835,0.6249999690055847,0.0,0.6349999690055848,0,1.1899999380111694,1.5900001525878906,,,,clean,0,none,,,,ID2 missing/partial must be interpreted using sequence semantics; occluded IDs keep global identity
S06_F01_id2_partial.ply,S06,1,id2_partial,1,632,1,1,left,VISIBLE,0,mask_12_f.ply,7608,1.8482499051094055,0.0,0.6432499670982361,0,1.2064999341964722,1.5600004196166992,,,,clean,0,none,,,,ID2 missing/partial must be interpreted using sequence semantics; occluded IDs keep global identity
S06_F01_id2_partial.ply,S06,1,id2_partial,2,826,1,2,left,PARTIAL_VISIBLE,0,mask_14_f.ply,4654,3.096499876976013,0.0,0.6600000047683716,0,1.2400000095367432,1.6900005340576172,,,,partial,0.5,both,,,,ID2 missing/partial must be interpreted using sequence semantics; occluded IDs keep global identity | V3: edge occlusion side=both; central band preserved.
S06_F01_id2_partial.ply,S06,1,id2_partial,3,664,1,3,left,VISIBLE,0,mask_1_f.ply,8255,4.331499795913697,0.0,0.6299999141693116,0,1.179999828338623,1.6600008010864258,,,,clean,0,none,,,,ID2 missing/partial must be interpreted using sequence semantics; occluded IDs keep global identity
S06_F01_id2_partial.ply,S06,1,id2_partial,4,616,1,4,left,VISIBLE,0,mask_5_f.ply,8733,5.5464997339248665,0.0,0.640000023841858,0,1.2000000476837158,1.619999885559082,,,,clean,0,none,,,,ID2 missing/partial must be interpreted using sequence semantics; occluded IDs keep global identity
S06_F01_id2_partial.ply,S06,1,id2_partial,5,320,1,5,left,VISIBLE,0,mask_6_f.ply,6518,6.761499731540681,0.0,0.6299999737739563,0,1.1799999475479126,1.619999885559082,,,,clean,0,none,,,,ID2 missing/partial must be interpreted using sequence semantics; occluded IDs keep global identity
S06_F02_id2_occluded.ply,S06,2,id2_occluded,0,910,1,0,left,VISIBLE,0,mask_10_f.ply,5835,0.6249999690055847,0.0,0.6349999690055848,0,1.1899999380111694,1.5900001525878906,,,,clean,0,none,,,,ID2 missing/partial must be interpreted using sequence semantics; occluded IDs keep global identity
S06_F02_id2_occluded.ply,S06,2,id2_occluded,1,823,1,1,left,VISIBLE,0,mask_12_f.ply,7608,1.8482499051094055,0.0,0.6432499670982361,0,1.2064999341964722,1.5600004196166992,,,,clean,0,none,,,,ID2 missing/partial must be interpreted using sequence semantics; occluded IDs keep global identity
S06_F02_id2_occluded.ply,S06,2,id2_occluded,2,,1,2,left,OCCLUDED,0,mask_14_f.ply,0,3.096499876976013,0.0,0.6600000047683716,0,1.2400000095367432,1.6900005340576172,,,,clean,0,full,,,,ID2 missing/partial must be interpreted using sequence semantics; occluded IDs keep global identity
S06_F02_id2_occluded.ply,S06,2,id2_occluded,3,573,1,3,left,VISIBLE,0,mask_1_f.ply,8255,4.331499795913697,0.0,0.6299999141693116,0,1.179999828338623,1.6600008010864258,,,,clean,0,none,,,,ID2 missing/partial must be interpreted using sequence semantics; occluded IDs keep global identity
S06_F02_id2_occluded.ply,S06,2,id2_occluded,4,914,1,4,left,VISIBLE,0,mask_5_f.ply,8733,5.5464997339248665,0.0,0.640000023841858,0,1.2000000476837158,1.619999885559082,,,,clean,0,none,,,,ID2 missing/partial must be interpreted using sequence semantics; occluded IDs keep global identity
S06_F02_id2_occluded.ply,S06,2,id2_occluded,5,343,1,5,left,VISIBLE,0,mask_6_f.ply,6518,6.761499731540681,0.0,0.6299999737739563,0,1.1799999475479126,1.619999885559082,,,,clean,0,none,,,,ID2 missing/partial must be interpreted using sequence semantics; occluded IDs keep global identity
S06_F03_id2_return_partial.ply,S06,3,id2_return_partial,0,743,1,0,left,VISIBLE,0,mask_10_f.ply,5835,0.6249999690055847,0.0,0.6349999690055848,0,1.1899999380111694,1.5900001525878906,,,,clean,0,none,,,,ID2 missing/partial must be interpreted using sequence semantics; occluded IDs keep global identity
S06_F03_id2_return_partial.ply,S06,3,id2_return_partial,1,281,1,1,left,VISIBLE,0,mask_12_f.ply,7608,1.8482499051094055,0.0,0.6432499670982361,0,1.2064999341964722,1.5600004196166992,,,,clean,0,none,,,,ID2 missing/partial must be interpreted using sequence semantics; occluded IDs keep global identity
S06_F03_id2_return_partial.ply,S06,3,id2_return_partial,2,877,1,2,left,PARTIAL_VISIBLE,0,mask_14_f.ply,4730,3.096499876976013,0.0,0.6600000047683716,0,1.2400000095367432,1.6900005340576172,,,,partial,0.5,both,,,,ID2 missing/partial must be interpreted using sequence semantics; occluded IDs keep global identity | V3: edge occlusion side=both; central band preserved.
S06_F03_id2_return_partial.ply,S06,3,id2_return_partial,3,321,1,3,left,VISIBLE,0,mask_1_f.ply,8255,4.331499795913697,0.0,0.6299999141693116,0,1.179999828338623,1.6600008010864258,,,,clean,0,none,,,,ID2 missing/partial must be interpreted using sequence semantics; occluded IDs keep global identity
S06_F03_id2_return_partial.ply,S06,3,id2_return_partial,4,164,1,4,left,VISIBLE,0,mask_5_f.ply,8733,5.5464997339248665,0.0,0.640000023841858,0,1.2000000476837158,1.619999885559082,,,,clean,0,none,,,,ID2 missing/partial must be interpreted using sequence semantics; occluded IDs keep global identity
S06_F03_id2_return_partial.ply,S06,3,id2_return_partial,5,313,1,5,left,VISIBLE,0,mask_6_f.ply,6518,6.761499731540681,0.0,0.6299999737739563,0,1.1799999475479126,1.619999885559082,,,,clean,0,none,,,,ID2 missing/partial must be interpreted using sequence semantics; occluded IDs keep global identity
S06_F04_recovered.ply,S06,4,recovered,0,846,1,0,left,VISIBLE,0,mask_10_f.ply,5835,0.6249999690055847,0.0,0.6349999690055848,0,1.1899999380111694,1.5900001525878906,,,,clean,0,none,,,,ID2 missing/partial must be interpreted using sequence semantics; occluded IDs keep global identity
S06_F04_recovered.ply,S06,4,recovered,1,207,1,1,left,VISIBLE,0,mask_12_f.ply,7608,1.8482499051094055,0.0,0.6432499670982361,0,1.2064999341964722,1.5600004196166992,,,,clean,0,none,,,,ID2 missing/partial must be interpreted using sequence semantics; occluded IDs keep global identity
S06_F04_recovered.ply,S06,4,recovered,2,763,1,2,left,VISIBLE,0,mask_14_f.ply,7339,3.096499876976013,0.0,0.6600000047683716,0,1.2400000095367432,1.6900005340576172,,,,clean,0,none,,,,ID2 missing/partial must be interpreted using sequence semantics; occluded IDs keep global identity
S06_F04_recovered.ply,S06,4,recovered,3,802,1,3,left,VISIBLE,0,mask_1_f.ply,8255,4.331499795913697,0.0,0.6299999141693116,0,1.179999828338623,1.6600008010864258,,,,clean,0,none,,,,ID2 missing/partial must be interpreted using sequence semantics; occluded IDs keep global identity
S06_F04_recovered.ply,S06,4,recovered,4,309,1,4,left,VISIBLE,0,mask_5_f.ply,8733,5.5464997339248665,0.0,0.640000023841858,0,1.2000000476837158,1.619999885559082,,,,clean,0,none,,,,ID2 missing/partial must be interpreted using sequence semantics; occluded IDs keep global identity
S06_F04_recovered.ply,S06,4,recovered,5,928,1,5,left,VISIBLE,0,mask_6_f.ply,6518,6.761499731540681,0.0,0.6299999737739563,0,1.1799999475479126,1.619999885559082,,,,clean,0,none,,,,ID2 missing/partial must be interpreted using sequence semantics; occluded IDs keep global identity
S07_F00_baseline.ply,S07,0,baseline,0,655,1,0,left,VISIBLE,0,mask_10_f.ply,5835,0.6249999690055847,0.0,0.6349999690055848,0,1.1899999380111694,1.5900001525878906,,,,clean,0.0,none,,,,NEW on left while historical ID8 is fully occluded on right; middle gap remains normal
S07_F00_baseline.ply,S07,0,baseline,1,283,1,1,left,VISIBLE,0,mask_12_f.ply,7608,1.8482499051094055,0.0,0.6432499670982361,0,1.2064999341964722,1.5600004196166992,,,,clean,0.0,none,,,,NEW on left while historical ID8 is fully occluded on right; middle gap remains normal
S07_F00_baseline.ply,S07,0,baseline,7,354,1,7,right,VISIBLE,0,mask_10_f.ply,5835,11.8785000872612,0.0,0.6349999690055848,2,1.1899999380111694,1.5900001525878906,,,,clean,0.0,none,,,,NEW on left while historical ID8 is fully occluded on right; middle gap remains normal
S07_F00_baseline.ply,S07,0,baseline,8,398,1,8,right,VISIBLE,0,mask_12_f.ply,7608,13.101750023365021,0.0,0.6432499670982361,0,1.2064999341964722,1.5600004196166992,,,,clean,0.0,none,,,,NEW on left while historical ID8 is fully occluded on right; middle gap remains normal
S07_F00_baseline.ply,S07,0,baseline,9,845,1,9,right,VISIBLE,0,mask_14_f.ply,7339,14.349999995231629,0.0,0.6600000047683716,0,1.2400000095367432,1.6900005340576172,,,,clean,0.0,none,,,,NEW on left while historical ID8 is fully occluded on right; middle gap remains normal
S07_F01_new_plus_occluded.ply,S07,1,new_plus_occluded,0,503,1,0,left,VISIBLE,0,mask_10_f.ply,5718,0.6249999690055847,0.0,0.6349999690055848,0,1.1899999380111694,1.5900001525878906,,,,roll_mild,0.0,none,,,,NEW on left while historical ID8 is fully occluded on right; middle gap remains normal | V3: rolling mismatch uses local surface perturbation + thinning/resampling only; no large contiguous wedge deletion.
S07_F01_new_plus_occluded.ply,S07,1,new_plus_occluded,1,846,1,1,left,VISIBLE,0,mask_12_f.ply,7452,1.8482499051094055,0.0,0.6432499670982361,0,1.2064999341964722,1.5600004196166992,,,,roll_mild,0.0,none,,,,NEW on left while historical ID8 is fully occluded on right; middle gap remains normal | V3: rolling mismatch uses local surface perturbation + thinning/resampling only; no large contiguous wedge deletion.
S07_F01_new_plus_occluded.ply,S07,1,new_plus_occluded,2,111,1,2,left,VISIBLE,1,mask_14_f.ply,7339,3.096499876976013,0.0,0.6600000047683716,0,1.2400000095367432,1.6900005340576172,,,,clean,0.0,none,3.096499876976013,0.0,0.6600000047683716,NEW on left while historical ID8 is fully occluded on right; middle gap remains normal
S07_F01_new_plus_occluded.ply,S07,1,new_plus_occluded,7,852,1,7,right,VISIBLE,0,mask_10_f.ply,5702,11.8785000872612,0.0,0.6349999690055848,2,1.1899999380111694,1.5900001525878906,,,,roll_mild,0.0,none,,,,NEW on left while historical ID8 is fully occluded on right; middle gap remains normal | V3: rolling mismatch uses local surface perturbation + thinning/resampling only; no large contiguous wedge deletion.
S07_F01_new_plus_occluded.ply,S07,1,new_plus_occluded,8,,1,8,right,OCCLUDED,0,mask_12_f.ply,0,13.101750023365021,0.0,0.6432499670982361,0,1.2064999341964722,1.5600004196166992,,,,clean,0.0,full,,,,NEW on left while historical ID8 is fully occluded on right; middle gap remains normal
S07_F01_new_plus_occluded.ply,S07,1,new_plus_occluded,9,989,1,9,right,VISIBLE,0,mask_14_f.ply,7184,14.349999995231629,0.0,0.6600000047683716,0,1.2400000095367432,1.6900005340576172,,,,roll_mild,0.0,none,,,,NEW on left while historical ID8 is fully occluded on right; middle gap remains normal | V3: rolling mismatch uses local surface perturbation + thinning/resampling only; no large contiguous wedge deletion.
S08_F00_two_layer_base.ply,S08,0,two_layer_base,0,406,1,0,left,VISIBLE,0,mask_10_f.ply,5835,0.6249999690055847,0.0,0.6349999690055848,0,1.1899999380111694,1.5900001525878906,,,,clean,0.3,none,,,,first-layer support coil; may be partially hidden by layer2
S08_F00_two_layer_base.ply,S08,0,two_layer_base,1,897,1,1,left,VISIBLE,0,mask_12_f.ply,7608,1.8482499051094055,0.0,0.6432499670982361,0,1.2064999341964722,1.5600004196166992,,,,clean,0.3,none,,,,first-layer support coil; may be partially hidden by layer2
S08_F00_two_layer_base.ply,S08,0,two_layer_base,2,850,1,2,left,VISIBLE,0,mask_14_f.ply,7339,3.096499876976013,0.0,0.6600000047683716,0,1.2400000095367432,1.6900005340576172,,,,clean,0.3,none,,,,first-layer support coil; may be partially hidden by layer2
S08_F00_two_layer_base.ply,S08,0,two_layer_base,3,518,1,3,left,VISIBLE,0,mask_1_f.ply,8255,4.331499795913697,0.0,0.6299999141693116,0,1.179999828338623,1.6600008010864258,,,,clean,0.3,none,,,,first-layer support coil; may be partially hidden by layer2
S08_F00_two_layer_base.ply,S08,0,two_layer_base,4,443,1,4,left,VISIBLE,0,mask_5_f.ply,8733,5.5464997339248665,0.0,0.640000023841858,0,1.2000000476837158,1.619999885559082,,,,clean,0.3,none,,,,first-layer support coil; may be partially hidden by layer2
S08_F00_two_layer_base.ply,S08,0,two_layer_base,5,810,1,5,left,VISIBLE,0,mask_6_f.ply,6518,6.761499731540681,0.0,0.6299999737739563,0,1.1799999475479126,1.619999885559082,,,,clean,0.3,none,,,,first-layer support coil; may be partially hidden by layer2
S08_F00_two_layer_base.ply,S08,0,two_layer_base,6,353,1,6,left,VISIBLE,0,mask_7_f.ply,7117,8.018250160217287,0.0,0.681750454902649,0,1.2835009098052979,1.5699987411499023,,,,clean,0.3,none,,,,first-layer support coil; may be partially hidden by layer2
S08_F00_two_layer_base.ply,S08,0,two_layer_base,10,593,2,0,layer2,VISIBLE,0,mask_10_f.ply,5835,2.4723748910427092,0.0,1.7159719655763201,-3,1.1899999380111694,1.5900001525878906,,,,clean,0.0,none,,,,second-layer coil supported approximately by lower pair; layer never changes
S08_F00_two_layer_base.ply,S08,0,two_layer_base,11,402,2,1,layer2,VISIBLE,0,mask_12_f.ply,7608,4.938999764919282,0.0,1.6959719432010694,2,1.2064999341964722,1.5600004196166992,,,,clean,0.0,none,,,,second-layer coil supported approximately by lower pair; layer never changes
S08_F01_add_layer2.ply,S08,1,add_layer2,0,694,1,0,left,VISIBLE,0,mask_10_f.ply,5835,0.6249999690055847,0.0,0.6349999690055848,0,1.1899999380111694,1.5900001525878906,,,,clean,0.3,none,,,,first-layer support coil; may be partially hidden by layer2
S08_F01_add_layer2.ply,S08,1,add_layer2,1,238,1,1,left,VISIBLE,0,mask_12_f.ply,7608,1.8482499051094055,0.0,0.6432499670982361,0,1.2064999341964722,1.5600004196166992,,,,clean,0.3,none,,,,first-layer support coil; may be partially hidden by layer2
S08_F01_add_layer2.ply,S08,1,add_layer2,2,841,1,2,left,VISIBLE,0,mask_14_f.ply,7339,3.096499876976013,0.0,0.6600000047683716,0,1.2400000095367432,1.6900005340576172,,,,clean,0.3,none,,,,first-layer support coil; may be partially hidden by layer2
S08_F01_add_layer2.ply,S08,1,add_layer2,3,273,1,3,left,PARTIAL_VISIBLE,0,mask_1_f.ply,6216,4.331499795913697,0.0,0.6299999141693116,0,1.179999828338623,1.6600008010864258,,,,partial,0.3,both,,,,first-layer support coil; may be partially hidden by layer2 | V3: edge occlusion side=both; central band preserved.
S08_F01_add_layer2.ply,S08,1,add_layer2,4,345,1,4,left,PARTIAL_VISIBLE,0,mask_5_f.ply,6593,5.5464997339248665,0.0,0.640000023841858,0,1.2000000476837158,1.619999885559082,,,,partial,0.3,both,,,,first-layer support coil; may be partially hidden by layer2 | V3: edge occlusion side=both; central band preserved.
S08_F01_add_layer2.ply,S08,1,add_layer2,5,178,1,5,left,VISIBLE,0,mask_6_f.ply,6518,6.761499731540681,0.0,0.6299999737739563,0,1.1799999475479126,1.619999885559082,,,,clean,0.3,none,,,,first-layer support coil; may be partially hidden by layer2
S08_F01_add_layer2.ply,S08,1,add_layer2,6,154,1,6,left,VISIBLE,0,mask_7_f.ply,7117,8.018250160217287,0.0,0.681750454902649,0,1.2835009098052979,1.5699987411499023,,,,clean,0.3,none,,,,first-layer support coil; may be partially hidden by layer2
S08_F01_add_layer2.ply,S08,1,add_layer2,10,158,2,0,layer2,VISIBLE,0,mask_10_f.ply,5835,2.4723748910427092,0.0,1.7159719655763201,-3,1.1899999380111694,1.5900001525878906,,,,clean,0.0,none,,,,second-layer coil supported approximately by lower pair; layer never changes
S08_F01_add_layer2.ply,S08,1,add_layer2,11,339,2,1,layer2,VISIBLE,0,mask_12_f.ply,7608,4.938999764919282,0.0,1.6959719432010694,2,1.2064999341964722,1.5600004196166992,,,,clean,0.0,none,,,,second-layer coil supported approximately by lower pair; layer never changes
S08_F01_add_layer2.ply,S08,1,add_layer2,12,578,2,2,layer2,VISIBLE,1,mask_14_f.ply,7339,7.389874945878984,0.0,1.7691175299842559,4,1.2400000095367432,1.6900005340576172,,,,clean,0.0,none,7.389874945878984,0.0,1.7691175299842559,second-layer coil supported approximately by lower pair; layer never changes
S08_F02_two_layer_rollobs.ply,S08,2,two_layer_rollobs,0,488,1,0,left,VISIBLE,0,mask_10_f.ply,5835,0.6249999690055847,0.0,0.6349999690055848,0,1.1899999380111694,1.5900001525878906,,,,clean,0.3,none,,,,first-layer support coil; may be partially hidden by layer2
S08_F02_two_layer_rollobs.ply,S08,2,two_layer_rollobs,1,774,1,1,left,VISIBLE,0,mask_12_f.ply,7608,1.8482499051094055,0.0,0.6432499670982361,0,1.2064999341964722,1.5600004196166992,,,,clean,0.3,none,,,,first-layer support coil; may be partially hidden by layer2
S08_F02_two_layer_rollobs.ply,S08,2,two_layer_rollobs,2,897,1,2,left,VISIBLE,0,mask_14_f.ply,7339,3.096499876976013,0.0,0.6600000047683716,0,1.2400000095367432,1.6900005340576172,,,,clean,0.3,none,,,,first-layer support coil; may be partially hidden by layer2
S08_F02_two_layer_rollobs.ply,S08,2,two_layer_rollobs,3,725,1,3,left,PARTIAL_VISIBLE,0,mask_1_f.ply,6189,4.331499795913697,0.0,0.6299999141693116,0,1.179999828338623,1.6600008010864258,,,,partial,0.3,both,,,,first-layer support coil; may be partially hidden by layer2 | V3: edge occlusion side=both; central band preserved.
S08_F02_two_layer_rollobs.ply,S08,2,two_layer_rollobs,4,335,1,4,left,PARTIAL_VISIBLE,0,mask_5_f.ply,6513,5.5464997339248665,0.0,0.640000023841858,0,1.2000000476837158,1.619999885559082,,,,partial,0.3,both,,,,first-layer support coil; may be partially hidden by layer2 | V3: edge occlusion side=both; central band preserved.
S08_F02_two_layer_rollobs.ply,S08,2,two_layer_rollobs,5,136,1,5,left,VISIBLE,0,mask_6_f.ply,6518,6.761499731540681,0.0,0.6299999737739563,0,1.1799999475479126,1.619999885559082,,,,clean,0.3,none,,,,first-layer support coil; may be partially hidden by layer2
S08_F02_two_layer_rollobs.ply,S08,2,two_layer_rollobs,6,414,1,6,left,VISIBLE,0,mask_7_f.ply,7117,8.018250160217287,0.0,0.681750454902649,0,1.2835009098052979,1.5699987411499023,,,,clean,0.3,none,,,,first-layer support coil; may be partially hidden by layer2
S08_F02_two_layer_rollobs.ply,S08,2,two_layer_rollobs,10,429,2,0,layer2,VISIBLE,0,mask_10_f.ply,5693,2.4723748910427092,0.0,1.7159719655763201,-3,1.1899999380111694,1.5900001525878906,,,,roll_mild,0.0,none,,,,second-layer coil supported approximately by lower pair; layer never changes | V3: rolling mismatch uses local surface perturbation + thinning/resampling only; no large contiguous wedge deletion.
S08_F02_two_layer_rollobs.ply,S08,2,two_layer_rollobs,11,660,2,1,layer2,VISIBLE,0,mask_12_f.ply,7411,4.938999764919282,0.0,1.6959719432010694,2,1.2064999341964722,1.5600004196166992,,,,roll_mild,0.0,none,,,,second-layer coil supported approximately by lower pair; layer never changes | V3: rolling mismatch uses local surface perturbation + thinning/resampling only; no large contiguous wedge deletion.
S08_F02_two_layer_rollobs.ply,S08,2,two_layer_rollobs,12,883,2,2,layer2,VISIBLE,0,mask_14_f.ply,7143,7.389874945878984,0.0,1.7691175299842559,4,1.2400000095367432,1.6900005340576172,,,,roll_mild,0.0,none,,,,second-layer coil supported approximately by lower pair; layer never changes | V3: rolling mismatch uses local surface perturbation + thinning/resampling only; no large contiguous wedge deletion.
S09_F00_before_two_new.ply,S09,0,before_two_new,0,466,1,0,left,VISIBLE,0,mask_10_f.ply,5835,0.6249999690055847,0.0,0.6349999690055848,-2,1.1899999380111694,1.5900001525878906,,,,clean,0.0,none,,,,"frame supports two simultaneous new coils, one on each edge cluster"
S09_F00_before_two_new.ply,S09,0,before_two_new,1,656,1,1,left,VISIBLE,0,mask_12_f.ply,7608,1.8482499051094055,0.0,0.6432499670982361,-2,1.2064999341964722,1.5600004196166992,,,,clean,0.0,none,,,,"frame supports two simultaneous new coils, one on each edge cluster"
S09_F00_before_two_new.ply,S09,0,before_two_new,8,768,1,8,right,VISIBLE,0,mask_12_f.ply,7608,13.101750023365021,0.0,0.6432499670982361,2,1.2064999341964722,1.5600004196166992,,,,clean,0.0,none,,,,"frame supports two simultaneous new coils, one on each edge cluster"
S09_F00_before_two_new.ply,S09,0,before_two_new,9,884,1,9,right,VISIBLE,0,mask_14_f.ply,7339,14.349999995231629,0.0,0.6600000047683716,2,1.2400000095367432,1.6900005340576172,,,,clean,0.0,none,,,,"frame supports two simultaneous new coils, one on each edge cluster"
S09_F01_two_new_simultaneous.ply,S09,1,two_new_simultaneous,0,691,1,0,left,VISIBLE,0,mask_10_f.ply,5686,0.6249999690055847,0.0,0.6349999690055848,-2,1.1899999380111694,1.5900001525878906,,,,roll_mild,0.0,none,,,,"frame supports two simultaneous new coils, one on each edge cluster | V3: rolling mismatch uses local surface perturbation + thinning/resampling only; no large contiguous wedge deletion."
S09_F01_two_new_simultaneous.ply,S09,1,two_new_simultaneous,1,189,1,1,left,VISIBLE,0,mask_12_f.ply,7425,1.8482499051094055,0.0,0.6432499670982361,-2,1.2064999341964722,1.5600004196166992,,,,roll_mild,0.0,none,,,,"frame supports two simultaneous new coils, one on each edge cluster | V3: rolling mismatch uses local surface perturbation + thinning/resampling only; no large contiguous wedge deletion."
S09_F01_two_new_simultaneous.ply,S09,1,two_new_simultaneous,2,143,1,2,left,VISIBLE,1,mask_14_f.ply,7339,3.096499876976013,0.0,0.6600000047683716,-2,1.2400000095367432,1.6900005340576172,,,,clean,0.0,none,3.096499876976013,0.0,0.6600000047683716,"frame supports two simultaneous new coils, one on each edge cluster"
S09_F01_two_new_simultaneous.ply,S09,1,two_new_simultaneous,7,536,1,7,right,VISIBLE,1,mask_10_f.ply,5835,11.8785000872612,0.0,0.6349999690055848,2,1.1899999380111694,1.5900001525878906,,,,clean,0.0,none,11.8785000872612,0.0,0.6349999690055848,"frame supports two simultaneous new coils, one on each edge cluster"
S09_F01_two_new_simultaneous.ply,S09,1,two_new_simultaneous,8,226,1,8,right,VISIBLE,0,mask_12_f.ply,7391,13.101750023365021,0.0,0.6432499670982361,2,1.2064999341964722,1.5600004196166992,,,,roll_mild,0.0,none,,,,"frame supports two simultaneous new coils, one on each edge cluster | V3: rolling mismatch uses local surface perturbation + thinning/resampling only; no large contiguous wedge deletion."
S09_F01_two_new_simultaneous.ply,S09,1,two_new_simultaneous,9,916,1,9,right,VISIBLE,0,mask_14_f.ply,7179,14.349999995231629,0.0,0.6600000047683716,2,1.2400000095367432,1.6900005340576172,,,,roll_mild,0.0,none,,,,"frame supports two simultaneous new coils, one on each edge cluster | V3: rolling mismatch uses local surface perturbation + thinning/resampling only; no large contiguous wedge deletion."
S10_F00_same_geometry_stress_0.ply,S10,0,same_geometry_stress_0,0,494,1,0,left,VISIBLE,0,mask_12_f.ply,7608,0.6332499670982361,0,0.6432499670982361,0,1.2064999341964722,1.5600004196166992,,,,clean,0.35,none,,,,"all IDs reuse the same real prototype intentionally; geometry cannot identify them, so semantic order must prevent ID swap"
S10_F00_same_geometry_stress_0.ply,S10,0,same_geometry_stress_0,1,435,1,1,left,VISIBLE,0,mask_12_f.ply,7608,1.8647499012947082,0,0.6432499670982361,0,1.2064999341964722,1.5600004196166992,,,,clean,0.35,none,,,,"all IDs reuse the same real prototype intentionally; geometry cannot identify them, so semantic order must prevent ID swap"
S10_F00_same_geometry_stress_0.ply,S10,0,same_geometry_stress_0,2,929,1,2,left,VISIBLE,0,mask_12_f.ply,7608,3.09624983549118,0,0.6432499670982361,0,1.2064999341964722,1.5600004196166992,,,,clean,0.35,none,,,,"all IDs reuse the same real prototype intentionally; geometry cannot identify them, so semantic order must prevent ID swap"
S10_F00_same_geometry_stress_0.ply,S10,0,same_geometry_stress_0,3,684,1,3,left,VISIBLE,0,mask_12_f.ply,7608,4.327749769687653,0,0.6432499670982361,0,1.2064999341964722,1.5600004196166992,,,,clean,0.35,none,,,,"all IDs reuse the same real prototype intentionally; geometry cannot identify them, so semantic order must prevent ID swap"
S10_F00_same_geometry_stress_0.ply,S10,0,same_geometry_stress_0,4,964,1,4,left,VISIBLE,0,mask_12_f.ply,7608,5.5592497038841255,0,0.6432499670982361,0,1.2064999341964722,1.5600004196166992,,,,clean,0.35,none,,,,"all IDs reuse the same real prototype intentionally; geometry cannot identify them, so semantic order must prevent ID swap"
S10_F00_same_geometry_stress_0.ply,S10,0,same_geometry_stress_0,5,246,1,5,left,VISIBLE,0,mask_12_f.ply,7608,6.790749638080598,0,0.6432499670982361,0,1.2064999341964722,1.5600004196166992,,,,clean,0.35,none,,,,"all IDs reuse the same real prototype intentionally; geometry cannot identify them, so semantic order must prevent ID swap"
S10_F01_same_geometry_stress_1.ply,S10,1,same_geometry_stress_1,0,668,1,0,left,VISIBLE,0,mask_12_f.ply,6635,0.6572499670982361,0,0.6432499670982361,0,1.2064999341964722,1.5600004196166992,,,,roll_heavy,0.35,none,,,,"all IDs reuse the same real prototype intentionally; geometry cannot identify them, so semantic order must prevent ID swap | V3: rolling mismatch uses local surface perturbation + thinning/resampling only; no large contiguous wedge deletion."
S10_F01_same_geometry_stress_1.ply,S10,1,same_geometry_stress_1,1,328,1,1,left,VISIBLE,0,mask_12_f.ply,6604,1.8887499012947082,0,0.6432499670982361,1,1.2064999341964722,1.5600004196166992,,,,roll_heavy,0.35,none,,,,"all IDs reuse the same real prototype intentionally; geometry cannot identify them, so semantic order must prevent ID swap | V3: rolling mismatch uses local surface perturbation + thinning/resampling only; no large contiguous wedge deletion."
S10_F01_same_geometry_stress_1.ply,S10,1,same_geometry_stress_1,2,788,1,2,left,VISIBLE,0,mask_12_f.ply,6628,3.15624983549118,0,0.6432499670982361,-1,1.2064999341964722,1.5600004196166992,,,,roll_heavy,0.35,none,,,,"all IDs reuse the same real prototype intentionally; geometry cannot identify them, so semantic order must prevent ID swap | V3: rolling mismatch uses local surface perturbation + thinning/resampling only; no large contiguous wedge deletion."
S10_F01_same_geometry_stress_1.ply,S10,1,same_geometry_stress_1,3,759,1,3,left,VISIBLE,0,mask_12_f.ply,6661,4.387749769687653,0,0.6432499670982361,2,1.2064999341964722,1.5600004196166992,,,,roll_heavy,0.35,none,,,,"all IDs reuse the same real prototype intentionally; geometry cannot identify them, so semantic order must prevent ID swap | V3: rolling mismatch uses local surface perturbation + thinning/resampling only; no large contiguous wedge deletion."
S10_F01_same_geometry_stress_1.ply,S10,1,same_geometry_stress_1,4,782,1,4,left,VISIBLE,0,mask_12_f.ply,6573,5.619249703884125,0,0.6432499670982361,-2,1.2064999341964722,1.5600004196166992,,,,roll_heavy,0.35,none,,,,"all IDs reuse the same real prototype intentionally; geometry cannot identify them, so semantic order must prevent ID swap | V3: rolling mismatch uses local surface perturbation + thinning/resampling only; no large contiguous wedge deletion."
S10_F01_same_geometry_stress_1.ply,S10,1,same_geometry_stress_1,5,874,1,5,left,VISIBLE,0,mask_12_f.ply,6589,6.850749638080598,0,0.6432499670982361,1,1.2064999341964722,1.5600004196166992,,,,roll_heavy,0.35,none,,,,"all IDs reuse the same real prototype intentionally; geometry cannot identify them, so semantic order must prevent ID swap | V3: rolling mismatch uses local surface perturbation + thinning/resampling only; no large contiguous wedge deletion."
S10_F02_same_geometry_stress_2.ply,S10,2,same_geometry_stress_2,0,228,1,0,left,VISIBLE,0,mask_12_f.ply,6660,0.6812499670982362,0,0.6432499670982361,0,1.2064999341964722,1.5600004196166992,,,,roll_heavy,0.35,none,,,,"all IDs reuse the same real prototype intentionally; geometry cannot identify them, so semantic order must prevent ID swap | V3: rolling mismatch uses local surface perturbation + thinning/resampling only; no large contiguous wedge deletion."
S10_F02_same_geometry_stress_2.ply,S10,2,same_geometry_stress_2,1,254,1,1,left,VISIBLE,0,mask_12_f.ply,6633,1.9127499012947082,0,0.6432499670982361,1,1.2064999341964722,1.5600004196166992,,,,roll_heavy,0.35,none,,,,"all IDs reuse the same real prototype intentionally; geometry cannot identify them, so semantic order must prevent ID swap | V3: rolling mismatch uses local surface perturbation + thinning/resampling only; no large contiguous wedge deletion."
S10_F02_same_geometry_stress_2.ply,S10,2,same_geometry_stress_2,2,891,1,2,left,VISIBLE,0,mask_12_f.ply,6601,3.21624983549118,0,0.6432499670982361,-1,1.2064999341964722,1.5600004196166992,,,,roll_heavy,0.35,none,,,,"all IDs reuse the same real prototype intentionally; geometry cannot identify them, so semantic order must prevent ID swap | V3: rolling mismatch uses local surface perturbation + thinning/resampling only; no large contiguous wedge deletion."
S10_F02_same_geometry_stress_2.ply,S10,2,same_geometry_stress_2,3,858,1,3,left,PARTIAL_VISIBLE,0,mask_12_f.ply,5265,4.447749769687653,0,0.6432499670982361,2,1.2064999341964722,1.5600004196166992,,,,partial,0.35,both,,,,"all IDs reuse the same real prototype intentionally; geometry cannot identify them, so semantic order must prevent ID swap | V3: edge occlusion side=both; central band preserved."
S10_F02_same_geometry_stress_2.ply,S10,2,same_geometry_stress_2,4,320,1,4,left,VISIBLE,0,mask_12_f.ply,6580,5.679249703884126,0,0.6432499670982361,-2,1.2064999341964722,1.5600004196166992,,,,roll_heavy,0.35,none,,,,"all IDs reuse the same real prototype intentionally; geometry cannot identify them, so semantic order must prevent ID swap | V3: rolling mismatch uses local surface perturbation + thinning/resampling only; no large contiguous wedge deletion."
S10_F02_same_geometry_stress_2.ply,S10,2,same_geometry_stress_2,5,281,1,5,left,VISIBLE,0,mask_12_f.ply,6678,6.910749638080598,0,0.6432499670982361,1,1.2064999341964722,1.5600004196166992,,,,roll_heavy,0.35,none,,,,"all IDs reuse the same real prototype intentionally; geometry cannot identify them, so semantic order must prevent ID swap | V3: rolling mismatch uses local surface perturbation + thinning/resampling only; no large contiguous wedge deletion."
S11_F00_L1_full_10.ply,S11,0,L1_full_10,0,713,1,0,full_L1,VISIBLE,0,mask_10_f.ply,5835,0.6249999690055847,0.0,0.6349999690055848,-1.5,1.1899999380111694,1.5900001525878906,,,,clean,0.0,none,,,,first layer at hard maximum capacity of 10; no 11th layer1 coil is generated
S11_F00_L1_full_10.ply,S11,0,L1_full_10,1,459,1,1,full_L1,VISIBLE,0,mask_12_f.ply,7608,1.8482499051094055,0.0,0.6432499670982361,0.0,1.2064999341964722,1.5600004196166992,,,,clean,0.0,none,,,,first layer at hard maximum capacity of 10; no 11th layer1 coil is generated
S11_F00_L1_full_10.ply,S11,0,L1_full_10,2,254,1,2,full_L1,VISIBLE,0,mask_14_f.ply,7339,3.096499876976013,0.0,0.6600000047683716,1.5,1.2400000095367432,1.6900005340576172,,,,clean,0.0,none,,,,first layer at hard maximum capacity of 10; no 11th layer1 coil is generated
S11_F00_L1_full_10.ply,S11,0,L1_full_10,3,261,1,3,full_L1,VISIBLE,0,mask_1_f.ply,8255,4.331499795913697,0.0,0.6299999141693116,-1.5,1.179999828338623,1.6600008010864258,,,,clean,0.0,none,,,,first layer at hard maximum capacity of 10; no 11th layer1 coil is generated
S11_F00_L1_full_10.ply,S11,0,L1_full_10,4,819,1,4,full_L1,VISIBLE,0,mask_5_f.ply,8733,5.5464997339248665,0.0,0.640000023841858,0.0,1.2000000476837158,1.619999885559082,,,,clean,0.0,none,,,,first layer at hard maximum capacity of 10; no 11th layer1 coil is generated
S11_F00_L1_full_10.ply,S11,0,L1_full_10,5,813,1,5,full_L1,VISIBLE,0,mask_6_f.ply,6518,6.761499731540681,0.0,0.6299999737739563,1.5,1.1799999475479126,1.619999885559082,,,,clean,0.0,none,,,,first layer at hard maximum capacity of 10; no 11th layer1 coil is generated
S11_F00_L1_full_10.ply,S11,0,L1_full_10,6,304,1,6,full_L1,VISIBLE,0,mask_7_f.ply,7117,8.018250160217287,0.0,0.681750454902649,-1.5,1.2835009098052979,1.5699987411499023,,,,clean,0.0,none,,,,first layer at hard maximum capacity of 10; no 11th layer1 coil is generated
S11_F00_L1_full_10.ply,S11,0,L1_full_10,7,415,1,7,full_L1,VISIBLE,0,mask_10_f.ply,5835,9.28000058412552,0.0,0.6349999690055848,0.0,1.1899999380111694,1.5900001525878906,,,,clean,0.0,none,,,,first layer at hard maximum capacity of 10; no 11th layer1 coil is generated
S11_F00_L1_full_10.ply,S11,0,L1_full_10,8,886,1,8,full_L1,VISIBLE,0,mask_12_f.ply,7608,10.503250520229342,0.0,0.6432499670982361,1.5,1.2064999341964722,1.5600004196166992,,,,clean,0.0,none,,,,first layer at hard maximum capacity of 10; no 11th layer1 coil is generated
S11_F00_L1_full_10.ply,S11,0,L1_full_10,9,343,1,9,full_L1,VISIBLE,0,mask_14_f.ply,7339,11.75150049209595,0.0,0.6600000047683716,-1.5,1.2400000095367432,1.6900005340576172,,,,clean,0.0,none,,,,first layer at hard maximum capacity of 10; no 11th layer1 coil is generated
S11_F01_L1_full_then_L2_new.ply,S11,1,L1_full_then_L2_new,0,575,1,0,full_L1,VISIBLE,0,mask_10_f.ply,5835,0.6249999690055847,0.0,0.6349999690055848,-1.5,1.1899999380111694,1.5900001525878906,,,,clean,0.0,none,,,,first layer at hard maximum capacity of 10; no 11th layer1 coil is generated
S11_F01_L1_full_then_L2_new.ply,S11,1,L1_full_then_L2_new,1,380,1,1,full_L1,VISIBLE,0,mask_12_f.ply,7608,1.8482499051094055,0.0,0.6432499670982361,0.0,1.2064999341964722,1.5600004196166992,,,,clean,0.0,none,,,,first layer at hard maximum capacity of 10; no 11th layer1 coil is generated
S11_F01_L1_full_then_L2_new.ply,S11,1,L1_full_then_L2_new,2,652,1,2,full_L1,VISIBLE,0,mask_14_f.ply,7339,3.096499876976013,0.0,0.6600000047683716,1.5,1.2400000095367432,1.6900005340576172,,,,clean,0.0,none,,,,first layer at hard maximum capacity of 10; no 11th layer1 coil is generated
S11_F01_L1_full_then_L2_new.ply,S11,1,L1_full_then_L2_new,3,830,1,3,full_L1,VISIBLE,0,mask_1_f.ply,8255,4.331499795913697,0.0,0.6299999141693116,-1.5,1.179999828338623,1.6600008010864258,,,,clean,0.0,none,,,,first layer at hard maximum capacity of 10; no 11th layer1 coil is generated
S11_F01_L1_full_then_L2_new.ply,S11,1,L1_full_then_L2_new,4,692,1,4,full_L1,VISIBLE,0,mask_5_f.ply,8548,5.5464997339248665,0.0,0.640000023841858,0.0,1.2000000476837158,1.619999885559082,,,,roll_mild,0.0,none,,,,first layer at hard maximum capacity of 10; no 11th layer1 coil is generated | V3: rolling mismatch uses local surface perturbation + thinning/resampling only; no large contiguous wedge deletion.
S11_F01_L1_full_then_L2_new.ply,S11,1,L1_full_then_L2_new,5,774,1,5,full_L1,VISIBLE,0,mask_6_f.ply,6387,6.761499731540681,0.0,0.6299999737739563,1.5,1.1799999475479126,1.619999885559082,,,,roll_mild,0.0,none,,,,first layer at hard maximum capacity of 10; no 11th layer1 coil is generated | V3: rolling mismatch uses local surface perturbation + thinning/resampling only; no large contiguous wedge deletion.
S11_F01_L1_full_then_L2_new.ply,S11,1,L1_full_then_L2_new,6,679,1,6,full_L1,VISIBLE,0,mask_7_f.ply,6906,8.018250160217287,0.0,0.681750454902649,-1.5,1.2835009098052979,1.5699987411499023,,,,roll_mild,0.0,none,,,,first layer at hard maximum capacity of 10; no 11th layer1 coil is generated | V3: rolling mismatch uses local surface perturbation + thinning/resampling only; no large contiguous wedge deletion.
S11_F01_L1_full_then_L2_new.ply,S11,1,L1_full_then_L2_new,7,694,1,7,full_L1,VISIBLE,0,mask_10_f.ply,5835,9.28000058412552,0.0,0.6349999690055848,0.0,1.1899999380111694,1.5900001525878906,,,,clean,0.0,none,,,,first layer at hard maximum capacity of 10; no 11th layer1 coil is generated
S11_F01_L1_full_then_L2_new.ply,S11,1,L1_full_then_L2_new,8,747,1,8,full_L1,VISIBLE,0,mask_12_f.ply,7608,10.503250520229342,0.0,0.6432499670982361,1.5,1.2064999341964722,1.5600004196166992,,,,clean,0.0,none,,,,first layer at hard maximum capacity of 10; no 11th layer1 coil is generated
S11_F01_L1_full_then_L2_new.ply,S11,1,L1_full_then_L2_new,9,677,1,9,full_L1,VISIBLE,0,mask_14_f.ply,7339,11.75150049209595,0.0,0.6600000047683716,-1.5,1.2400000095367432,1.6900005340576172,,,,clean,0.0,none,,,,first layer at hard maximum capacity of 10; no 11th layer1 coil is generated
S11_F01_L1_full_then_L2_new.ply,S11,1,L1_full_then_L2_new,20,303,2,0,layer2,VISIBLE,1,mask_1_f.ply,8255,6.153999732732774,0.0,1.6806577685992288,3,1.179999828338623,1.6600008010864258,,,,clean,0.0,none,6.153999732732774,0.0,1.6806577685992288,"after first layer reaches 10, additional coil enters layer2"
S12_F00_view_clean.ply,S12,0,view_clean,0,334,1,0,left,VISIBLE,0,mask_10_f.ply,5835,0.6249999690055847,0.0,0.6349999690055848,0,1.1899999380111694,1.5900001525878906,,,,clean,0,none,,,,"same physical layout, different simulated fused-view dominance/visibility; identity must not depend on surface overlap"
S12_F00_view_clean.ply,S12,0,view_clean,1,211,1,1,left,VISIBLE,0,mask_12_f.ply,7608,1.8482499051094055,0.0,0.6432499670982361,0,1.2064999341964722,1.5600004196166992,,,,clean,0,none,,,,"same physical layout, different simulated fused-view dominance/visibility; identity must not depend on surface overlap"
S12_F00_view_clean.ply,S12,0,view_clean,2,299,1,2,left,VISIBLE,0,mask_14_f.ply,7339,3.096499876976013,0.0,0.6600000047683716,0,1.2400000095367432,1.6900005340576172,,,,clean,0,none,,,,"same physical layout, different simulated fused-view dominance/visibility; identity must not depend on surface overlap"
S12_F00_view_clean.ply,S12,0,view_clean,7,232,1,7,right,VISIBLE,0,mask_10_f.ply,5835,11.8785000872612,0.0,0.6349999690055848,0,1.1899999380111694,1.5900001525878906,,,,clean,0,none,,,,"same physical layout, different simulated fused-view dominance/visibility; identity must not depend on surface overlap"
S12_F00_view_clean.ply,S12,0,view_clean,8,340,1,8,right,VISIBLE,0,mask_12_f.ply,7608,13.101750023365021,0.0,0.6432499670982361,0,1.2064999341964722,1.5600004196166992,,,,clean,0,none,,,,"same physical layout, different simulated fused-view dominance/visibility; identity must not depend on surface overlap"
S12_F00_view_clean.ply,S12,0,view_clean,9,382,1,9,right,VISIBLE,0,mask_14_f.ply,7339,14.349999995231629,0.0,0.6600000047683716,0,1.2400000095367432,1.6900005340576172,,,,clean,0,none,,,,"same physical layout, different simulated fused-view dominance/visibility; identity must not depend on surface overlap"
S12_F01_view_top_view.ply,S12,1,view_top_view,0,139,1,0,left,VISIBLE,0,mask_10_f.ply,4667,0.6249999690055847,0.0,0.6349999690055848,0,1.1899999380111694,1.5900001525878906,,,,top_view,0,none,,,,"same physical layout, different simulated fused-view dominance/visibility; identity must not depend on surface overlap"
S12_F01_view_top_view.ply,S12,1,view_top_view,1,152,1,1,left,VISIBLE,0,mask_12_f.ply,6185,1.8482499051094055,0.0,0.6432499670982361,0,1.2064999341964722,1.5600004196166992,,,,top_view,0,none,,,,"same physical layout, different simulated fused-view dominance/visibility; identity must not depend on surface overlap"
S12_F01_view_top_view.ply,S12,1,view_top_view,2,815,1,2,left,VISIBLE,0,mask_14_f.ply,5751,3.096499876976013,0.0,0.6600000047683716,0,1.2400000095367432,1.6900005340576172,,,,top_view,0,none,,,,"same physical layout, different simulated fused-view dominance/visibility; identity must not depend on surface overlap"
S12_F01_view_top_view.ply,S12,1,view_top_view,7,780,1,7,right,VISIBLE,0,mask_10_f.ply,4688,11.8785000872612,0.0,0.6349999690055848,0,1.1899999380111694,1.5900001525878906,,,,top_view,0,none,,,,"same physical layout, different simulated fused-view dominance/visibility; identity must not depend on surface overlap"
S12_F01_view_top_view.ply,S12,1,view_top_view,8,209,1,8,right,VISIBLE,0,mask_12_f.ply,6143,13.101750023365021,0.0,0.6432499670982361,0,1.2064999341964722,1.5600004196166992,,,,top_view,0,none,,,,"same physical layout, different simulated fused-view dominance/visibility; identity must not depend on surface overlap"
S12_F01_view_top_view.ply,S12,1,view_top_view,9,790,1,9,right,VISIBLE,0,mask_14_f.ply,5699,14.349999995231629,0.0,0.6600000047683716,0,1.2400000095367432,1.6900005340576172,,,,top_view,0,none,,,,"same physical layout, different simulated fused-view dominance/visibility; identity must not depend on surface overlap"
S12_F02_view_side_view.ply,S12,2,view_side_view,0,382,1,0,left,VISIBLE,0,mask_10_f.ply,3648,0.6249999690055847,0.0,0.6349999690055848,0,1.1899999380111694,1.5900001525878906,,,,side_view,0,none,,,,"same physical layout, different simulated fused-view dominance/visibility; identity must not depend on surface overlap"
S12_F02_view_side_view.ply,S12,2,view_side_view,1,820,1,1,left,VISIBLE,0,mask_12_f.ply,4844,1.8482499051094055,0.0,0.6432499670982361,0,1.2064999341964722,1.5600004196166992,,,,side_view,0,none,,,,"same physical layout, different simulated fused-view dominance/visibility; identity must not depend on surface overlap"
S12_F02_view_side_view.ply,S12,2,view_side_view,2,515,1,2,left,VISIBLE,0,mask_14_f.ply,4615,3.096499876976013,0.0,0.6600000047683716,0,1.2400000095367432,1.6900005340576172,,,,side_view,0,none,,,,"same physical layout, different simulated fused-view dominance/visibility; identity must not depend on surface overlap"
S12_F02_view_side_view.ply,S12,2,view_side_view,7,394,1,7,right,VISIBLE,0,mask_10_f.ply,3578,11.8785000872612,0.0,0.6349999690055848,0,1.1899999380111694,1.5900001525878906,,,,side_view,0,none,,,,"same physical layout, different simulated fused-view dominance/visibility; identity must not depend on surface overlap"
S12_F02_view_side_view.ply,S12,2,view_side_view,8,695,1,8,right,VISIBLE,0,mask_12_f.ply,4755,13.101750023365021,0.0,0.6432499670982361,0,1.2064999341964722,1.5600004196166992,,,,side_view,0,none,,,,"same physical layout, different simulated fused-view dominance/visibility; identity must not depend on surface overlap"
S12_F02_view_side_view.ply,S12,2,view_side_view,9,300,1,9,right,VISIBLE,0,mask_14_f.ply,4636,14.349999995231629,0.0,0.6600000047683716,0,1.2400000095367432,1.6900005340576172,,,,side_view,0,none,,,,"same physical layout, different simulated fused-view dominance/visibility; identity must not depend on surface overlap"
S12_F03_view_degraded.ply,S12,3,view_degraded,0,142,1,0,left,VISIBLE,0,mask_10_f.ply,4801,0.6249999690055847,0.0,0.6349999690055848,0,1.1899999380111694,1.5900001525878906,,,,degraded,0,none,,,,"same physical layout, different simulated fused-view dominance/visibility; identity must not depend on surface overlap | V3: edge occlusion side=none; central band preserved."
S12_F03_view_degraded.ply,S12,3,view_degraded,1,774,1,1,left,PARTIAL_VISIBLE,0,mask_12_f.ply,4899,1.8482499051094055,0.0,0.6432499670982361,0,1.2064999341964722,1.5600004196166992,,,,partial,0.45,both,,,,"same physical layout, different simulated fused-view dominance/visibility; identity must not depend on surface overlap | V3: edge occlusion side=both; central band preserved."
S12_F03_view_degraded.ply,S12,3,view_degraded,2,830,1,2,left,VISIBLE,0,mask_14_f.ply,6021,3.096499876976013,0.0,0.6600000047683716,0,1.2400000095367432,1.6900005340576172,,,,degraded,0,none,,,,"same physical layout, different simulated fused-view dominance/visibility; identity must not depend on surface overlap | V3: edge occlusion side=none; central band preserved."
S12_F03_view_degraded.ply,S12,3,view_degraded,7,904,1,7,right,VISIBLE,0,mask_10_f.ply,4828,11.8785000872612,0.0,0.6349999690055848,0,1.1899999380111694,1.5900001525878906,,,,degraded,0,none,,,,"same physical layout, different simulated fused-view dominance/visibility; identity must not depend on surface overlap | V3: edge occlusion side=none; central band preserved."
S12_F03_view_degraded.ply,S12,3,view_degraded,8,623,1,8,right,PARTIAL_VISIBLE,0,mask_12_f.ply,5020,13.101750023365021,0.0,0.6432499670982361,0,1.2064999341964722,1.5600004196166992,,,,partial,0.45,both,,,,"same physical layout, different simulated fused-view dominance/visibility; identity must not depend on surface overlap | V3: edge occlusion side=both; central band preserved."
S12_F03_view_degraded.ply,S12,3,view_degraded,9,618,1,9,right,VISIBLE,0,mask_14_f.ply,6021,14.349999995231629,0.0,0.6600000047683716,0,1.2400000095367432,1.6900005340576172,,,,degraded,0,none,,,,"same physical layout, different simulated fused-view dominance/visibility; identity must not depend on surface overlap | V3: edge occlusion side=none; central band preserved."
S13_F00_full_10_plus_8_100k.ply,S13,0,full_10_plus_8_100k,0,672,1,0,full_L1,VISIBLE,0,mask_10_f.ply,5835,0.6249999690055847,0.0,0.6349999690055848,-2.0,1.1899999380111694,1.5900001525878906,,,,clean,0.0,none,,,,100k-scale stress scene layer1
S13_F00_full_10_plus_8_100k.ply,S13,0,full_10_plus_8_100k,1,755,1,1,full_L1,VISIBLE,0,mask_12_f.ply,7608,1.8482499051094055,0.0,0.6432499670982361,-1.0,1.2064999341964722,1.5600004196166992,,,,clean,0.0,none,,,,100k-scale stress scene layer1
S13_F00_full_10_plus_8_100k.ply,S13,0,full_10_plus_8_100k,2,972,1,2,full_L1,VISIBLE,0,mask_14_f.ply,7339,3.096499876976013,0.0,0.6600000047683716,0.0,1.2400000095367432,1.6900005340576172,,,,clean,0.0,none,,,,100k-scale stress scene layer1
S13_F00_full_10_plus_8_100k.ply,S13,0,full_10_plus_8_100k,3,748,1,3,full_L1,VISIBLE,0,mask_1_f.ply,8255,4.331499795913697,0.0,0.6299999141693116,1.0,1.179999828338623,1.6600008010864258,,,,clean,0.0,none,,,,100k-scale stress scene layer1
S13_F00_full_10_plus_8_100k.ply,S13,0,full_10_plus_8_100k,4,230,1,4,full_L1,VISIBLE,0,mask_5_f.ply,8733,5.5464997339248665,0.0,0.640000023841858,2.0,1.2000000476837158,1.619999885559082,,,,clean,0.0,none,,,,100k-scale stress scene layer1
S13_F00_full_10_plus_8_100k.ply,S13,0,full_10_plus_8_100k,5,498,1,5,full_L1,VISIBLE,0,mask_6_f.ply,6518,6.761499731540681,0.0,0.6299999737739563,-2.0,1.1799999475479126,1.619999885559082,,,,clean,0.0,none,,,,100k-scale stress scene layer1
S13_F00_full_10_plus_8_100k.ply,S13,0,full_10_plus_8_100k,6,448,1,6,full_L1,VISIBLE,0,mask_7_f.ply,7117,8.018250160217287,0.0,0.681750454902649,-1.0,1.2835009098052979,1.5699987411499023,,,,clean,0.0,none,,,,100k-scale stress scene layer1
S13_F00_full_10_plus_8_100k.ply,S13,0,full_10_plus_8_100k,7,501,1,7,full_L1,VISIBLE,0,mask_10_f.ply,5835,9.28000058412552,0.0,0.6349999690055848,0.0,1.1899999380111694,1.5900001525878906,,,,clean,0.0,none,,,,100k-scale stress scene layer1
S13_F00_full_10_plus_8_100k.ply,S13,0,full_10_plus_8_100k,8,612,1,8,full_L1,VISIBLE,0,mask_12_f.ply,7608,10.503250520229342,0.0,0.6432499670982361,1.0,1.2064999341964722,1.5600004196166992,,,,clean,0.0,none,,,,100k-scale stress scene layer1
S13_F00_full_10_plus_8_100k.ply,S13,0,full_10_plus_8_100k,9,373,1,9,full_L1,VISIBLE,0,mask_14_f.ply,7339,11.75150049209595,0.0,0.6600000047683716,2.0,1.2400000095367432,1.6900005340576172,,,,clean,0.0,none,,,,100k-scale stress scene layer1
S13_F00_full_10_plus_8_100k.ply,S13,0,full_10_plus_8_100k,30,853,2,0,layer2,VISIBLE,0,mask_1_f.ply,8255,1.236624937057495,0.0,1.6862733988877543,-3.0,1.179999828338623,1.6600008010864258,,,,clean,0.25,none,,,,100k-scale stress scene layer2
S13_F00_full_10_plus_8_100k.ply,S13,0,full_10_plus_8_100k,31,349,2,1,layer2,VISIBLE,0,mask_5_f.ply,8733,2.4723748910427092,0.0,1.7217759541274729,-1.0,1.2000000476837158,1.619999885559082,,,,clean,0.25,none,,,,100k-scale stress scene layer2
S13_F00_full_10_plus_8_100k.ply,S13,0,full_10_plus_8_100k,32,206,2,2,layer2,PARTIAL_VISIBLE,0,mask_6_f.ply,5060,3.713999836444855,0.0,1.706383604523252,1.0,1.1799999475479126,1.619999885559082,,,,partial,0.25,both,,,,100k-scale stress scene layer2 | V3: edge occlusion side=both; central band preserved.
S13_F00_full_10_plus_8_100k.ply,S13,0,full_10_plus_8_100k,33,578,2,3,layer2,VISIBLE,0,mask_7_f.ply,7117,4.938999764919282,0.0,1.740166109327017,3.0,1.2835009098052979,1.5699987411499023,,,,clean,0.25,none,,,,100k-scale stress scene layer2
S13_F00_full_10_plus_8_100k.ply,S13,0,full_10_plus_8_100k,34,491,2,4,layer2,VISIBLE,0,mask_10_f.ply,5835,6.153999732732774,0.0,1.6864433684893567,-3.0,1.1899999380111694,1.5900001525878906,,,,clean,0.25,none,,,,100k-scale stress scene layer2
S13_F00_full_10_plus_8_100k.ply,S13,0,full_10_plus_8_100k,35,386,2,5,layer2,PARTIAL_VISIBLE,0,mask_12_f.ply,5988,7.389874945878984,0.0,1.7497278915910028,-1.0,1.2064999341964722,1.5600004196166992,,,,partial,0.25,both,,,,100k-scale stress scene layer2 | V3: edge occlusion side=both; central band preserved.
S13_F00_full_10_plus_8_100k.ply,S13,0,full_10_plus_8_100k,36,514,2,6,layer2,VISIBLE,0,mask_14_f.ply,7339,8.649125372171405,0.0,1.7705592778845431,1.0,1.2400000095367432,1.6900005340576172,,,,clean,0.25,none,,,,100k-scale stress scene layer2
S13_F00_full_10_plus_8_100k.ply,S13,0,full_10_plus_8_100k,37,337,2,7,layer2,VISIBLE,0,mask_1_f.ply,8255,9.89162555217743,0.0,1.686273398887754,3.0,1.179999828338623,1.6600008010864258,,,,clean,0.25,none,,,,100k-scale stress scene layer2
S14_F00_combo_new_yaw_occ_gap.ply,S14,0,combo_new_yaw_occ_gap,0,571,1,0,left,VISIBLE,0,mask_10_f.ply,5835,0.6249999690055847,0.0,0.6349999690055848,0,1.1899999380111694,1.5900001525878906,,,,clean,0,none,,,,"combined hard case: two clusters, yaw, roll-observation change, partial and full occlusion, local movement"
S14_F00_combo_new_yaw_occ_gap.ply,S14,0,combo_new_yaw_occ_gap,1,393,1,1,left,VISIBLE,0,mask_12_f.ply,6625,1.8482499051094055,0.0,0.6432499670982361,4,1.2064999341964722,1.5600004196166992,,,,roll_heavy,0,none,,,,"combined hard case: two clusters, yaw, roll-observation change, partial and full occlusion, local movement | V3: rolling mismatch uses local surface perturbation + thinning/resampling only; no large contiguous wedge deletion."
S14_F00_combo_new_yaw_occ_gap.ply,S14,0,combo_new_yaw_occ_gap,2,230,1,2,left,PARTIAL_VISIBLE,0,mask_14_f.ply,4860,3.231499876976013,0.0,0.6600000047683716,-5,1.2400000095367432,1.6900005340576172,,,,partial,0.45,both,,,,"combined hard case: two clusters, yaw, roll-observation change, partial and full occlusion, local movement | V3: edge occlusion side=both; central band preserved."
S14_F00_combo_new_yaw_occ_gap.ply,S14,0,combo_new_yaw_occ_gap,3,460,1,3,left,VISIBLE,0,mask_10_f.ply,5069,4.47149985074997,0.0,0.6349999690055848,3,1.1899999380111694,1.5900001525878906,,,,roll_heavy,0,none,,,,"combined hard case: two clusters, yaw, roll-observation change, partial and full occlusion, local movement | V3: rolling mismatch uses local surface perturbation + thinning/resampling only; no large contiguous wedge deletion."
S14_F00_combo_new_yaw_occ_gap.ply,S14,0,combo_new_yaw_occ_gap,6,586,1,6,right,VISIBLE,0,mask_10_f.ply,5061,10.658500149250031,0.0,0.6349999690055848,-4,1.1899999380111694,1.5900001525878906,,,,roll_heavy,0,none,,,,"combined hard case: two clusters, yaw, roll-observation change, partial and full occlusion, local movement | V3: rolling mismatch uses local surface perturbation + thinning/resampling only; no large contiguous wedge deletion."
S14_F00_combo_new_yaw_occ_gap.ply,S14,0,combo_new_yaw_occ_gap,7,,1,7,right,OCCLUDED,0,mask_12_f.ply,0,11.881750085353852,0.0,0.6432499670982361,0,1.2064999341964722,1.5600004196166992,,,,clean,0,full,,,,"combined hard case: two clusters, yaw, roll-observation change, partial and full occlusion, local movement"
S14_F00_combo_new_yaw_occ_gap.ply,S14,0,combo_new_yaw_occ_gap,8,801,1,8,right,VISIBLE,0,mask_14_f.ply,6373,13.13500005722046,0.0,0.6600000047683716,2,1.2400000095367432,1.6900005340576172,,,,roll_heavy,0,none,,,,"combined hard case: two clusters, yaw, roll-observation change, partial and full occlusion, local movement | V3: rolling mismatch uses local surface perturbation + thinning/resampling only; no large contiguous wedge deletion."
S14_F00_combo_new_yaw_occ_gap.ply,S14,0,combo_new_yaw_occ_gap,9,921,1,9,right,VISIBLE,0,mask_10_f.ply,5835,14.375000030994416,0.0,0.6349999690055848,0,1.1899999380111694,1.5900001525878906,,,,clean,0,none,,,,"combined hard case: two clusters, yaw, roll-observation change, partial and full occlusion, local movement"
S14_F00_combo_new_yaw_occ_gap.ply,S14,0,combo_new_yaw_occ_gap,10,353,1,4,left,VISIBLE,1,mask_12_f.ply,7608,5.619749786853791,0,0.6432499670982361,5,1.2064999341964722,1.5600004196166992,,,,clean,0.0,none,5.71974978685379,-0.05,0.6432499670982361,new coil with approximate robot target offset from actual center
C01_F00_left_complex_start.ply,C01,0,left_complex_start,0,884,1,0,left,VISIBLE,0,mask_10_f.ply,5835,0.625000000,0.000000000,0.635000000,0.0000,1.189999938,1.590000153,,,,clean,0.000,none,,,,"Complex left-cluster loading: every historical coil moves; NEW may have large gap, yaw and imperfect target; rolling/partial observations are combined."
C01_F00_left_complex_start.ply,C01,0,left_complex_start,1,854,1,1,left,VISIBLE,0,mask_12_f.ply,7608,1.848000000,0.020000000,0.643000000,1.0000,1.206499934,1.560000420,,,,clean,0.000,none,,,,"Complex left-cluster loading: every historical coil moves; NEW may have large gap, yaw and imperfect target; rolling/partial observations are combined."
C01_F00_left_complex_start.ply,C01,0,left_complex_start,2,529,1,2,left,VISIBLE,0,mask_14_f.ply,7339,3.096000000,-0.010000000,0.660000000,-1.0000,1.240000010,1.690000534,,,,clean,0.000,none,,,,"Complex left-cluster loading: every historical coil moves; NEW may have large gap, yaw and imperfect target; rolling/partial observations are combined."
C01_F01_far_gap_new_yaw.ply,C01,1,far_gap_new_yaw,0,251,1,0,left,VISIBLE,0,mask_10_f.ply,5835,0.655000000,0.020000000,0.635000000,0.5000,1.189999938,1.590000153,0.030000000,0.020000000,0.000000000,clean,0.000,none,,,,All old coils move; NEW is intentionally not touching its neighbor and has +7deg yaw; robot target is offset.
C01_F01_far_gap_new_yaw.ply,C01,1,far_gap_new_yaw,1,888,1,1,left,VISIBLE,0,mask_12_f.ply,7608,1.918000000,-0.010000000,0.653000000,2.2000,1.206499934,1.560000420,0.070000000,-0.030000000,0.010000000,roll_mild,0.000,none,,,,All old coils move; NEW is intentionally not touching its neighbor and has +7deg yaw; robot target is offset.
C01_F01_far_gap_new_yaw.ply,C01,1,far_gap_new_yaw,2,795,1,2,left,VISIBLE,0,mask_14_f.ply,7339,3.256000000,0.030000000,0.675000000,-2.5000,1.240000010,1.690000534,0.160000000,0.040000000,0.015000000,roll_mild,0.000,none,,,,All old coils move; NEW is intentionally not touching its neighbor and has +7deg yaw; robot target is offset.
C01_F01_far_gap_new_yaw.ply,C01,1,far_gap_new_yaw,3,636,1,3,left,VISIBLE,1,mask_1_f.ply,8255,4.945999919,0.060000000,0.642000000,7.0000,1.179999828,1.660000801,,,,clean,0.000,none,4.725999919,0.020000000,0.640000000,All old coils move; NEW is intentionally not touching its neighbor and has +7deg yaw; robot target is offset.
C01_F02_new_plus_partial_all_move.ply,C01,2,new_plus_partial_all_move,0,282,1,0,left,VISIBLE,0,mask_10_f.ply,5835,0.675000000,0.010000000,0.640000000,1.0000,1.189999938,1.590000153,0.020000000,-0.010000000,0.005000000,clean,0.000,none,,,,Second NEW while every old coil moves; one historical coil is side-occluded after rolling observation change.
C01_F02_new_plus_partial_all_move.ply,C01,2,new_plus_partial_all_move,1,702,1,1,left,VISIBLE,0,mask_12_f.ply,7608,1.968000000,0.010000000,0.648000000,1.5000,1.206499934,1.560000420,0.050000000,0.020000000,-0.005000000,roll_mild,0.000,none,,,,Second NEW while every old coil moves; one historical coil is side-occluded after rolling observation change.
C01_F02_new_plus_partial_all_move.ply,C01,2,new_plus_partial_all_move,2,157,1,2,left,PARTIAL_VISIBLE,0,mask_14_f.ply,7339,3.356000000,0.010000000,0.685000000,-3.5000,1.240000010,1.690000534,0.100000000,-0.020000000,0.010000000,roll_heavy,0.450,both,,,,Second NEW while every old coil moves; one historical coil is side-occluded after rolling observation change.
C01_F02_new_plus_partial_all_move.ply,C01,2,new_plus_partial_all_move,3,170,1,3,left,VISIBLE,0,mask_1_f.ply,8255,5.135999919,0.030000000,0.642000000,5.0000,1.179999828,1.660000801,0.190000000,-0.030000000,0.000000000,roll_mild,0.000,none,,,,Second NEW while every old coil moves; one historical coil is side-occluded after rolling observation change.
C01_F02_new_plus_partial_all_move.ply,C01,2,new_plus_partial_all_move,4,772,1,4,left,VISIBLE,1,mask_5_f.ply,8733,6.445999857,-0.050000000,0.650000000,-6.0000,1.200000048,1.619999886,,,,clean,0.000,none,6.625999857,-0.020000000,0.650000000,Second NEW while every old coil moves; one historical coil is side-occluded after rolling observation change.
C01_F03_third_new_large_gap.ply,C01,3,third_new_large_gap,0,142,1,0,left,VISIBLE,0,mask_10_f.ply,5835,0.685000000,0.020000000,0.640000000,0.5000,1.189999938,1.590000153,0.010000000,0.010000000,0.000000000,clean,0.000,none,,,,Third NEW has +8deg yaw and a large internal gap; old coils undergo non-rigid settling and one-sided occlusion.
C01_F03_third_new_large_gap.ply,C01,3,third_new_large_gap,1,828,1,1,left,PARTIAL_VISIBLE,0,mask_12_f.ply,7608,1.998000000,0.020000000,0.648000000,2.5000,1.206499934,1.560000420,0.030000000,0.010000000,0.000000000,roll_mild,0.300,left,,,,Third NEW has +8deg yaw and a large internal gap; old coils undergo non-rigid settling and one-sided occlusion.
C01_F03_third_new_large_gap.ply,C01,3,third_new_large_gap,2,787,1,2,left,VISIBLE,0,mask_14_f.ply,7339,3.426000000,0.040000000,0.675000000,-2.0000,1.240000010,1.690000534,0.070000000,0.030000000,-0.010000000,clean,0.000,none,,,,Third NEW has +8deg yaw and a large internal gap; old coils undergo non-rigid settling and one-sided occlusion.
C01_F03_third_new_large_gap.ply,C01,3,third_new_large_gap,3,402,1,3,left,VISIBLE,0,mask_1_f.ply,8255,5.265999919,0.040000000,0.652000000,3.0000,1.179999828,1.660000801,0.130000000,0.010000000,0.010000000,roll_heavy,0.000,none,,,,Third NEW has +8deg yaw and a large internal gap; old coils undergo non-rigid settling and one-sided occlusion.
C01_F03_third_new_large_gap.ply,C01,3,third_new_large_gap,4,915,1,4,left,VISIBLE,0,mask_5_f.ply,8733,6.665999857,-0.070000000,0.650000000,-4.0000,1.200000048,1.619999886,0.220000000,-0.020000000,0.000000000,roll_heavy,0.000,none,,,,Third NEW has +8deg yaw and a large internal gap; old coils undergo non-rigid settling and one-sided occlusion.
C01_F03_third_new_large_gap.ply,C01,3,third_new_large_gap,5,908,1,5,left,VISIBLE,1,mask_6_f.ply,6518,8.175999855,0.080000000,0.645000000,8.0000,1.179999948,1.619999886,,,,clean,0.000,none,7.895999855,0.100000000,0.640000000,Third NEW has +8deg yaw and a large internal gap; old coils undergo non-rigid settling and one-sided occlusion.
C01_F04_settling_rebound.ply,C01,4,settling_rebound,0,768,1,0,left,VISIBLE,0,mask_10_f.ply,5835,0.665000000,0.030000000,0.640000000,0.0000,1.189999938,1.590000153,-0.020000000,0.010000000,0.000000000,clean,0.000,none,,,,No NEW; the whole cluster settles/rebounds with non-uniform X/Y/Z changes and rolling observation mismatch.
C01_F04_settling_rebound.ply,C01,4,settling_rebound,1,276,1,1,left,VISIBLE,0,mask_12_f.ply,7608,1.968000000,0.000000000,0.653000000,1.0000,1.206499934,1.560000420,-0.030000000,-0.020000000,0.005000000,clean,0.000,none,,,,No NEW; the whole cluster settles/rebounds with non-uniform X/Y/Z changes and rolling observation mismatch.
C01_F04_settling_rebound.ply,C01,4,settling_rebound,2,474,1,2,left,VISIBLE,0,mask_14_f.ply,7339,3.376000000,0.060000000,0.675000000,-1.0000,1.240000010,1.690000534,-0.050000000,0.020000000,0.000000000,roll_mild,0.000,none,,,,No NEW; the whole cluster settles/rebounds with non-uniform X/Y/Z changes and rolling observation mismatch.
C01_F04_settling_rebound.ply,C01,4,settling_rebound,3,517,1,3,left,VISIBLE,0,mask_1_f.ply,8255,5.185999919,0.030000000,0.647000000,2.0000,1.179999828,1.660000801,-0.080000000,-0.010000000,-0.005000000,roll_mild,0.000,none,,,,No NEW; the whole cluster settles/rebounds with non-uniform X/Y/Z changes and rolling observation mismatch.
C01_F04_settling_rebound.ply,C01,4,settling_rebound,4,597,1,4,left,VISIBLE,0,mask_5_f.ply,8733,6.555999857,-0.040000000,0.650000000,-2.0000,1.200000048,1.619999886,-0.110000000,0.030000000,0.000000000,roll_mild,0.000,none,,,,No NEW; the whole cluster settles/rebounds with non-uniform X/Y/Z changes and rolling observation mismatch.
C01_F04_settling_rebound.ply,C01,4,settling_rebound,5,429,1,5,left,VISIBLE,0,mask_6_f.ply,6518,8.015999855,0.040000000,0.655000000,5.0000,1.179999948,1.619999886,-0.160000000,-0.040000000,0.010000000,roll_mild,0.000,none,,,,No NEW; the whole cluster settles/rebounds with non-uniform X/Y/Z changes and rolling observation mismatch.
C02_F00_right_complex_start.ply,C02,0,right_complex_start,7,445,1,7,right,VISIBLE,0,mask_10_f.ply,5835,11.904000000,0.010000000,0.650000000,-1.0000,1.189999938,1.590000153,,,,clean,0.000,none,,,,"Complex right-cluster loading: mirrored edge growth with large NEW gaps, negative yaw, all-history motion and partial visibility."
C02_F00_right_complex_start.ply,C02,0,right_complex_start,8,397,1,8,right,VISIBLE,0,mask_12_f.ply,7608,13.152000000,-0.020000000,0.645000000,2.0000,1.206499934,1.560000420,,,,clean,0.000,none,,,,"Complex right-cluster loading: mirrored edge growth with large NEW gaps, negative yaw, all-history motion and partial visibility."
C02_F00_right_complex_start.ply,C02,0,right_complex_start,9,621,1,9,right,VISIBLE,0,mask_14_f.ply,7339,14.375000000,0.020000000,0.640000000,-1.0000,1.240000010,1.690000534,,,,clean,0.000,none,,,,"Complex right-cluster loading: mirrored edge growth with large NEW gaps, negative yaw, all-history motion and partial visibility."
C02_F01_right_far_gap_new.ply,C02,1,right_far_gap_new,6,552,1,6,right,VISIBLE,1,mask_7_f.ply,7117,10.127249576,-0.050000000,0.670000000,-7.0000,1.283500910,1.569998741,,,,clean,0.000,none,10.377249576,-0.020000000,0.670000000,Right cluster grows inward; NEW is separated by a large gap and has -7deg yaw while all history moves.
C02_F01_right_far_gap_new.ply,C02,1,right_far_gap_new,7,907,1,7,right,VISIBLE,0,mask_10_f.ply,5835,11.784000000,0.040000000,0.660000000,-3.0000,1.189999938,1.590000153,-0.120000000,0.030000000,0.010000000,roll_mild,0.000,none,,,,Right cluster grows inward; NEW is separated by a large gap and has -7deg yaw while all history moves.
C02_F01_right_far_gap_new.ply,C02,1,right_far_gap_new,8,186,1,8,right,VISIBLE,0,mask_12_f.ply,7608,13.092000000,-0.040000000,0.645000000,3.0000,1.206499934,1.560000420,-0.060000000,-0.020000000,0.000000000,roll_mild,0.000,none,,,,Right cluster grows inward; NEW is separated by a large gap and has -7deg yaw while all history moves.
C02_F01_right_far_gap_new.ply,C02,1,right_far_gap_new,9,244,1,9,right,VISIBLE,0,mask_14_f.ply,7339,14.345000000,0.030000000,0.635000000,-1.5000,1.240000010,1.690000534,-0.030000000,0.010000000,-0.005000000,clean,0.000,none,,,,Right cluster grows inward; NEW is separated by a large gap and has -7deg yaw while all history moves.
C02_F02_right_new_partial.ply,C02,2,right_new_partial,5,160,1,5,right,VISIBLE,1,mask_6_f.ply,6518,8.535499147,0.070000000,0.650000000,6.0000,1.179999948,1.619999886,,,,clean,0.000,none,8.335499147,0.030000000,0.650000000,Second inward NEW; old coils move non-uniformly and ID8 is partially hidden on its right side.
C02_F02_right_new_partial.ply,C02,2,right_new_partial,6,815,1,6,right,VISIBLE,0,mask_7_f.ply,7117,9.927249576,-0.040000000,0.670000000,-5.0000,1.283500910,1.569998741,-0.200000000,0.010000000,0.000000000,roll_heavy,0.000,none,,,,Second inward NEW; old coils move non-uniformly and ID8 is partially hidden on its right side.
C02_F02_right_new_partial.ply,C02,2,right_new_partial,7,890,1,7,right,VISIBLE,0,mask_10_f.ply,5835,11.654000000,0.030000000,0.660000000,-2.0000,1.189999938,1.590000153,-0.130000000,-0.010000000,0.000000000,roll_heavy,0.000,none,,,,Second inward NEW; old coils move non-uniformly and ID8 is partially hidden on its right side.
C02_F02_right_new_partial.ply,C02,2,right_new_partial,8,365,1,8,right,PARTIAL_VISIBLE,0,mask_12_f.ply,7608,13.012000000,-0.020000000,0.655000000,4.0000,1.206499934,1.560000420,-0.080000000,0.020000000,0.010000000,roll_mild,0.350,right,,,,Second inward NEW; old coils move non-uniformly and ID8 is partially hidden on its right side.
C02_F02_right_new_partial.ply,C02,2,right_new_partial,9,861,1,9,right,VISIBLE,0,mask_14_f.ply,7339,14.305000000,0.010000000,0.635000000,-2.0000,1.240000010,1.690000534,-0.040000000,-0.020000000,0.000000000,clean,0.000,none,,,,Second inward NEW; old coils move non-uniformly and ID8 is partially hidden on its right side.
C02_F03_right_third_new_yaw.ply,C02,3,right_third_new_yaw,4,228,1,4,right,VISIBLE,1,mask_5_f.ply,8733,6.865499150,-0.080000000,0.660000000,-8.0000,1.200000048,1.619999886,,,,clean,0.000,none,7.015499150,-0.050000000,0.660000000,Third right-cluster NEW has -8deg yaw and abnormal gap; every existing coil shifts again.
C02_F03_right_third_new_yaw.ply,C02,3,right_third_new_yaw,5,277,1,5,right,VISIBLE,0,mask_6_f.ply,6518,8.355499147,0.040000000,0.660000000,6.0000,1.179999948,1.619999886,-0.180000000,-0.030000000,0.010000000,clean,0.000,none,,,,Third right-cluster NEW has -8deg yaw and abnormal gap; every existing coil shifts again.
C02_F03_right_third_new_yaw.ply,C02,3,right_third_new_yaw,6,146,1,6,right,VISIBLE,0,mask_7_f.ply,7117,9.787249576,-0.020000000,0.670000000,-5.0000,1.283500910,1.569998741,-0.140000000,0.020000000,0.000000000,roll_mild,0.000,none,,,,Third right-cluster NEW has -8deg yaw and abnormal gap; every existing coil shifts again.
C02_F03_right_third_new_yaw.ply,C02,3,right_third_new_yaw,7,520,1,7,right,VISIBLE,0,mask_10_f.ply,5835,11.554000000,0.050000000,0.660000000,-2.0000,1.189999938,1.590000153,-0.100000000,0.020000000,0.000000000,roll_mild,0.000,none,,,,Third right-cluster NEW has -8deg yaw and abnormal gap; every existing coil shifts again.
C02_F03_right_third_new_yaw.ply,C02,3,right_third_new_yaw,8,175,1,8,right,VISIBLE,0,mask_12_f.ply,7608,12.962000000,-0.030000000,0.645000000,4.0000,1.206499934,1.560000420,-0.050000000,-0.010000000,-0.010000000,roll_mild,0.000,none,,,,Third right-cluster NEW has -8deg yaw and abnormal gap; every existing coil shifts again.
C02_F03_right_third_new_yaw.ply,C02,3,right_third_new_yaw,9,577,1,9,right,VISIBLE,0,mask_14_f.ply,7339,14.285000000,0.010000000,0.635000000,-2.0000,1.240000010,1.690000534,-0.020000000,0.000000000,0.000000000,roll_mild,0.000,none,,,,Third right-cluster NEW has -8deg yaw and abnormal gap; every existing coil shifts again.
C02_F04_right_settling.ply,C02,4,right_settling,4,607,1,4,right,VISIBLE,0,mask_5_f.ply,8733,6.895499150,-0.070000000,0.660000000,-5.6000,1.200000048,1.619999886,0.030000000,0.010000000,0.000000000,roll_mild,0.000,none,,,,Right cluster settles with small reverse motion; no NEW.
C02_F04_right_settling.ply,C02,4,right_settling,5,332,1,5,right,VISIBLE,0,mask_6_f.ply,6518,8.385499147,0.030000000,0.660000000,4.2000,1.179999948,1.619999886,0.030000000,-0.010000000,0.000000000,roll_mild,0.000,none,,,,Right cluster settles with small reverse motion; no NEW.
C02_F04_right_settling.ply,C02,4,right_settling,6,414,1,6,right,VISIBLE,0,mask_7_f.ply,7117,9.817249576,-0.010000000,0.670000000,-3.5000,1.283500910,1.569998741,0.030000000,0.010000000,0.000000000,roll_mild,0.000,none,,,,Right cluster settles with small reverse motion; no NEW.
C02_F04_right_settling.ply,C02,4,right_settling,7,824,1,7,right,VISIBLE,0,mask_10_f.ply,5835,11.564000000,0.040000000,0.660000000,-1.4000,1.189999938,1.590000153,0.010000000,-0.010000000,0.000000000,clean,0.000,none,,,,Right cluster settles with small reverse motion; no NEW.
C02_F04_right_settling.ply,C02,4,right_settling,8,152,1,8,right,VISIBLE,0,mask_12_f.ply,7608,12.972000000,-0.020000000,0.645000000,2.8000,1.206499934,1.560000420,0.010000000,0.010000000,0.000000000,clean,0.000,none,,,,Right cluster settles with small reverse motion; no NEW.
C02_F04_right_settling.ply,C02,4,right_settling,9,859,1,9,right,VISIBLE,0,mask_14_f.ply,7339,14.295000000,-0.000000000,0.635000000,-1.4000,1.240000010,1.690000534,0.010000000,-0.010000000,0.000000000,clean,0.000,none,,,,Right cluster settles with small reverse motion; no NEW.
C03_F00_two_side_complex_start.ply,C03,0,two_side_complex_start,0,294,1,0,left,VISIBLE,0,mask_10_f.ply,5835,0.625000000,0.000000000,0.635000000,0.0000,1.189999938,1.590000153,,,,clean,0.000,none,,,,"Two edge clusters grow alternately; both clusters move, NEW gaps/yaw vary, partial/occluded history appears, and the middle free region stays semantically normal."
C03_F00_two_side_complex_start.ply,C03,0,two_side_complex_start,1,299,1,1,left,VISIBLE,0,mask_12_f.ply,7608,1.848000000,0.020000000,0.643000000,1.0000,1.206499934,1.560000420,,,,clean,0.000,none,,,,"Two edge clusters grow alternately; both clusters move, NEW gaps/yaw vary, partial/occluded history appears, and the middle free region stays semantically normal."
C03_F00_two_side_complex_start.ply,C03,0,two_side_complex_start,8,353,1,8,right,VISIBLE,0,mask_12_f.ply,7608,13.150000000,-0.020000000,0.643000000,-1.0000,1.206499934,1.560000420,,,,clean,0.000,none,,,,"Two edge clusters grow alternately; both clusters move, NEW gaps/yaw vary, partial/occluded history appears, and the middle free region stays semantically normal."
C03_F00_two_side_complex_start.ply,C03,0,two_side_complex_start,9,415,1,9,right,VISIBLE,0,mask_14_f.ply,7339,14.375000000,0.000000000,0.635000000,0.0000,1.240000010,1.690000534,,,,clean,0.000,none,,,,"Two edge clusters grow alternately; both clusters move, NEW gaps/yaw vary, partial/occluded history appears, and the middle free region stays semantically normal."
C03_F01_left_new_far_gap.ply,C03,1,left_new_far_gap,0,693,1,0,left,VISIBLE,0,mask_10_f.ply,5835,0.645000000,0.010000000,0.635000000,0.0000,1.189999938,1.590000153,0.020000000,0.010000000,0.000000000,clean,0.000,none,,,,Left cluster extends while both clusters move inward; NEW has a large gap and +6deg yaw.
C03_F01_left_new_far_gap.ply,C03,1,left_new_far_gap,1,337,1,1,left,VISIBLE,0,mask_12_f.ply,7608,1.928000000,0.000000000,0.653000000,2.0000,1.206499934,1.560000420,0.080000000,-0.020000000,0.010000000,roll_mild,0.000,none,,,,Left cluster extends while both clusters move inward; NEW has a large gap and +6deg yaw.
C03_F01_left_new_far_gap.ply,C03,1,left_new_far_gap,2,541,1,2,left,VISIBLE,1,mask_14_f.ply,7339,3.451249972,0.050000000,0.660000000,6.0000,1.240000010,1.690000534,,,,clean,0.000,none,3.251249972,0.020000000,0.660000000,Left cluster extends while both clusters move inward; NEW has a large gap and +6deg yaw.
C03_F01_left_new_far_gap.ply,C03,1,left_new_far_gap,8,488,1,8,right,VISIBLE,0,mask_12_f.ply,7608,13.100000000,0.000000000,0.643000000,-2.0000,1.206499934,1.560000420,-0.050000000,0.020000000,0.000000000,roll_mild,0.000,none,,,,Left cluster extends while both clusters move inward; NEW has a large gap and +6deg yaw.
C03_F01_left_new_far_gap.ply,C03,1,left_new_far_gap,9,681,1,9,right,VISIBLE,0,mask_14_f.ply,7339,14.355000000,-0.010000000,0.635000000,0.0000,1.240000010,1.690000534,-0.020000000,-0.010000000,0.000000000,clean,0.000,none,,,,Left cluster extends while both clusters move inward; NEW has a large gap and +6deg yaw.
C03_F02_right_new_partial_left.ply,C03,2,right_new_partial_left,0,594,1,0,left,VISIBLE,0,mask_10_f.ply,5835,0.665000000,0.010000000,0.635000000,0.0000,1.189999938,1.590000153,0.020000000,0.000000000,0.000000000,clean,0.000,none,,,,"Right cluster extends; all coils move, one left-cluster coil is side-occluded, NEW has -7deg yaw."
C03_F02_right_new_partial_left.ply,C03,2,right_new_partial_left,1,796,1,1,left,PARTIAL_VISIBLE,0,mask_12_f.ply,7608,1.978000000,0.020000000,0.653000000,2.0000,1.206499934,1.560000420,0.050000000,0.020000000,0.000000000,roll_mild,0.400,both,,,,"Right cluster extends; all coils move, one left-cluster coil is side-occluded, NEW has -7deg yaw."
C03_F02_right_new_partial_left.ply,C03,2,right_new_partial_left,2,328,1,2,left,VISIBLE,0,mask_14_f.ply,7339,3.571249972,0.020000000,0.670000000,6.0000,1.240000010,1.690000534,0.120000000,-0.030000000,0.010000000,roll_heavy,0.000,none,,,,"Right cluster extends; all coils move, one left-cluster coil is side-occluded, NEW has -7deg yaw."
C03_F02_right_new_partial_left.ply,C03,2,right_new_partial_left,7,462,1,7,right,VISIBLE,1,mask_10_f.ply,5835,11.611750064,-0.050000000,0.650000000,-7.0000,1.189999938,1.590000153,,,,clean,0.000,none,11.831750064,-0.020000000,0.650000000,"Right cluster extends; all coils move, one left-cluster coil is side-occluded, NEW has -7deg yaw."
C03_F02_right_new_partial_left.ply,C03,2,right_new_partial_left,8,876,1,8,right,VISIBLE,0,mask_12_f.ply,7608,13.010000000,-0.020000000,0.653000000,-2.0000,1.206499934,1.560000420,-0.090000000,-0.020000000,0.010000000,roll_heavy,0.000,none,,,,"Right cluster extends; all coils move, one left-cluster coil is side-occluded, NEW has -7deg yaw."
C03_F02_right_new_partial_left.ply,C03,2,right_new_partial_left,9,472,1,9,right,VISIBLE,0,mask_14_f.ply,7339,14.325000000,0.000000000,0.635000000,0.0000,1.240000010,1.690000534,-0.030000000,0.010000000,0.000000000,clean,0.000,none,,,,"Right cluster extends; all coils move, one left-cluster coil is side-occluded, NEW has -7deg yaw."
C03_F03_two_new_both_sides.ply,C03,3,two_new_both_sides,0,343,1,0,left,VISIBLE,0,mask_10_f.ply,5835,0.705000000,0.000000000,0.635000000,0.0000,1.189999938,1.590000153,0.040000000,-0.010000000,0.000000000,roll_mild,0.000,none,,,,"Two NEW coils are placed simultaneously, one on each cluster; both have yaw and unequal gaps; all history moves."
C03_F03_two_new_both_sides.ply,C03,3,two_new_both_sides,1,805,1,1,left,VISIBLE,0,mask_12_f.ply,7608,2.038000000,0.020000000,0.653000000,2.0000,1.206499934,1.560000420,0.060000000,0.000000000,0.000000000,roll_mild,0.000,none,,,,"Two NEW coils are placed simultaneously, one on each cluster; both have yaw and unequal gaps; all history moves."
C03_F03_two_new_both_sides.ply,C03,3,two_new_both_sides,2,104,1,2,left,VISIBLE,0,mask_14_f.ply,7339,3.651249972,0.030000000,0.670000000,6.0000,1.240000010,1.690000534,0.080000000,0.010000000,0.000000000,roll_mild,0.000,none,,,,"Two NEW coils are placed simultaneously, one on each cluster; both have yaw and unequal gaps; all history moves."
C03_F03_two_new_both_sides.ply,C03,3,two_new_both_sides,3,267,1,3,left,VISIBLE,1,mask_1_f.ply,8255,4.961249891,0.080000000,0.640000000,5.0000,1.179999828,1.660000801,,,,clean,0.000,none,4.841249891,0.060000000,0.640000000,"Two NEW coils are placed simultaneously, one on each cluster; both have yaw and unequal gaps; all history moves."
C03_F03_two_new_both_sides.ply,C03,3,two_new_both_sides,6,144,1,6,right,VISIBLE,1,mask_7_f.ply,7117,9.964999640,-0.080000000,0.670000000,-6.0000,1.283500910,1.569998741,,,,clean,0.000,none,10.144999640,-0.060000000,0.670000000,"Two NEW coils are placed simultaneously, one on each cluster; both have yaw and unequal gaps; all history moves."
C03_F03_two_new_both_sides.ply,C03,3,two_new_both_sides,7,642,1,7,right,VISIBLE,0,mask_10_f.ply,5835,11.541750064,-0.050000000,0.650000000,-7.0000,1.189999938,1.590000153,-0.070000000,0.000000000,0.000000000,roll_mild,0.000,none,,,,"Two NEW coils are placed simultaneously, one on each cluster; both have yaw and unequal gaps; all history moves."
C03_F03_two_new_both_sides.ply,C03,3,two_new_both_sides,8,321,1,8,right,VISIBLE,0,mask_12_f.ply,7608,12.955000000,-0.010000000,0.653000000,-2.0000,1.206499934,1.560000420,-0.055000000,0.010000000,0.000000000,roll_mild,0.000,none,,,,"Two NEW coils are placed simultaneously, one on each cluster; both have yaw and unequal gaps; all history moves."
C03_F03_two_new_both_sides.ply,C03,3,two_new_both_sides,9,307,1,9,right,VISIBLE,0,mask_14_f.ply,7339,14.285000000,-0.010000000,0.635000000,0.0000,1.240000010,1.690000534,-0.040000000,-0.010000000,0.000000000,roll_mild,0.000,none,,,,"Two NEW coils are placed simultaneously, one on each cluster; both have yaw and unequal gaps; all history moves."
C03_F04_two_side_with_occluded.ply,C03,4,two_side_with_occluded,0,909,1,0,left,VISIBLE,0,mask_10_f.ply,5835,0.725000000,-0.010000000,0.635000000,0.0000,1.189999938,1.590000153,0.020000000,-0.010000000,0.000000000,roll_mild,0.000,none,,,,No birth; both clusters move and historical ID7 becomes fully occluded while its semantic slot remains occupied.
C03_F04_two_side_with_occluded.ply,C03,4,two_side_with_occluded,1,272,1,1,left,VISIBLE,0,mask_12_f.ply,7608,2.058000000,0.030000000,0.653000000,2.0000,1.206499934,1.560000420,0.020000000,0.010000000,0.000000000,roll_mild,0.000,none,,,,No birth; both clusters move and historical ID7 becomes fully occluded while its semantic slot remains occupied.
C03_F04_two_side_with_occluded.ply,C03,4,two_side_with_occluded,2,612,1,2,left,VISIBLE,0,mask_14_f.ply,7339,3.671249972,0.020000000,0.670000000,6.0000,1.240000010,1.690000534,0.020000000,-0.010000000,0.000000000,roll_mild,0.000,none,,,,No birth; both clusters move and historical ID7 becomes fully occluded while its semantic slot remains occupied.
C03_F04_two_side_with_occluded.ply,C03,4,two_side_with_occluded,3,214,1,3,left,VISIBLE,0,mask_1_f.ply,8255,4.981249891,0.090000000,0.640000000,5.0000,1.179999828,1.660000801,0.020000000,0.010000000,0.000000000,roll_mild,0.000,none,,,,No birth; both clusters move and historical ID7 becomes fully occluded while its semantic slot remains occupied.
C03_F04_two_side_with_occluded.ply,C03,4,two_side_with_occluded,6,271,1,6,right,VISIBLE,0,mask_7_f.ply,7117,9.934999640,-0.090000000,0.670000000,-6.0000,1.283500910,1.569998741,-0.030000000,-0.010000000,0.000000000,roll_mild,0.000,none,,,,No birth; both clusters move and historical ID7 becomes fully occluded while its semantic slot remains occupied.
C03_F04_two_side_with_occluded.ply,C03,4,two_side_with_occluded,7,-1,1,7,right,OCCLUDED,0,mask_10_f.ply,5835,11.511750064,-0.040000000,0.650000000,-7.0000,1.189999938,1.590000153,-0.030000000,0.010000000,0.000000000,degraded,0.800,both,,,,No birth; both clusters move and historical ID7 becomes fully occluded while its semantic slot remains occupied.
C03_F04_two_side_with_occluded.ply,C03,4,two_side_with_occluded,8,404,1,8,right,VISIBLE,0,mask_12_f.ply,7608,12.925000000,-0.020000000,0.653000000,-2.0000,1.206499934,1.560000420,-0.030000000,-0.010000000,0.000000000,roll_mild,0.000,none,,,,No birth; both clusters move and historical ID7 becomes fully occluded while its semantic slot remains occupied.
C03_F04_two_side_with_occluded.ply,C03,4,two_side_with_occluded,9,409,1,9,right,VISIBLE,0,mask_14_f.ply,7339,14.255000000,0.000000000,0.635000000,0.0000,1.240000010,1.690000534,-0.030000000,0.010000000,0.000000000,roll_mild,0.000,none,,,,No birth; both clusters move and historical ID7 becomes fully occluded while its semantic slot remains occupied.
C03_F05_occluded_return_partial.ply,C03,5,occluded_return_partial,0,998,1,0,left,VISIBLE,0,mask_10_f.ply,5835,0.715000000,-0.010000000,0.635000000,0.0000,1.189999938,1.590000153,-0.010000000,0.000000000,0.000000000,clean,0.000,none,,,,"ID7 returns partially; both clusters settle and the large middle region is still a valid free region, not an abnormal gap."
C03_F05_occluded_return_partial.ply,C03,5,occluded_return_partial,1,436,1,1,left,VISIBLE,0,mask_12_f.ply,7608,2.048000000,0.030000000,0.653000000,1.6000,1.206499934,1.560000420,-0.010000000,0.000000000,0.000000000,clean,0.000,none,,,,"ID7 returns partially; both clusters settle and the large middle region is still a valid free region, not an abnormal gap."
C03_F05_occluded_return_partial.ply,C03,5,occluded_return_partial,2,994,1,2,left,VISIBLE,0,mask_14_f.ply,7339,3.661249972,0.020000000,0.670000000,4.8000,1.240000010,1.690000534,-0.010000000,0.000000000,0.000000000,clean,0.000,none,,,,"ID7 returns partially; both clusters settle and the large middle region is still a valid free region, not an abnormal gap."
C03_F05_occluded_return_partial.ply,C03,5,occluded_return_partial,3,102,1,3,left,VISIBLE,0,mask_1_f.ply,8255,4.971249891,0.090000000,0.640000000,4.0000,1.179999828,1.660000801,-0.010000000,0.000000000,0.000000000,clean,0.000,none,,,,"ID7 returns partially; both clusters settle and the large middle region is still a valid free region, not an abnormal gap."
C03_F05_occluded_return_partial.ply,C03,5,occluded_return_partial,6,335,1,6,right,VISIBLE,0,mask_7_f.ply,7117,9.944999640,-0.090000000,0.670000000,-4.8000,1.283500910,1.569998741,0.010000000,0.000000000,0.000000000,clean,0.000,none,,,,"ID7 returns partially; both clusters settle and the large middle region is still a valid free region, not an abnormal gap."
C03_F05_occluded_return_partial.ply,C03,5,occluded_return_partial,7,602,1,7,right,PARTIAL_VISIBLE,0,mask_10_f.ply,5835,11.521750064,-0.040000000,0.650000000,-5.6000,1.189999938,1.590000153,0.010000000,0.000000000,0.000000000,roll_mild,0.450,both,,,,"ID7 returns partially; both clusters settle and the large middle region is still a valid free region, not an abnormal gap."
C03_F05_occluded_return_partial.ply,C03,5,occluded_return_partial,8,967,1,8,right,VISIBLE,0,mask_12_f.ply,7608,12.935000000,-0.020000000,0.653000000,-1.6000,1.206499934,1.560000420,0.010000000,0.000000000,0.000000000,clean,0.000,none,,,,"ID7 returns partially; both clusters settle and the large middle region is still a valid free region, not an abnormal gap."
C03_F05_occluded_return_partial.ply,C03,5,occluded_return_partial,9,227,1,9,right,VISIBLE,0,mask_14_f.ply,7339,14.265000000,0.000000000,0.635000000,0.0000,1.240000010,1.690000534,0.010000000,0.000000000,0.000000000,clean,0.000,none,,,,"ID7 returns partially; both clusters settle and the large middle region is still a valid free region, not an abnormal gap."
C04_F00_same_geom_start.ply,C04,0,same_geom_start,0,673,1,0,left,VISIBLE,0,mask_12_f.ply,7608,0.650000000,0.000000000,0.643249967,0.0000,1.206499934,1.560000420,,,,clean,0.000,none,,,,"Adversarial same-geometry sequence: all objects share one prototype, entire cluster shifts by more than half a spacing, then a same-spec NEW appears; nearest-neighbor should fail but order semantics must protect identity."
C04_F00_same_geom_start.ply,C04,0,same_geom_start,1,757,1,1,left,VISIBLE,0,mask_12_f.ply,7608,1.885000000,0.000000000,0.643249967,0.0000,1.206499934,1.560000420,,,,clean,0.000,none,,,,"Adversarial same-geometry sequence: all objects share one prototype, entire cluster shifts by more than half a spacing, then a same-spec NEW appears; nearest-neighbor should fail but order semantics must protect identity."
C04_F00_same_geom_start.ply,C04,0,same_geom_start,2,849,1,2,left,VISIBLE,0,mask_12_f.ply,7608,3.120000000,0.000000000,0.643249967,0.0000,1.206499934,1.560000420,,,,clean,0.000,none,,,,"Adversarial same-geometry sequence: all objects share one prototype, entire cluster shifts by more than half a spacing, then a same-spec NEW appears; nearest-neighbor should fail but order semantics must protect identity."
C04_F00_same_geom_start.ply,C04,0,same_geom_start,3,322,1,3,left,VISIBLE,0,mask_12_f.ply,7608,4.355000000,0.000000000,0.643249967,0.0000,1.206499934,1.560000420,,,,clean,0.000,none,,,,"Adversarial same-geometry sequence: all objects share one prototype, entire cluster shifts by more than half a spacing, then a same-spec NEW appears; nearest-neighbor should fail but order semantics must protect identity."
C04_F00_same_geom_start.ply,C04,0,same_geom_start,4,507,1,4,left,VISIBLE,0,mask_12_f.ply,7608,5.590000000,0.000000000,0.643249967,0.0000,1.206499934,1.560000420,,,,clean,0.000,none,,,,"Adversarial same-geometry sequence: all objects share one prototype, entire cluster shifts by more than half a spacing, then a same-spec NEW appears; nearest-neighbor should fail but order semantics must protect identity."
C04_F00_same_geom_start.ply,C04,0,same_geom_start,5,519,1,5,left,VISIBLE,0,mask_12_f.ply,7608,6.825000000,0.000000000,0.643249967,0.0000,1.206499934,1.560000420,,,,clean,0.000,none,,,,"Adversarial same-geometry sequence: all objects share one prototype, entire cluster shifts by more than half a spacing, then a same-spec NEW appears; nearest-neighbor should fail but order semantics must protect identity."
C04_F01_nearest_neighbor_trap.ply,C04,1,nearest_neighbor_trap,0,441,1,0,left,VISIBLE,0,mask_12_f.ply,7608,1.370000000,-0.020000000,0.643249967,-3.0000,1.206499934,1.560000420,0.720000000,-0.020000000,0.000000000,roll_heavy,0.000,none,,,,Every coil shifts +0.72m (> half spacing) with identical D/L and heavy rolling observation mismatch; pure nearest-neighbor is intentionally misleading.
C04_F01_nearest_neighbor_trap.ply,C04,1,nearest_neighbor_trap,1,713,1,1,left,VISIBLE,0,mask_12_f.ply,7608,2.605000000,0.020000000,0.643249967,-1.0000,1.206499934,1.560000420,0.720000000,0.020000000,0.000000000,roll_heavy,0.000,none,,,,Every coil shifts +0.72m (> half spacing) with identical D/L and heavy rolling observation mismatch; pure nearest-neighbor is intentionally misleading.
C04_F01_nearest_neighbor_trap.ply,C04,1,nearest_neighbor_trap,2,870,1,2,left,VISIBLE,0,mask_12_f.ply,7608,3.840000000,-0.020000000,0.643249967,1.0000,1.206499934,1.560000420,0.720000000,-0.020000000,0.000000000,roll_heavy,0.000,none,,,,Every coil shifts +0.72m (> half spacing) with identical D/L and heavy rolling observation mismatch; pure nearest-neighbor is intentionally misleading.
C04_F01_nearest_neighbor_trap.ply,C04,1,nearest_neighbor_trap,3,438,1,3,left,VISIBLE,0,mask_12_f.ply,7608,5.075000000,0.020000000,0.643249967,3.0000,1.206499934,1.560000420,0.720000000,0.020000000,0.000000000,roll_heavy,0.000,none,,,,Every coil shifts +0.72m (> half spacing) with identical D/L and heavy rolling observation mismatch; pure nearest-neighbor is intentionally misleading.
C04_F01_nearest_neighbor_trap.ply,C04,1,nearest_neighbor_trap,4,786,1,4,left,VISIBLE,0,mask_12_f.ply,7608,6.310000000,-0.020000000,0.643249967,-3.0000,1.206499934,1.560000420,0.720000000,-0.020000000,0.000000000,roll_heavy,0.000,none,,,,Every coil shifts +0.72m (> half spacing) with identical D/L and heavy rolling observation mismatch; pure nearest-neighbor is intentionally misleading.
C04_F01_nearest_neighbor_trap.ply,C04,1,nearest_neighbor_trap,5,305,1,5,left,VISIBLE,0,mask_12_f.ply,7608,7.545000000,0.020000000,0.643249967,-1.0000,1.206499934,1.560000420,0.720000000,0.020000000,0.000000000,roll_heavy,0.000,none,,,,Every coil shifts +0.72m (> half spacing) with identical D/L and heavy rolling observation mismatch; pure nearest-neighbor is intentionally misleading.
C04_F02_same_spec_new_after_shift.ply,C04,2,same_spec_new_after_shift,0,948,1,0,left,VISIBLE,0,mask_12_f.ply,7608,1.850000000,-0.030000000,0.638249967,-3.0000,1.206499934,1.560000420,0.480000000,-0.010000000,-0.005000000,roll_heavy,0.000,none,,,,A same-spec NEW appears after another large group shift; NEW target is imperfect and geometry cannot distinguish identities.
C04_F02_same_spec_new_after_shift.ply,C04,2,same_spec_new_after_shift,1,626,1,1,left,VISIBLE,0,mask_12_f.ply,7608,3.085000000,0.020000000,0.648249967,-1.0000,1.206499934,1.560000420,0.480000000,0.000000000,0.005000000,roll_heavy,0.000,none,,,,A same-spec NEW appears after another large group shift; NEW target is imperfect and geometry cannot distinguish identities.
C04_F02_same_spec_new_after_shift.ply,C04,2,same_spec_new_after_shift,2,914,1,2,left,VISIBLE,0,mask_12_f.ply,7608,4.320000000,-0.010000000,0.638249967,1.0000,1.206499934,1.560000420,0.480000000,0.010000000,-0.005000000,roll_heavy,0.000,none,,,,A same-spec NEW appears after another large group shift; NEW target is imperfect and geometry cannot distinguish identities.
C04_F02_same_spec_new_after_shift.ply,C04,2,same_spec_new_after_shift,3,297,1,3,left,VISIBLE,0,mask_12_f.ply,7608,5.555000000,0.010000000,0.648249967,3.0000,1.206499934,1.560000420,0.480000000,-0.010000000,0.005000000,roll_heavy,0.000,none,,,,A same-spec NEW appears after another large group shift; NEW target is imperfect and geometry cannot distinguish identities.
C04_F02_same_spec_new_after_shift.ply,C04,2,same_spec_new_after_shift,4,270,1,4,left,VISIBLE,0,mask_12_f.ply,7608,6.790000000,-0.020000000,0.638249967,-3.0000,1.206499934,1.560000420,0.480000000,0.000000000,-0.005000000,roll_heavy,0.000,none,,,,A same-spec NEW appears after another large group shift; NEW target is imperfect and geometry cannot distinguish identities.
C04_F02_same_spec_new_after_shift.ply,C04,2,same_spec_new_after_shift,5,542,1,5,left,VISIBLE,0,mask_12_f.ply,7608,8.025000000,0.030000000,0.648249967,-1.0000,1.206499934,1.560000420,0.480000000,0.010000000,0.005000000,roll_heavy,0.000,none,,,,A same-spec NEW appears after another large group shift; NEW target is imperfect and geometry cannot distinguish identities.
C04_F02_same_spec_new_after_shift.ply,C04,2,same_spec_new_after_shift,6,603,1,6,left,VISIBLE,1,mask_12_f.ply,7608,9.451499934,-0.050000000,0.653249967,7.0000,1.206499934,1.560000420,,,,clean,0.000,none,9.151499934,-0.020000000,0.643249967,A same-spec NEW appears after another large group shift; NEW target is imperfect and geometry cannot distinguish identities.
C04_F03_same_geom_partial_center.ply,C04,3,same_geom_partial_center,0,939,1,0,left,VISIBLE,0,mask_12_f.ply,7608,2.030000000,-0.020000000,0.638249967,-3.0000,1.206499934,1.560000420,0.180000000,0.010000000,0.000000000,roll_heavy,0.000,none,,,,"Same-spec cluster continues moving; central ID3 becomes heavily side-occluded, creating a high-risk identity-swap case."
C04_F03_same_geom_partial_center.ply,C04,3,same_geom_partial_center,1,179,1,1,left,VISIBLE,0,mask_12_f.ply,7608,3.285000000,0.010000000,0.648249967,-1.0000,1.206499934,1.560000420,0.200000000,-0.010000000,0.000000000,roll_heavy,0.000,none,,,,"Same-spec cluster continues moving; central ID3 becomes heavily side-occluded, creating a high-risk identity-swap case."
C04_F03_same_geom_partial_center.ply,C04,3,same_geom_partial_center,2,223,1,2,left,VISIBLE,0,mask_12_f.ply,7608,4.540000000,0.000000000,0.638249967,1.0000,1.206499934,1.560000420,0.220000000,0.010000000,0.000000000,roll_heavy,0.000,none,,,,"Same-spec cluster continues moving; central ID3 becomes heavily side-occluded, creating a high-risk identity-swap case."
C04_F03_same_geom_partial_center.ply,C04,3,same_geom_partial_center,3,918,1,3,left,PARTIAL_VISIBLE,0,mask_12_f.ply,7608,5.795000000,0.000000000,0.648249967,3.0000,1.206499934,1.560000420,0.240000000,-0.010000000,0.000000000,roll_heavy,0.550,both,,,,"Same-spec cluster continues moving; central ID3 becomes heavily side-occluded, creating a high-risk identity-swap case."
C04_F03_same_geom_partial_center.ply,C04,3,same_geom_partial_center,4,858,1,4,left,VISIBLE,0,mask_12_f.ply,7608,7.050000000,-0.010000000,0.638249967,-3.0000,1.206499934,1.560000420,0.260000000,0.010000000,0.000000000,roll_heavy,0.000,none,,,,"Same-spec cluster continues moving; central ID3 becomes heavily side-occluded, creating a high-risk identity-swap case."
C04_F03_same_geom_partial_center.ply,C04,3,same_geom_partial_center,5,844,1,5,left,VISIBLE,0,mask_12_f.ply,7608,8.305000000,0.020000000,0.648249967,-1.0000,1.206499934,1.560000420,0.280000000,-0.010000000,0.000000000,roll_heavy,0.000,none,,,,"Same-spec cluster continues moving; central ID3 becomes heavily side-occluded, creating a high-risk identity-swap case."
C04_F03_same_geom_partial_center.ply,C04,3,same_geom_partial_center,6,381,1,6,left,VISIBLE,0,mask_12_f.ply,7608,9.751499934,-0.040000000,0.653249967,7.0000,1.206499934,1.560000420,0.300000000,0.010000000,0.000000000,roll_heavy,0.000,none,,,,"Same-spec cluster continues moving; central ID3 becomes heavily side-occluded, creating a high-risk identity-swap case."
C04_F04_same_geom_occluded.ply,C04,4,same_geom_occluded,0,671,1,0,left,VISIBLE,0,mask_12_f.ply,7608,2.080000000,-0.020000000,0.638249967,-3.0000,1.206499934,1.560000420,0.050000000,0.000000000,0.000000000,roll_mild,0.000,none,,,,One same-spec historical coil disappears completely while all others remain; semantic bracketing should preserve its ID.
C04_F04_same_geom_occluded.ply,C04,4,same_geom_occluded,1,452,1,1,left,VISIBLE,0,mask_12_f.ply,7608,3.335000000,0.010000000,0.648249967,-1.0000,1.206499934,1.560000420,0.050000000,0.000000000,0.000000000,roll_mild,0.000,none,,,,One same-spec historical coil disappears completely while all others remain; semantic bracketing should preserve its ID.
C04_F04_same_geom_occluded.ply,C04,4,same_geom_occluded,2,-1,1,2,left,OCCLUDED,0,mask_12_f.ply,7608,4.590000000,0.000000000,0.638249967,1.0000,1.206499934,1.560000420,0.050000000,0.000000000,0.000000000,roll_mild,0.900,both,,,,One same-spec historical coil disappears completely while all others remain; semantic bracketing should preserve its ID.
C04_F04_same_geom_occluded.ply,C04,4,same_geom_occluded,3,714,1,3,left,VISIBLE,0,mask_12_f.ply,7608,5.845000000,0.000000000,0.648249967,3.0000,1.206499934,1.560000420,0.050000000,0.000000000,0.000000000,roll_mild,0.000,none,,,,One same-spec historical coil disappears completely while all others remain; semantic bracketing should preserve its ID.
C04_F04_same_geom_occluded.ply,C04,4,same_geom_occluded,4,325,1,4,left,VISIBLE,0,mask_12_f.ply,7608,7.100000000,-0.010000000,0.638249967,-3.0000,1.206499934,1.560000420,0.050000000,0.000000000,0.000000000,roll_mild,0.000,none,,,,One same-spec historical coil disappears completely while all others remain; semantic bracketing should preserve its ID.
C04_F04_same_geom_occluded.ply,C04,4,same_geom_occluded,5,800,1,5,left,VISIBLE,0,mask_12_f.ply,7608,8.355000000,0.020000000,0.648249967,-1.0000,1.206499934,1.560000420,0.050000000,0.000000000,0.000000000,roll_mild,0.000,none,,,,One same-spec historical coil disappears completely while all others remain; semantic bracketing should preserve its ID.
C04_F04_same_geom_occluded.ply,C04,4,same_geom_occluded,6,885,1,6,left,VISIBLE,0,mask_12_f.ply,7608,9.801499934,-0.040000000,0.653249967,7.0000,1.206499934,1.560000420,0.050000000,0.000000000,0.000000000,roll_mild,0.000,none,,,,One same-spec historical coil disappears completely while all others remain; semantic bracketing should preserve its ID.
C05_F00_combo_start.ply,C05,0,combo_start,0,239,1,0,left,VISIBLE,0,mask_10_f.ply,5835,0.625000000,-0.010000000,0.634999969,0.0000,1.189999938,1.590000153,,,,clean,0.000,none,,,,Combined difficult loading: historical occlusion and a far-gap yawed NEW occur in the same frame while every visible old coil moves; then the missing ID returns and loading continues.
C05_F00_combo_start.ply,C05,0,combo_start,1,941,1,1,left,VISIBLE,0,mask_12_f.ply,7608,1.848000000,0.010000000,0.643249967,1.0000,1.206499934,1.560000420,,,,clean,0.000,none,,,,Combined difficult loading: historical occlusion and a far-gap yawed NEW occur in the same frame while every visible old coil moves; then the missing ID returns and loading continues.
C05_F00_combo_start.ply,C05,0,combo_start,2,649,1,2,left,VISIBLE,0,mask_14_f.ply,7339,3.096000000,-0.010000000,0.660000005,-1.0000,1.240000010,1.690000534,,,,clean,0.000,none,,,,Combined difficult loading: historical occlusion and a far-gap yawed NEW occur in the same frame while every visible old coil moves; then the missing ID returns and loading continues.
C05_F00_combo_start.ply,C05,0,combo_start,3,484,1,3,left,VISIBLE,0,mask_1_f.ply,8255,4.331000000,0.010000000,0.629999914,2.0000,1.179999828,1.660000801,,,,clean,0.000,none,,,,Combined difficult loading: historical occlusion and a far-gap yawed NEW occur in the same frame while every visible old coil moves; then the missing ID returns and loading continues.
C05_F01_new_and_occluded_far_gap.ply,C05,1,new_and_occluded_far_gap,0,460,1,0,left,VISIBLE,0,mask_10_f.ply,5835,0.675000000,0.010000000,0.634999969,0.0000,1.189999938,1.590000153,0.050000000,0.020000000,0.000000000,roll_mild,0.000,none,,,,ID1 is fully occluded while a -8deg NEW appears far from ID3; all historical positions move simultaneously.
C05_F01_new_and_occluded_far_gap.ply,C05,1,new_and_occluded_far_gap,1,-1,1,1,left,OCCLUDED,0,mask_12_f.ply,7608,1.948000000,-0.010000000,0.643249967,1.0000,1.206499934,1.560000420,0.100000000,-0.020000000,0.000000000,roll_mild,0.900,both,,,,ID1 is fully occluded while a -8deg NEW appears far from ID3; all historical positions move simultaneously.
C05_F01_new_and_occluded_far_gap.ply,C05,1,new_and_occluded_far_gap,2,311,1,2,left,VISIBLE,0,mask_14_f.ply,7339,3.276000000,0.020000000,0.670000005,-1.0000,1.240000010,1.690000534,0.180000000,0.030000000,0.010000000,roll_mild,0.000,none,,,,ID1 is fully occluded while a -8deg NEW appears far from ID3; all historical positions move simultaneously.
C05_F01_new_and_occluded_far_gap.ply,C05,1,new_and_occluded_far_gap,3,222,1,3,left,VISIBLE,0,mask_1_f.ply,8255,4.611000000,-0.010000000,0.629999914,2.0000,1.179999828,1.660000801,0.280000000,-0.020000000,0.000000000,roll_mild,0.000,none,,,,ID1 is fully occluded while a -8deg NEW appears far from ID3; all historical positions move simultaneously.
C05_F01_new_and_occluded_far_gap.ply,C05,1,new_and_occluded_far_gap,4,178,1,4,left,VISIBLE,1,mask_5_f.ply,8733,6.300999938,0.080000000,0.650000000,-8.0000,1.200000048,1.619999886,,,,clean,0.000,none,6.050999938,0.050000000,0.650000000,ID1 is fully occluded while a -8deg NEW appears far from ID3; all historical positions move simultaneously.
C05_F02_occluded_returns_partial.ply,C05,2,occluded_returns_partial,0,690,1,0,left,VISIBLE,0,mask_10_f.ply,5835,0.705000000,0.000000000,0.634999969,0.0000,1.189999938,1.590000153,0.030000000,-0.010000000,0.000000000,clean,0.000,none,,,,Previously hidden ID1 returns partially while all objects continue non-uniform motion and rolling observation changes.
C05_F02_occluded_returns_partial.ply,C05,2,occluded_returns_partial,1,496,1,1,left,PARTIAL_VISIBLE,0,mask_12_f.ply,7608,2.008000000,0.010000000,0.653249967,2.0000,1.206499934,1.560000420,0.060000000,0.020000000,0.010000000,roll_mild,0.450,both,,,,Previously hidden ID1 returns partially while all objects continue non-uniform motion and rolling observation changes.
C05_F02_occluded_returns_partial.ply,C05,2,occluded_returns_partial,2,733,1,2,left,VISIBLE,0,mask_14_f.ply,7339,3.396000000,-0.000000000,0.670000005,-3.0000,1.240000010,1.690000534,0.120000000,-0.020000000,0.000000000,roll_heavy,0.000,none,,,,Previously hidden ID1 returns partially while all objects continue non-uniform motion and rolling observation changes.
C05_F02_occluded_returns_partial.ply,C05,2,occluded_returns_partial,3,637,1,3,left,VISIBLE,0,mask_1_f.ply,8255,4.771000000,0.000000000,0.629999914,4.0000,1.179999828,1.660000801,0.160000000,0.010000000,0.000000000,roll_heavy,0.000,none,,,,Previously hidden ID1 returns partially while all objects continue non-uniform motion and rolling observation changes.
C05_F02_occluded_returns_partial.ply,C05,2,occluded_returns_partial,4,902,1,4,left,VISIBLE,0,mask_5_f.ply,8733,6.520999938,0.050000000,0.650000000,-6.0000,1.200000048,1.619999886,0.220000000,-0.030000000,0.000000000,roll_heavy,0.000,none,,,,Previously hidden ID1 returns partially while all objects continue non-uniform motion and rolling observation changes.
C05_F03_continued_loading_partial.ply,C05,3,continued_loading_partial,0,148,1,0,left,VISIBLE,0,mask_10_f.ply,5835,0.735000000,-0.010000000,0.634999969,0.0000,1.189999938,1.590000153,0.030000000,-0.010000000,0.000000000,roll_mild,0.000,none,,,,Loading continues with another yawed NEW while ID2 is partially side-occluded and every historical coil moves.
C05_F03_continued_loading_partial.ply,C05,3,continued_loading_partial,1,302,1,1,left,VISIBLE,0,mask_12_f.ply,7608,2.058000000,0.020000000,0.653249967,2.0000,1.206499934,1.560000420,0.050000000,0.010000000,0.000000000,roll_mild,0.000,none,,,,Loading continues with another yawed NEW while ID2 is partially side-occluded and every historical coil moves.
C05_F03_continued_loading_partial.ply,C05,3,continued_loading_partial,2,759,1,2,left,PARTIAL_VISIBLE,0,mask_14_f.ply,7339,3.466000000,-0.010000000,0.670000005,-3.0000,1.240000010,1.690000534,0.070000000,-0.010000000,0.000000000,roll_mild,0.350,right,,,,Loading continues with another yawed NEW while ID2 is partially side-occluded and every historical coil moves.
C05_F03_continued_loading_partial.ply,C05,3,continued_loading_partial,3,159,1,3,left,VISIBLE,0,mask_1_f.ply,8255,4.861000000,0.010000000,0.629999914,4.0000,1.179999828,1.660000801,0.090000000,0.010000000,0.000000000,roll_mild,0.000,none,,,,Loading continues with another yawed NEW while ID2 is partially side-occluded and every historical coil moves.
C05_F03_continued_loading_partial.ply,C05,3,continued_loading_partial,4,580,1,4,left,VISIBLE,0,mask_5_f.ply,8733,6.630999938,0.040000000,0.650000000,-6.0000,1.200000048,1.619999886,0.110000000,-0.010000000,0.000000000,roll_mild,0.000,none,,,,Loading continues with another yawed NEW while ID2 is partially side-occluded and every historical coil moves.
C05_F03_continued_loading_partial.ply,C05,3,continued_loading_partial,5,644,1,5,left,VISIBLE,1,mask_6_f.ply,6518,8.040999936,-0.050000000,0.645000000,6.0000,1.179999948,1.619999886,,,,clean,0.000,none,8.240999936,-0.050000000,0.645000000,Loading continues with another yawed NEW while ID2 is partially side-occluded and every historical coil moves.
C05_F04_combo_recovered.ply,C05,4,combo_recovered,0,489,1,0,left,VISIBLE,0,mask_10_f.ply,5835,0.715000000,-0.020000000,0.634999969,0.0000,1.189999938,1.590000153,-0.020000000,-0.010000000,0.000000000,clean,0.000,none,,,,All IDs are visible again after settling; identity must remain unchanged across the earlier NEW+OCCLUDED ambiguity.
C05_F04_combo_recovered.ply,C05,4,combo_recovered,1,357,1,1,left,VISIBLE,0,mask_12_f.ply,7608,2.028000000,0.020000000,0.653249967,1.2000,1.206499934,1.560000420,-0.030000000,0.000000000,0.000000000,clean,0.000,none,,,,All IDs are visible again after settling; identity must remain unchanged across the earlier NEW+OCCLUDED ambiguity.
C05_F04_combo_recovered.ply,C05,4,combo_recovered,2,864,1,2,left,VISIBLE,0,mask_14_f.ply,7339,3.426000000,-0.000000000,0.670000005,-1.8000,1.240000010,1.690000534,-0.040000000,0.010000000,0.000000000,roll_mild,0.000,none,,,,All IDs are visible again after settling; identity must remain unchanged across the earlier NEW+OCCLUDED ambiguity.
C05_F04_combo_recovered.ply,C05,4,combo_recovered,3,105,1,3,left,VISIBLE,0,mask_1_f.ply,8255,4.811000000,0.000000000,0.629999914,2.4000,1.179999828,1.660000801,-0.050000000,-0.010000000,0.000000000,roll_mild,0.000,none,,,,All IDs are visible again after settling; identity must remain unchanged across the earlier NEW+OCCLUDED ambiguity.
C05_F04_combo_recovered.ply,C05,4,combo_recovered,4,756,1,4,left,VISIBLE,0,mask_5_f.ply,8733,6.570999938,0.040000000,0.650000000,-3.6000,1.200000048,1.619999886,-0.060000000,0.000000000,0.000000000,roll_mild,0.000,none,,,,All IDs are visible again after settling; identity must remain unchanged across the earlier NEW+OCCLUDED ambiguity.
C05_F04_combo_recovered.ply,C05,4,combo_recovered,5,778,1,5,left,VISIBLE,0,mask_6_f.ply,6518,7.970999936,-0.040000000,0.645000000,3.6000,1.179999948,1.619999886,-0.070000000,0.010000000,0.000000000,roll_mild,0.000,none,,,,All IDs are visible again after settling; identity must remain unchanged across the earlier NEW+OCCLUDED ambiguity.
C06_F00_full_l1_start.ply,C06,0,full_l1_start,0,295,1,0,full_L1,VISIBLE,0,mask_10_f.ply,5835,0.625000000,0.000000000,0.634999969,-1.5000,1.189999938,1.590000153,,,,clean,0.000,none,,,,Full first layer with progressive second-layer loading. New upper coils have yaw and target error; first-layer coils move slightly and visibility degrades/recovers without layer changes.
C06_F00_full_l1_start.ply,C06,0,full_l1_start,1,361,1,1,full_L1,VISIBLE,0,mask_12_f.ply,7608,1.848000000,0.000000000,0.643249967,0.0000,1.206499934,1.560000420,,,,clean,0.000,none,,,,Full first layer with progressive second-layer loading. New upper coils have yaw and target error; first-layer coils move slightly and visibility degrades/recovers without layer changes.
C06_F00_full_l1_start.ply,C06,0,full_l1_start,2,171,1,2,full_L1,VISIBLE,0,mask_14_f.ply,7339,3.096000000,0.000000000,0.660000005,1.5000,1.240000010,1.690000534,,,,clean,0.000,none,,,,Full first layer with progressive second-layer loading. New upper coils have yaw and target error; first-layer coils move slightly and visibility degrades/recovers without layer changes.
C06_F00_full_l1_start.ply,C06,0,full_l1_start,3,480,1,3,full_L1,VISIBLE,0,mask_1_f.ply,8255,4.331000000,0.000000000,0.629999914,-1.5000,1.179999828,1.660000801,,,,clean,0.000,none,,,,Full first layer with progressive second-layer loading. New upper coils have yaw and target error; first-layer coils move slightly and visibility degrades/recovers without layer changes.
C06_F00_full_l1_start.ply,C06,0,full_l1_start,4,394,1,4,full_L1,VISIBLE,0,mask_5_f.ply,8733,5.546000000,0.000000000,0.640000024,0.0000,1.200000048,1.619999886,,,,clean,0.000,none,,,,Full first layer with progressive second-layer loading. New upper coils have yaw and target error; first-layer coils move slightly and visibility degrades/recovers without layer changes.
C06_F00_full_l1_start.ply,C06,0,full_l1_start,5,848,1,5,full_L1,VISIBLE,0,mask_6_f.ply,6518,6.761000000,0.000000000,0.629999974,1.5000,1.179999948,1.619999886,,,,clean,0.000,none,,,,Full first layer with progressive second-layer loading. New upper coils have yaw and target error; first-layer coils move slightly and visibility degrades/recovers without layer changes.
C06_F00_full_l1_start.ply,C06,0,full_l1_start,6,573,1,6,full_L1,VISIBLE,0,mask_7_f.ply,7117,8.018000000,0.000000000,0.681750455,-1.5000,1.283500910,1.569998741,,,,clean,0.000,none,,,,Full first layer with progressive second-layer loading. New upper coils have yaw and target error; first-layer coils move slightly and visibility degrades/recovers without layer changes.
C06_F00_full_l1_start.ply,C06,0,full_l1_start,7,788,1,7,full_L1,VISIBLE,0,mask_10_f.ply,5835,9.280000000,0.000000000,0.634999969,0.0000,1.189999938,1.590000153,,,,clean,0.000,none,,,,Full first layer with progressive second-layer loading. New upper coils have yaw and target error; first-layer coils move slightly and visibility degrades/recovers without layer changes.
C06_F00_full_l1_start.ply,C06,0,full_l1_start,8,785,1,8,full_L1,VISIBLE,0,mask_12_f.ply,7608,10.503000000,0.000000000,0.643249967,1.5000,1.206499934,1.560000420,,,,clean,0.000,none,,,,Full first layer with progressive second-layer loading. New upper coils have yaw and target error; first-layer coils move slightly and visibility degrades/recovers without layer changes.
C06_F00_full_l1_start.ply,C06,0,full_l1_start,9,273,1,9,full_L1,VISIBLE,0,mask_14_f.ply,7339,11.752000000,0.000000000,0.660000005,-1.5000,1.240000010,1.690000534,,,,clean,0.000,none,,,,Full first layer with progressive second-layer loading. New upper coils have yaw and target error; first-layer coils move slightly and visibility degrades/recovers without layer changes.
C06_F01_layer2_new_yaw.ply,C06,1,layer2_new_yaw,0,648,1,0,full_L1,VISIBLE,0,mask_10_f.ply,5835,0.635000000,-0.005000000,0.632999969,-1.5000,1.189999938,1.590000153,0.010000000,-0.005000000,-0.002000000,clean,0.000,none,,,,First L2 NEW has +7deg yaw; all L1 coils shift slightly and one lower coil becomes partially visible.
C06_F01_layer2_new_yaw.ply,C06,1,layer2_new_yaw,1,590,1,1,full_L1,VISIBLE,0,mask_12_f.ply,7608,1.864000000,0.005000000,0.643249967,0.0000,1.206499934,1.560000420,0.016000000,0.005000000,0.000000000,roll_mild,0.000,none,,,,First L2 NEW has +7deg yaw; all L1 coils shift slightly and one lower coil becomes partially visible.
C06_F01_layer2_new_yaw.ply,C06,1,layer2_new_yaw,2,697,1,2,full_L1,PARTIAL_VISIBLE,0,mask_14_f.ply,7339,3.118000000,-0.005000000,0.662000005,1.5000,1.240000010,1.690000534,0.022000000,-0.005000000,0.002000000,roll_mild,0.280,both,,,,First L2 NEW has +7deg yaw; all L1 coils shift slightly and one lower coil becomes partially visible.
C06_F01_layer2_new_yaw.ply,C06,1,layer2_new_yaw,3,911,1,3,full_L1,VISIBLE,0,mask_1_f.ply,8255,4.359000000,0.005000000,0.627999914,-1.5000,1.179999828,1.660000801,0.028000000,0.005000000,-0.002000000,roll_mild,0.000,none,,,,First L2 NEW has +7deg yaw; all L1 coils shift slightly and one lower coil becomes partially visible.
C06_F01_layer2_new_yaw.ply,C06,1,layer2_new_yaw,4,660,1,4,full_L1,VISIBLE,0,mask_5_f.ply,8733,5.580000000,-0.005000000,0.640000024,0.0000,1.200000048,1.619999886,0.034000000,-0.005000000,0.000000000,roll_mild,0.000,none,,,,First L2 NEW has +7deg yaw; all L1 coils shift slightly and one lower coil becomes partially visible.
C06_F01_layer2_new_yaw.ply,C06,1,layer2_new_yaw,5,348,1,5,full_L1,VISIBLE,0,mask_6_f.ply,6518,6.801000000,0.005000000,0.631999974,1.5000,1.179999948,1.619999886,0.040000000,0.005000000,0.002000000,clean,0.000,none,,,,First L2 NEW has +7deg yaw; all L1 coils shift slightly and one lower coil becomes partially visible.
C06_F01_layer2_new_yaw.ply,C06,1,layer2_new_yaw,6,418,1,6,full_L1,VISIBLE,0,mask_7_f.ply,7117,8.064000000,-0.005000000,0.679750455,-1.5000,1.283500910,1.569998741,0.046000000,-0.005000000,-0.002000000,clean,0.000,none,,,,First L2 NEW has +7deg yaw; all L1 coils shift slightly and one lower coil becomes partially visible.
C06_F01_layer2_new_yaw.ply,C06,1,layer2_new_yaw,7,134,1,7,full_L1,VISIBLE,0,mask_10_f.ply,5835,9.332000000,0.005000000,0.634999969,0.0000,1.189999938,1.590000153,0.052000000,0.005000000,0.000000000,clean,0.000,none,,,,First L2 NEW has +7deg yaw; all L1 coils shift slightly and one lower coil becomes partially visible.
C06_F01_layer2_new_yaw.ply,C06,1,layer2_new_yaw,8,829,1,8,full_L1,VISIBLE,0,mask_12_f.ply,7608,10.561000000,-0.005000000,0.645249967,1.5000,1.206499934,1.560000420,0.058000000,-0.005000000,0.002000000,clean,0.000,none,,,,First L2 NEW has +7deg yaw; all L1 coils shift slightly and one lower coil becomes partially visible.
C06_F01_layer2_new_yaw.ply,C06,1,layer2_new_yaw,9,503,1,9,full_L1,VISIBLE,0,mask_14_f.ply,7339,11.816000000,0.005000000,0.658000005,-1.5000,1.240000010,1.690000534,0.064000000,0.005000000,-0.002000000,clean,0.000,none,,,,First L2 NEW has +7deg yaw; all L1 coils shift slightly and one lower coil becomes partially visible.
C06_F01_layer2_new_yaw.ply,C06,1,layer2_new_yaw,20,598,2,0,layer2,VISIBLE,1,mask_10_f.ply,5835,2.500000000,0.040000000,1.720000000,7.0000,1.189999938,1.590000153,,,,clean,0.000,none,2.300000000,0.020000000,1.720000000,First L2 NEW has +7deg yaw; all L1 coils shift slightly and one lower coil becomes partially visible.
C06_F02_second_layer2_new.ply,C06,2,second_layer2_new,0,204,1,0,full_L1,VISIBLE,0,mask_10_f.ply,5835,0.679000000,-0.001000000,0.632999969,-1.5000,1.189999938,1.590000153,0.044000000,0.004000000,0.000000000,clean,0.000,none,,,,Second L2 NEW arrives with -6deg yaw; existing upper/lower coils move and lower ID3 is more strongly obscured.
C06_F02_second_layer2_new.ply,C06,2,second_layer2_new,1,940,1,1,full_L1,VISIBLE,0,mask_12_f.ply,7608,1.904000000,0.001000000,0.643249967,0.0000,1.206499934,1.560000420,0.040000000,-0.004000000,0.000000000,clean,0.000,none,,,,Second L2 NEW arrives with -6deg yaw; existing upper/lower coils move and lower ID3 is more strongly obscured.
C06_F02_second_layer2_new.ply,C06,2,second_layer2_new,2,875,1,2,full_L1,VISIBLE,0,mask_14_f.ply,7339,3.154000000,-0.001000000,0.662000005,1.5000,1.240000010,1.690000534,0.036000000,0.004000000,0.000000000,roll_mild,0.000,none,,,,Second L2 NEW arrives with -6deg yaw; existing upper/lower coils move and lower ID3 is more strongly obscured.
C06_F02_second_layer2_new.ply,C06,2,second_layer2_new,3,495,1,3,full_L1,PARTIAL_VISIBLE,0,mask_1_f.ply,8255,4.391000000,0.001000000,0.627999914,-1.5000,1.179999828,1.660000801,0.032000000,-0.004000000,0.000000000,roll_mild,0.400,both,,,,Second L2 NEW arrives with -6deg yaw; existing upper/lower coils move and lower ID3 is more strongly obscured.
C06_F02_second_layer2_new.ply,C06,2,second_layer2_new,4,340,1,4,full_L1,VISIBLE,0,mask_5_f.ply,8733,5.608000000,-0.001000000,0.640000024,0.0000,1.200000048,1.619999886,0.028000000,0.004000000,0.000000000,roll_mild,0.000,none,,,,Second L2 NEW arrives with -6deg yaw; existing upper/lower coils move and lower ID3 is more strongly obscured.
C06_F02_second_layer2_new.ply,C06,2,second_layer2_new,5,688,1,5,full_L1,VISIBLE,0,mask_6_f.ply,6518,6.825000000,0.001000000,0.631999974,1.5000,1.179999948,1.619999886,0.024000000,-0.004000000,0.000000000,roll_mild,0.000,none,,,,Second L2 NEW arrives with -6deg yaw; existing upper/lower coils move and lower ID3 is more strongly obscured.
C06_F02_second_layer2_new.ply,C06,2,second_layer2_new,6,838,1,6,full_L1,VISIBLE,0,mask_7_f.ply,7117,8.084000000,-0.001000000,0.679750455,-1.5000,1.283500910,1.569998741,0.020000000,0.004000000,0.000000000,clean,0.000,none,,,,Second L2 NEW arrives with -6deg yaw; existing upper/lower coils move and lower ID3 is more strongly obscured.
C06_F02_second_layer2_new.ply,C06,2,second_layer2_new,7,903,1,7,full_L1,VISIBLE,0,mask_10_f.ply,5835,9.348000000,0.001000000,0.634999969,0.0000,1.189999938,1.590000153,0.016000000,-0.004000000,0.000000000,clean,0.000,none,,,,Second L2 NEW arrives with -6deg yaw; existing upper/lower coils move and lower ID3 is more strongly obscured.
C06_F02_second_layer2_new.ply,C06,2,second_layer2_new,8,399,1,8,full_L1,VISIBLE,0,mask_12_f.ply,7608,10.573000000,-0.001000000,0.645249967,1.5000,1.206499934,1.560000420,0.012000000,0.004000000,0.000000000,clean,0.000,none,,,,Second L2 NEW arrives with -6deg yaw; existing upper/lower coils move and lower ID3 is more strongly obscured.
C06_F02_second_layer2_new.ply,C06,2,second_layer2_new,9,942,1,9,full_L1,VISIBLE,0,mask_14_f.ply,7339,11.824000000,0.001000000,0.658000005,-1.5000,1.240000010,1.690000534,0.008000000,-0.004000000,0.000000000,clean,0.000,none,,,,Second L2 NEW arrives with -6deg yaw; existing upper/lower coils move and lower ID3 is more strongly obscured.
C06_F02_second_layer2_new.ply,C06,2,second_layer2_new,20,261,2,0,layer2,VISIBLE,0,mask_10_f.ply,5835,2.580000000,0.020000000,1.720000000,5.0000,1.189999938,1.590000153,0.080000000,-0.020000000,0.000000000,roll_mild,0.000,none,,,,Second L2 NEW arrives with -6deg yaw; existing upper/lower coils move and lower ID3 is more strongly obscured.
C06_F02_second_layer2_new.ply,C06,2,second_layer2_new,21,544,2,1,layer2,VISIBLE,1,mask_12_f.ply,7608,4.920000000,-0.050000000,1.700000000,-6.0000,1.206499934,1.560000420,,,,clean,0.000,none,5.150000000,-0.020000000,1.700000000,Second L2 NEW arrives with -6deg yaw; existing upper/lower coils move and lower ID3 is more strongly obscured.
C06_F03_layer2_new_lower_occluded.ply,C06,3,layer2_new_lower_occluded,0,236,1,0,full_L1,VISIBLE,0,mask_10_f.ply,5835,0.684000000,-0.003000000,0.632999969,-1.5000,1.189999938,1.590000153,0.005000000,-0.002000000,0.000000000,roll_mild,0.000,none,,,,Third upper NEW while lower ID4 becomes fully occluded; layer identity and slot order must be retained.
C06_F03_layer2_new_lower_occluded.ply,C06,3,layer2_new_lower_occluded,1,469,1,1,full_L1,VISIBLE,0,mask_12_f.ply,7608,1.909000000,0.003000000,0.643249967,0.0000,1.206499934,1.560000420,0.005000000,0.002000000,0.000000000,roll_mild,0.000,none,,,,Third upper NEW while lower ID4 becomes fully occluded; layer identity and slot order must be retained.
C06_F03_layer2_new_lower_occluded.ply,C06,3,layer2_new_lower_occluded,2,556,1,2,full_L1,VISIBLE,0,mask_14_f.ply,7339,3.159000000,-0.003000000,0.662000005,1.5000,1.240000010,1.690000534,0.005000000,-0.002000000,0.000000000,roll_mild,0.000,none,,,,Third upper NEW while lower ID4 becomes fully occluded; layer identity and slot order must be retained.
C06_F03_layer2_new_lower_occluded.ply,C06,3,layer2_new_lower_occluded,3,827,1,3,full_L1,VISIBLE,0,mask_1_f.ply,8255,4.396000000,0.003000000,0.627999914,-1.5000,1.179999828,1.660000801,0.005000000,0.002000000,0.000000000,roll_mild,0.000,none,,,,Third upper NEW while lower ID4 becomes fully occluded; layer identity and slot order must be retained.
C06_F03_layer2_new_lower_occluded.ply,C06,3,layer2_new_lower_occluded,4,-1,1,4,full_L1,OCCLUDED,0,mask_5_f.ply,8733,5.613000000,-0.003000000,0.640000024,0.0000,1.200000048,1.619999886,0.005000000,-0.002000000,0.000000000,roll_mild,0.900,both,,,,Third upper NEW while lower ID4 becomes fully occluded; layer identity and slot order must be retained.
C06_F03_layer2_new_lower_occluded.ply,C06,3,layer2_new_lower_occluded,5,292,1,5,full_L1,VISIBLE,0,mask_6_f.ply,6518,6.830000000,0.003000000,0.631999974,1.5000,1.179999948,1.619999886,0.005000000,0.002000000,0.000000000,roll_mild,0.000,none,,,,Third upper NEW while lower ID4 becomes fully occluded; layer identity and slot order must be retained.
C06_F03_layer2_new_lower_occluded.ply,C06,3,layer2_new_lower_occluded,6,117,1,6,full_L1,VISIBLE,0,mask_7_f.ply,7117,8.089000000,-0.003000000,0.679750455,-1.5000,1.283500910,1.569998741,0.005000000,-0.002000000,0.000000000,roll_mild,0.000,none,,,,Third upper NEW while lower ID4 becomes fully occluded; layer identity and slot order must be retained.
C06_F03_layer2_new_lower_occluded.ply,C06,3,layer2_new_lower_occluded,7,101,1,7,full_L1,VISIBLE,0,mask_10_f.ply,5835,9.353000000,0.003000000,0.634999969,0.0000,1.189999938,1.590000153,0.005000000,0.002000000,0.000000000,roll_mild,0.000,none,,,,Third upper NEW while lower ID4 becomes fully occluded; layer identity and slot order must be retained.
C06_F03_layer2_new_lower_occluded.ply,C06,3,layer2_new_lower_occluded,8,601,1,8,full_L1,VISIBLE,0,mask_12_f.ply,7608,10.578000000,-0.003000000,0.645249967,1.5000,1.206499934,1.560000420,0.005000000,-0.002000000,0.000000000,roll_mild,0.000,none,,,,Third upper NEW while lower ID4 becomes fully occluded; layer identity and slot order must be retained.
C06_F03_layer2_new_lower_occluded.ply,C06,3,layer2_new_lower_occluded,9,327,1,9,full_L1,VISIBLE,0,mask_14_f.ply,7339,11.829000000,0.003000000,0.658000005,-1.5000,1.240000010,1.690000534,0.005000000,0.002000000,0.000000000,roll_mild,0.000,none,,,,Third upper NEW while lower ID4 becomes fully occluded; layer identity and slot order must be retained.
C06_F03_layer2_new_lower_occluded.ply,C06,3,layer2_new_lower_occluded,20,349,2,0,layer2,VISIBLE,0,mask_10_f.ply,5835,2.630000000,0.030000000,1.720000000,7.0000,1.189999938,1.590000153,0.050000000,0.010000000,0.000000000,roll_mild,0.000,none,,,,Third upper NEW while lower ID4 becomes fully occluded; layer identity and slot order must be retained.
C06_F03_layer2_new_lower_occluded.ply,C06,3,layer2_new_lower_occluded,21,384,2,1,layer2,VISIBLE,0,mask_12_f.ply,7608,4.970000000,-0.060000000,1.700000000,-6.0000,1.206499934,1.560000420,0.050000000,-0.010000000,0.000000000,roll_mild,0.000,none,,,,Third upper NEW while lower ID4 becomes fully occluded; layer identity and slot order must be retained.
C06_F03_layer2_new_lower_occluded.ply,C06,3,layer2_new_lower_occluded,22,252,2,2,layer2,VISIBLE,0,mask_14_f.ply,7339,7.380000000,0.060000000,1.770000000,6.0000,1.240000010,1.690000534,,,,roll_mild,0.000,none,,,,Third upper NEW while lower ID4 becomes fully occluded; layer identity and slot order must be retained.
C06_F03_layer2_new_lower_occluded.ply,C06,3,layer2_new_lower_occluded,22,210,2,2,layer2,VISIBLE,1,mask_14_f.ply,7339,7.380000000,0.060000000,1.770000000,6.0000,1.240000010,1.690000534,,,,clean,0.000,none,7.200000000,0.040000000,1.770000000,Third upper NEW while lower ID4 becomes fully occluded; layer identity and slot order must be retained.
C06_F04_layer2_motion_lower_return.ply,C06,4,layer2_motion_lower_return,0,155,1,0,full_L1,VISIBLE,0,mask_10_f.ply,5835,0.690000000,-0.003000000,0.632999969,-1.5000,1.189999938,1.590000153,0.006000000,0.000000000,0.000000000,clean,0.000,none,,,,No birth; upper coils move/yaw and lower ID4 returns partially.
C06_F04_layer2_motion_lower_return.ply,C06,4,layer2_motion_lower_return,1,774,1,1,full_L1,VISIBLE,0,mask_12_f.ply,7608,1.915000000,0.003000000,0.643249967,0.0000,1.206499934,1.560000420,0.006000000,0.000000000,0.000000000,clean,0.000,none,,,,No birth; upper coils move/yaw and lower ID4 returns partially.
C06_F04_layer2_motion_lower_return.ply,C06,4,layer2_motion_lower_return,2,837,1,2,full_L1,VISIBLE,0,mask_14_f.ply,7339,3.165000000,-0.003000000,0.662000005,1.5000,1.240000010,1.690000534,0.006000000,0.000000000,0.000000000,clean,0.000,none,,,,No birth; upper coils move/yaw and lower ID4 returns partially.
C06_F04_layer2_motion_lower_return.ply,C06,4,layer2_motion_lower_return,3,937,1,3,full_L1,VISIBLE,0,mask_1_f.ply,8255,4.402000000,0.003000000,0.627999914,-1.5000,1.179999828,1.660000801,0.006000000,0.000000000,0.000000000,clean,0.000,none,,,,No birth; upper coils move/yaw and lower ID4 returns partially.
C06_F04_layer2_motion_lower_return.ply,C06,4,layer2_motion_lower_return,4,869,1,4,full_L1,PARTIAL_VISIBLE,0,mask_5_f.ply,8733,5.619000000,-0.003000000,0.640000024,0.0000,1.200000048,1.619999886,0.006000000,0.000000000,0.000000000,roll_mild,0.450,both,,,,No birth; upper coils move/yaw and lower ID4 returns partially.
C06_F04_layer2_motion_lower_return.ply,C06,4,layer2_motion_lower_return,5,836,1,5,full_L1,VISIBLE,0,mask_6_f.ply,6518,6.836000000,0.003000000,0.631999974,1.5000,1.179999948,1.619999886,0.006000000,0.000000000,0.000000000,clean,0.000,none,,,,No birth; upper coils move/yaw and lower ID4 returns partially.
C06_F04_layer2_motion_lower_return.ply,C06,4,layer2_motion_lower_return,6,509,1,6,full_L1,VISIBLE,0,mask_7_f.ply,7117,8.095000000,-0.003000000,0.679750455,-1.5000,1.283500910,1.569998741,0.006000000,0.000000000,0.000000000,clean,0.000,none,,,,No birth; upper coils move/yaw and lower ID4 returns partially.
C06_F04_layer2_motion_lower_return.ply,C06,4,layer2_motion_lower_return,7,279,1,7,full_L1,VISIBLE,0,mask_10_f.ply,5835,9.359000000,0.003000000,0.634999969,0.0000,1.189999938,1.590000153,0.006000000,0.000000000,0.000000000,clean,0.000,none,,,,No birth; upper coils move/yaw and lower ID4 returns partially.
C06_F04_layer2_motion_lower_return.ply,C06,4,layer2_motion_lower_return,8,366,1,8,full_L1,VISIBLE,0,mask_12_f.ply,7608,10.584000000,-0.003000000,0.645249967,1.5000,1.206499934,1.560000420,0.006000000,0.000000000,0.000000000,clean,0.000,none,,,,No birth; upper coils move/yaw and lower ID4 returns partially.
C06_F04_layer2_motion_lower_return.ply,C06,4,layer2_motion_lower_return,9,568,1,9,full_L1,VISIBLE,0,mask_14_f.ply,7339,11.835000000,0.003000000,0.658000005,-1.5000,1.240000010,1.690000534,0.006000000,0.000000000,0.000000000,clean,0.000,none,,,,No birth; upper coils move/yaw and lower ID4 returns partially.
C06_F04_layer2_motion_lower_return.ply,C06,4,layer2_motion_lower_return,20,269,2,0,layer2,VISIBLE,0,mask_10_f.ply,5835,2.690000000,0.020000000,1.725000000,6.0000,1.189999938,1.590000153,0.060000000,-0.010000000,0.005000000,roll_mild,0.000,none,,,,No birth; upper coils move/yaw and lower ID4 returns partially.
C06_F04_layer2_motion_lower_return.ply,C06,4,layer2_motion_lower_return,21,595,2,1,layer2,VISIBLE,0,mask_12_f.ply,7608,5.040000000,-0.070000000,1.705000000,-6.0000,1.206499934,1.560000420,0.070000000,-0.010000000,0.005000000,roll_mild,0.000,none,,,,No birth; upper coils move/yaw and lower ID4 returns partially.
C06_F04_layer2_motion_lower_return.ply,C06,4,layer2_motion_lower_return,22,118,2,2,layer2,VISIBLE,0,mask_14_f.ply,7339,7.460000000,0.050000000,1.775000000,7.0000,1.240000010,1.690000534,0.080000000,-0.010000000,0.005000000,roll_mild,0.000,none,,,,No birth; upper coils move/yaw and lower ID4 returns partially.
C06_F05_fourth_layer2_new.ply,C06,5,fourth_layer2_new,0,465,1,0,full_L1,VISIBLE,0,mask_10_f.ply,5835,0.694000000,-0.005000000,0.632999969,-1.5000,1.189999938,1.590000153,0.004000000,-0.002000000,0.000000000,clean,0.000,none,,,,Fourth L2 NEW has -7deg yaw; lower and upper histories continue small non-rigid motion.
C06_F05_fourth_layer2_new.ply,C06,5,fourth_layer2_new,1,461,1,1,full_L1,VISIBLE,0,mask_12_f.ply,7608,1.923000000,0.005000000,0.643249967,0.0000,1.206499934,1.560000420,0.008000000,0.002000000,0.000000000,clean,0.000,none,,,,Fourth L2 NEW has -7deg yaw; lower and upper histories continue small non-rigid motion.
C06_F05_fourth_layer2_new.ply,C06,5,fourth_layer2_new,2,149,1,2,full_L1,VISIBLE,0,mask_14_f.ply,7339,3.177000000,-0.005000000,0.662000005,1.5000,1.240000010,1.690000534,0.012000000,-0.002000000,0.000000000,clean,0.000,none,,,,Fourth L2 NEW has -7deg yaw; lower and upper histories continue small non-rigid motion.
C06_F05_fourth_layer2_new.ply,C06,5,fourth_layer2_new,3,502,1,3,full_L1,VISIBLE,0,mask_1_f.ply,8255,4.406000000,0.005000000,0.627999914,-1.5000,1.179999828,1.660000801,0.004000000,0.002000000,0.000000000,clean,0.000,none,,,,Fourth L2 NEW has -7deg yaw; lower and upper histories continue small non-rigid motion.
C06_F05_fourth_layer2_new.ply,C06,5,fourth_layer2_new,4,904,1,4,full_L1,VISIBLE,0,mask_5_f.ply,8733,5.627000000,-0.005000000,0.640000024,0.0000,1.200000048,1.619999886,0.008000000,-0.002000000,0.000000000,clean,0.000,none,,,,Fourth L2 NEW has -7deg yaw; lower and upper histories continue small non-rigid motion.
C06_F05_fourth_layer2_new.ply,C06,5,fourth_layer2_new,5,278,1,5,full_L1,VISIBLE,0,mask_6_f.ply,6518,6.848000000,0.005000000,0.631999974,1.5000,1.179999948,1.619999886,0.012000000,0.002000000,0.000000000,roll_mild,0.000,none,,,,Fourth L2 NEW has -7deg yaw; lower and upper histories continue small non-rigid motion.
C06_F05_fourth_layer2_new.ply,C06,5,fourth_layer2_new,6,920,1,6,full_L1,VISIBLE,0,mask_7_f.ply,7117,8.099000000,-0.005000000,0.679750455,-1.5000,1.283500910,1.569998741,0.004000000,-0.002000000,0.000000000,roll_mild,0.000,none,,,,Fourth L2 NEW has -7deg yaw; lower and upper histories continue small non-rigid motion.
C06_F05_fourth_layer2_new.ply,C06,5,fourth_layer2_new,7,221,1,7,full_L1,VISIBLE,0,mask_10_f.ply,5835,9.367000000,0.005000000,0.634999969,0.0000,1.189999938,1.590000153,0.008000000,0.002000000,0.000000000,roll_mild,0.000,none,,,,Fourth L2 NEW has -7deg yaw; lower and upper histories continue small non-rigid motion.
C06_F05_fourth_layer2_new.ply,C06,5,fourth_layer2_new,8,497,1,8,full_L1,VISIBLE,0,mask_12_f.ply,7608,10.596000000,-0.005000000,0.645249967,1.5000,1.206499934,1.560000420,0.012000000,-0.002000000,0.000000000,roll_mild,0.000,none,,,,Fourth L2 NEW has -7deg yaw; lower and upper histories continue small non-rigid motion.
C06_F05_fourth_layer2_new.ply,C06,5,fourth_layer2_new,9,524,1,9,full_L1,VISIBLE,0,mask_14_f.ply,7339,11.839000000,0.005000000,0.658000005,-1.5000,1.240000010,1.690000534,0.004000000,0.002000000,0.000000000,clean,0.000,none,,,,Fourth L2 NEW has -7deg yaw; lower and upper histories continue small non-rigid motion.
C06_F05_fourth_layer2_new.ply,C06,5,fourth_layer2_new,20,376,2,0,layer2,VISIBLE,0,mask_10_f.ply,5835,2.690000000,0.020000000,1.725000000,7.0000,1.189999938,1.590000153,0.000000000,0.000000000,0.000000000,roll_mild,0.000,none,,,,Fourth L2 NEW has -7deg yaw; lower and upper histories continue small non-rigid motion.
C06_F05_fourth_layer2_new.ply,C06,5,fourth_layer2_new,21,285,2,1,layer2,VISIBLE,0,mask_12_f.ply,7608,5.040000000,-0.070000000,1.705000000,-6.0000,1.206499934,1.560000420,0.000000000,0.000000000,0.000000000,roll_mild,0.000,none,,,,Fourth L2 NEW has -7deg yaw; lower and upper histories continue small non-rigid motion.
C06_F05_fourth_layer2_new.ply,C06,5,fourth_layer2_new,22,629,2,2,layer2,VISIBLE,0,mask_14_f.ply,7339,7.460000000,0.050000000,1.775000000,6.0000,1.240000010,1.690000534,0.000000000,0.000000000,0.000000000,roll_mild,0.000,none,,,,Fourth L2 NEW has -7deg yaw; lower and upper histories continue small non-rigid motion.
C06_F05_fourth_layer2_new.ply,C06,5,fourth_layer2_new,23,943,2,3,layer2,VISIBLE,1,mask_1_f.ply,8255,9.750000000,-0.040000000,1.720000000,-7.0000,1.179999828,1.660000801,,,,clean,0.000,none,9.500000000,-0.020000000,1.720000000,Fourth L2 NEW has -7deg yaw; lower and upper histories continue small non-rigid motion.
C07_F00_multi_new_start.ply,C07,0,multi_new_start,0,835,1,0,left,VISIBLE,0,mask_10_f.ply,5835,0.625000000,0.000000000,0.635000000,0.0000,1.189999938,1.590000153,,,,clean,0.000,none,,,,"Multi-birth two-side loading: two NEW coils may arrive simultaneously, both with yaw/large gaps, while all old coils move and later one history becomes occluded."
C07_F00_multi_new_start.ply,C07,0,multi_new_start,1,183,1,1,left,VISIBLE,0,mask_12_f.ply,7608,1.848000000,0.020000000,0.643000000,1.0000,1.206499934,1.560000420,,,,clean,0.000,none,,,,"Multi-birth two-side loading: two NEW coils may arrive simultaneously, both with yaw/large gaps, while all old coils move and later one history becomes occluded."
C07_F00_multi_new_start.ply,C07,0,multi_new_start,8,249,1,8,right,VISIBLE,0,mask_12_f.ply,7608,13.150000000,-0.020000000,0.643000000,-1.0000,1.206499934,1.560000420,,,,clean,0.000,none,,,,"Multi-birth two-side loading: two NEW coils may arrive simultaneously, both with yaw/large gaps, while all old coils move and later one history becomes occluded."
C07_F00_multi_new_start.ply,C07,0,multi_new_start,9,691,1,9,right,VISIBLE,0,mask_14_f.ply,7339,14.375000000,0.000000000,0.635000000,0.0000,1.240000010,1.690000534,,,,clean,0.000,none,,,,"Multi-birth two-side loading: two NEW coils may arrive simultaneously, both with yaw/large gaps, while all old coils move and later one history becomes occluded."
C07_F01_two_new_far_gaps_yaw.ply,C07,1,two_new_far_gaps_yaw,0,393,1,0,left,VISIBLE,0,mask_10_f.ply,5835,0.655000000,0.010000000,0.635000000,0.0000,1.189999938,1.590000153,0.030000000,0.010000000,0.000000000,clean,0.000,none,,,,"Two simultaneous NEW coils, both strongly yawed and separated from current cluster boundaries; all old coils move."
C07_F01_two_new_far_gaps_yaw.ply,C07,1,two_new_far_gaps_yaw,1,224,1,1,left,VISIBLE,0,mask_12_f.ply,7608,1.948000000,0.000000000,0.653000000,1.0000,1.206499934,1.560000420,0.100000000,-0.020000000,0.010000000,roll_mild,0.000,none,,,,"Two simultaneous NEW coils, both strongly yawed and separated from current cluster boundaries; all old coils move."
C07_F01_two_new_far_gaps_yaw.ply,C07,1,two_new_far_gaps_yaw,2,136,1,2,left,VISIBLE,1,mask_14_f.ply,7339,3.551249972,0.080000000,0.660000000,8.0000,1.240000010,1.690000534,,,,clean,0.000,none,3.301249972,0.050000000,0.660000000,"Two simultaneous NEW coils, both strongly yawed and separated from current cluster boundaries; all old coils move."
C07_F01_two_new_far_gaps_yaw.ply,C07,1,two_new_far_gaps_yaw,7,586,1,7,right,VISIBLE,1,mask_10_f.ply,5835,11.431750064,-0.080000000,0.650000000,-8.0000,1.189999938,1.590000153,,,,clean,0.000,none,11.701750064,-0.050000000,0.650000000,"Two simultaneous NEW coils, both strongly yawed and separated from current cluster boundaries; all old coils move."
C07_F01_two_new_far_gaps_yaw.ply,C07,1,two_new_far_gaps_yaw,8,773,1,8,right,VISIBLE,0,mask_12_f.ply,7608,13.060000000,0.000000000,0.643000000,-1.0000,1.206499934,1.560000420,-0.090000000,0.020000000,0.000000000,roll_mild,0.000,none,,,,"Two simultaneous NEW coils, both strongly yawed and separated from current cluster boundaries; all old coils move."
C07_F01_two_new_far_gaps_yaw.ply,C07,1,two_new_far_gaps_yaw,9,670,1,9,right,VISIBLE,0,mask_14_f.ply,7339,14.345000000,-0.010000000,0.635000000,0.0000,1.240000010,1.690000534,-0.030000000,-0.010000000,0.000000000,clean,0.000,none,,,,"Two simultaneous NEW coils, both strongly yawed and separated from current cluster boundaries; all old coils move."
C07_F02_second_multi_new.ply,C07,2,second_multi_new,0,910,1,0,left,VISIBLE,0,mask_10_f.ply,5835,0.685000000,0.000000000,0.635000000,0.0000,1.189999938,1.590000153,0.030000000,-0.010000000,0.000000000,clean,0.000,none,,,,Two more simultaneous births while prior NEWs roll/shift and an existing coil becomes one-side partial.
C07_F02_second_multi_new.ply,C07,2,second_multi_new,1,593,1,1,left,PARTIAL_VISIBLE,0,mask_12_f.ply,7608,1.998000000,0.010000000,0.653000000,1.0000,1.206499934,1.560000420,0.050000000,0.010000000,0.000000000,clean,0.300,left,,,,Two more simultaneous births while prior NEWs roll/shift and an existing coil becomes one-side partial.
C07_F02_second_multi_new.ply,C07,2,second_multi_new,2,767,1,2,left,VISIBLE,0,mask_14_f.ply,7339,3.621249972,0.070000000,0.660000000,8.0000,1.240000010,1.690000534,0.070000000,-0.010000000,0.000000000,roll_heavy,0.000,none,,,,Two more simultaneous births while prior NEWs roll/shift and an existing coil becomes one-side partial.
C07_F02_second_multi_new.ply,C07,2,second_multi_new,3,650,1,3,left,VISIBLE,1,mask_1_f.ply,8255,4.991249891,0.040000000,0.640000000,5.0000,1.179999828,1.660000801,,,,clean,0.000,none,4.811249891,0.020000000,0.640000000,Two more simultaneous births while prior NEWs roll/shift and an existing coil becomes one-side partial.
C07_F02_second_multi_new.ply,C07,2,second_multi_new,6,372,1,6,right,VISIBLE,1,mask_7_f.ply,7117,9.924999640,-0.040000000,0.670000000,-5.0000,1.283500910,1.569998741,,,,clean,0.000,none,10.084999640,-0.020000000,0.670000000,Two more simultaneous births while prior NEWs roll/shift and an existing coil becomes one-side partial.
C07_F02_second_multi_new.ply,C07,2,second_multi_new,7,431,1,7,right,VISIBLE,0,mask_10_f.ply,5835,11.381750064,-0.070000000,0.650000000,-8.0000,1.189999938,1.590000153,-0.050000000,0.010000000,0.000000000,roll_heavy,0.000,none,,,,Two more simultaneous births while prior NEWs roll/shift and an existing coil becomes one-side partial.
C07_F02_second_multi_new.ply,C07,2,second_multi_new,8,929,1,8,right,VISIBLE,0,mask_12_f.ply,7608,13.020000000,-0.010000000,0.643000000,-1.0000,1.206499934,1.560000420,-0.040000000,-0.010000000,0.000000000,roll_heavy,0.000,none,,,,Two more simultaneous births while prior NEWs roll/shift and an existing coil becomes one-side partial.
C07_F02_second_multi_new.ply,C07,2,second_multi_new,9,614,1,9,right,VISIBLE,0,mask_14_f.ply,7339,14.315000000,0.000000000,0.635000000,0.0000,1.240000010,1.690000534,-0.030000000,0.010000000,0.000000000,clean,0.000,none,,,,Two more simultaneous births while prior NEWs roll/shift and an existing coil becomes one-side partial.
C07_F03_multi_new_then_occlusion.ply,C07,3,multi_new_then_occlusion,0,387,1,0,left,VISIBLE,0,mask_10_f.ply,5835,0.705000000,0.000000000,0.635000000,0.0000,1.189999938,1.590000153,0.020000000,0.000000000,0.000000000,roll_mild,0.000,none,,,,No birth; both clusters continue moving and right-cluster ID8 becomes fully occluded.
C07_F03_multi_new_then_occlusion.ply,C07,3,multi_new_then_occlusion,1,946,1,1,left,VISIBLE,0,mask_12_f.ply,7608,2.018000000,0.010000000,0.653000000,1.0000,1.206499934,1.560000420,0.020000000,0.000000000,0.000000000,roll_mild,0.000,none,,,,No birth; both clusters continue moving and right-cluster ID8 becomes fully occluded.
C07_F03_multi_new_then_occlusion.ply,C07,3,multi_new_then_occlusion,2,158,1,2,left,VISIBLE,0,mask_14_f.ply,7339,3.641249972,0.070000000,0.660000000,8.0000,1.240000010,1.690000534,0.020000000,0.000000000,0.000000000,roll_mild,0.000,none,,,,No birth; both clusters continue moving and right-cluster ID8 becomes fully occluded.
C07_F03_multi_new_then_occlusion.ply,C07,3,multi_new_then_occlusion,3,350,1,3,left,VISIBLE,0,mask_1_f.ply,8255,5.011249891,0.040000000,0.640000000,5.0000,1.179999828,1.660000801,0.020000000,0.000000000,0.000000000,roll_mild,0.000,none,,,,No birth; both clusters continue moving and right-cluster ID8 becomes fully occluded.
C07_F03_multi_new_then_occlusion.ply,C07,3,multi_new_then_occlusion,6,511,1,6,right,VISIBLE,0,mask_7_f.ply,7117,9.899999640,-0.040000000,0.670000000,-5.0000,1.283500910,1.569998741,-0.025000000,0.000000000,0.000000000,roll_mild,0.000,none,,,,No birth; both clusters continue moving and right-cluster ID8 becomes fully occluded.
C07_F03_multi_new_then_occlusion.ply,C07,3,multi_new_then_occlusion,7,473,1,7,right,VISIBLE,0,mask_10_f.ply,5835,11.356750064,-0.070000000,0.650000000,-8.0000,1.189999938,1.590000153,-0.025000000,0.000000000,0.000000000,roll_mild,0.000,none,,,,No birth; both clusters continue moving and right-cluster ID8 becomes fully occluded.
C07_F03_multi_new_then_occlusion.ply,C07,3,multi_new_then_occlusion,8,-1,1,8,right,OCCLUDED,0,mask_12_f.ply,7608,12.995000000,-0.010000000,0.643000000,-1.0000,1.206499934,1.560000420,-0.025000000,0.000000000,0.000000000,roll_mild,0.900,both,,,,No birth; both clusters continue moving and right-cluster ID8 becomes fully occluded.
C07_F03_multi_new_then_occlusion.ply,C07,3,multi_new_then_occlusion,9,258,1,9,right,VISIBLE,0,mask_14_f.ply,7339,14.290000000,0.000000000,0.635000000,0.0000,1.240000010,1.690000534,-0.025000000,0.000000000,0.000000000,roll_mild,0.000,none,,,,No birth; both clusters continue moving and right-cluster ID8 becomes fully occluded.
C07_F04_multi_new_occlusion_return.ply,C07,4,multi_new_occlusion_return,0,505,1,0,left,VISIBLE,0,mask_10_f.ply,5835,0.695000000,-0.010000000,0.635000000,0.0000,1.189999938,1.590000153,-0.010000000,-0.010000000,0.000000000,clean,0.000,none,,,,Occluded ID8 returns partially; cluster identities must remain stable after simultaneous births.
C07_F04_multi_new_occlusion_return.ply,C07,4,multi_new_occlusion_return,1,639,1,1,left,VISIBLE,0,mask_12_f.ply,7608,2.008000000,0.020000000,0.653000000,0.7000,1.206499934,1.560000420,-0.010000000,0.010000000,0.000000000,clean,0.000,none,,,,Occluded ID8 returns partially; cluster identities must remain stable after simultaneous births.
C07_F04_multi_new_occlusion_return.ply,C07,4,multi_new_occlusion_return,2,363,1,2,left,VISIBLE,0,mask_14_f.ply,7339,3.631249972,0.060000000,0.660000000,5.6000,1.240000010,1.690000534,-0.010000000,-0.010000000,0.000000000,clean,0.000,none,,,,Occluded ID8 returns partially; cluster identities must remain stable after simultaneous births.
C07_F04_multi_new_occlusion_return.ply,C07,4,multi_new_occlusion_return,3,707,1,3,left,VISIBLE,0,mask_1_f.ply,8255,5.001249891,0.050000000,0.640000000,3.5000,1.179999828,1.660000801,-0.010000000,0.010000000,0.000000000,clean,0.000,none,,,,Occluded ID8 returns partially; cluster identities must remain stable after simultaneous births.
C07_F04_multi_new_occlusion_return.ply,C07,4,multi_new_occlusion_return,6,565,1,6,right,VISIBLE,0,mask_7_f.ply,7117,9.914999640,-0.050000000,0.670000000,-3.5000,1.283500910,1.569998741,0.015000000,-0.010000000,0.000000000,clean,0.000,none,,,,Occluded ID8 returns partially; cluster identities must remain stable after simultaneous births.
C07_F04_multi_new_occlusion_return.ply,C07,4,multi_new_occlusion_return,7,122,1,7,right,VISIBLE,0,mask_10_f.ply,5835,11.371750064,-0.060000000,0.650000000,-5.6000,1.189999938,1.590000153,0.015000000,0.010000000,0.000000000,clean,0.000,none,,,,Occluded ID8 returns partially; cluster identities must remain stable after simultaneous births.
C07_F04_multi_new_occlusion_return.ply,C07,4,multi_new_occlusion_return,8,220,1,8,right,PARTIAL_VISIBLE,0,mask_12_f.ply,7608,13.010000000,-0.020000000,0.643000000,-0.7000,1.206499934,1.560000420,0.015000000,-0.010000000,0.000000000,roll_mild,0.500,both,,,,Occluded ID8 returns partially; cluster identities must remain stable after simultaneous births.
C07_F04_multi_new_occlusion_return.ply,C07,4,multi_new_occlusion_return,9,537,1,9,right,VISIBLE,0,mask_14_f.ply,7339,14.305000000,0.010000000,0.635000000,0.0000,1.240000010,1.690000534,0.015000000,0.010000000,0.000000000,clean,0.000,none,,,,Occluded ID8 returns partially; cluster identities must remain stable after simultaneous births.
C08_F00_hint_motion_start.ply,C08,0,hint_motion_start,0,188,1,0,left,VISIBLE,0,mask_10_f.ply,5835,0.625000000,-0.020000000,0.634999969,-1.5000,1.189999938,1.590000153,,,,clean,0.000,none,,,,Robot-hint tolerance and large-motion stress: NEW actual positions differ substantially from approximate targets; all histories can shift close to ROI limits with Y/Z drift and yaw.
C08_F00_hint_motion_start.ply,C08,0,hint_motion_start,1,433,1,1,left,VISIBLE,0,mask_12_f.ply,7608,1.848000000,0.020000000,0.643249967,-0.5000,1.206499934,1.560000420,,,,clean,0.000,none,,,,Robot-hint tolerance and large-motion stress: NEW actual positions differ substantially from approximate targets; all histories can shift close to ROI limits with Y/Z drift and yaw.
C08_F00_hint_motion_start.ply,C08,0,hint_motion_start,2,347,1,2,left,VISIBLE,0,mask_14_f.ply,7339,3.096000000,-0.020000000,0.660000005,0.5000,1.240000010,1.690000534,,,,clean,0.000,none,,,,Robot-hint tolerance and large-motion stress: NEW actual positions differ substantially from approximate targets; all histories can shift close to ROI limits with Y/Z drift and yaw.
C08_F00_hint_motion_start.ply,C08,0,hint_motion_start,3,154,1,3,left,VISIBLE,0,mask_1_f.ply,8255,4.331000000,0.020000000,0.629999914,1.5000,1.179999828,1.660000801,,,,clean,0.000,none,,,,Robot-hint tolerance and large-motion stress: NEW actual positions differ substantially from approximate targets; all histories can shift close to ROI limits with Y/Z drift and yaw.
C08_F01_imperfect_hint_large_move.ply,C08,1,imperfect_hint_large_move,0,457,1,0,left,VISIBLE,0,mask_10_f.ply,5835,0.825000000,0.060000000,0.654999969,-1.5000,1.189999938,1.590000153,0.200000000,0.080000000,0.020000000,clean,0.000,none,,,,"All old coils move 0.2-0.45m with Y/Z drift; NEW is +8deg yaw, has 0.45m gap, and robot target is ~0.4m offset."
C08_F01_imperfect_hint_large_move.ply,C08,1,imperfect_hint_large_move,1,141,1,1,left,VISIBLE,0,mask_12_f.ply,7608,2.128000000,-0.080000000,0.673249967,-0.5000,1.206499934,1.560000420,0.280000000,-0.100000000,0.030000000,clean,0.000,none,,,,"All old coils move 0.2-0.45m with Y/Z drift; NEW is +8deg yaw, has 0.45m gap, and robot target is ~0.4m offset."
C08_F01_imperfect_hint_large_move.ply,C08,1,imperfect_hint_large_move,2,182,1,2,left,VISIBLE,0,mask_14_f.ply,7339,3.456000000,0.100000000,0.640000005,0.5000,1.240000010,1.690000534,0.360000000,0.120000000,-0.020000000,roll_heavy,0.000,none,,,,"All old coils move 0.2-0.45m with Y/Z drift; NEW is +8deg yaw, has 0.45m gap, and robot target is ~0.4m offset."
C08_F01_imperfect_hint_large_move.ply,C08,1,imperfect_hint_large_move,3,306,1,3,left,VISIBLE,0,mask_1_f.ply,8255,4.781000000,-0.060000000,0.669999914,1.5000,1.179999828,1.660000801,0.450000000,-0.080000000,0.040000000,roll_heavy,0.000,none,,,,"All old coils move 0.2-0.45m with Y/Z drift; NEW is +8deg yaw, has 0.45m gap, and robot target is ~0.4m offset."
C08_F01_imperfect_hint_large_move.ply,C08,1,imperfect_hint_large_move,4,412,1,4,left,VISIBLE,1,mask_5_f.ply,8733,6.420999938,0.140000000,0.670000000,8.0000,1.200000048,1.619999886,,,,clean,0.000,none,6.040999938,0.020000000,0.640000000,"All old coils move 0.2-0.45m with Y/Z drift; NEW is +8deg yaw, has 0.45m gap, and robot target is ~0.4m offset."
C08_F02_second_imperfect_hint_group_shift.ply,C08,2,second_imperfect_hint_group_shift,0,656,1,0,left,VISIBLE,0,mask_10_f.ply,5835,1.375000000,0.010000000,0.644999969,0.5000,1.189999938,1.590000153,0.550000000,-0.050000000,-0.010000000,roll_mild,0.000,none,,,,Entire cluster shifts ~0.55-0.65m; second NEW has -7deg yaw and target error in the opposite direction; one old coil is partial.
C08_F02_second_imperfect_hint_group_shift.ply,C08,2,second_imperfect_hint_group_shift,1,926,1,1,left,PARTIAL_VISIBLE,0,mask_12_f.ply,7608,2.703000000,-0.110000000,0.683249967,-2.5000,1.206499934,1.560000420,0.575000000,-0.030000000,0.010000000,roll_heavy,0.350,both,,,,Entire cluster shifts ~0.55-0.65m; second NEW has -7deg yaw and target error in the opposite direction; one old coil is partial.
C08_F02_second_imperfect_hint_group_shift.ply,C08,2,second_imperfect_hint_group_shift,2,782,1,2,left,VISIBLE,0,mask_14_f.ply,7339,4.056000000,0.090000000,0.630000005,2.5000,1.240000010,1.690000534,0.600000000,-0.010000000,-0.010000000,roll_heavy,0.000,none,,,,Entire cluster shifts ~0.55-0.65m; second NEW has -7deg yaw and target error in the opposite direction; one old coil is partial.
C08_F02_second_imperfect_hint_group_shift.ply,C08,2,second_imperfect_hint_group_shift,3,567,1,3,left,VISIBLE,0,mask_1_f.ply,8255,5.406000000,-0.110000000,0.679999914,-0.5000,1.179999828,1.660000801,0.625000000,-0.050000000,0.010000000,roll_heavy,0.000,none,,,,Entire cluster shifts ~0.55-0.65m; second NEW has -7deg yaw and target error in the opposite direction; one old coil is partial.
C08_F02_second_imperfect_hint_group_shift.ply,C08,2,second_imperfect_hint_group_shift,4,579,1,4,left,VISIBLE,0,mask_5_f.ply,8733,7.070999938,0.110000000,0.660000000,10.0000,1.200000048,1.619999886,0.650000000,-0.030000000,-0.010000000,roll_heavy,0.000,none,,,,Entire cluster shifts ~0.55-0.65m; second NEW has -7deg yaw and target error in the opposite direction; one old coil is partial.
C08_F02_second_imperfect_hint_group_shift.ply,C08,2,second_imperfect_hint_group_shift,5,841,1,5,left,VISIBLE,1,mask_6_f.ply,6518,8.380999936,-0.120000000,0.650000000,-9.0000,1.179999948,1.619999886,,,,roll_heavy,0.000,none,8.780999936,-0.020000000,0.660000000,Entire cluster shifts ~0.55-0.65m; second NEW has -7deg yaw and target error in the opposite direction; one old coil is partial.
C08_F03_near_roi_group_translation.ply,C08,3,near_roi_group_translation,0,719,1,0,left,VISIBLE,0,mask_10_f.ply,5835,2.425000000,-0.050000000,0.624999969,-1.5000,1.189999938,1.590000153,1.050000000,-0.060000000,-0.020000000,roll_heavy,0.000,none,,,,"No birth; the complete cluster shifts +1.05m in one snapshot, intentionally making absolute nearest-neighbor misleading while staying inside configured motion ROI."
C08_F03_near_roi_group_translation.ply,C08,3,near_roi_group_translation,1,167,1,1,left,VISIBLE,0,mask_12_f.ply,7608,3.753000000,-0.050000000,0.683249967,-0.5000,1.206499934,1.560000420,1.050000000,0.060000000,0.000000000,roll_heavy,0.000,none,,,,"No birth; the complete cluster shifts +1.05m in one snapshot, intentionally making absolute nearest-neighbor misleading while staying inside configured motion ROI."
C08_F03_near_roi_group_translation.ply,C08,3,near_roi_group_translation,2,981,1,2,left,VISIBLE,0,mask_14_f.ply,7339,5.106000000,0.030000000,0.650000005,0.5000,1.240000010,1.690000534,1.050000000,-0.060000000,0.020000000,roll_heavy,0.000,none,,,,"No birth; the complete cluster shifts +1.05m in one snapshot, intentionally making absolute nearest-neighbor misleading while staying inside configured motion ROI."
C08_F03_near_roi_group_translation.ply,C08,3,near_roi_group_translation,3,990,1,3,left,VISIBLE,0,mask_1_f.ply,8255,6.456000000,-0.050000000,0.659999914,1.5000,1.179999828,1.660000801,1.050000000,0.060000000,-0.020000000,roll_heavy,0.000,none,,,,"No birth; the complete cluster shifts +1.05m in one snapshot, intentionally making absolute nearest-neighbor misleading while staying inside configured motion ROI."
C08_F03_near_roi_group_translation.ply,C08,3,near_roi_group_translation,4,563,1,4,left,VISIBLE,0,mask_5_f.ply,8733,8.120999938,0.050000000,0.660000000,8.0000,1.200000048,1.619999886,1.050000000,-0.060000000,0.000000000,roll_heavy,0.000,none,,,,"No birth; the complete cluster shifts +1.05m in one snapshot, intentionally making absolute nearest-neighbor misleading while staying inside configured motion ROI."
C08_F03_near_roi_group_translation.ply,C08,3,near_roi_group_translation,5,628,1,5,left,VISIBLE,0,mask_6_f.ply,6518,9.430999936,-0.060000000,0.670000000,-7.0000,1.179999948,1.619999886,1.050000000,0.060000000,0.020000000,roll_heavy,0.000,none,,,,"No birth; the complete cluster shifts +1.05m in one snapshot, intentionally making absolute nearest-neighbor misleading while staying inside configured motion ROI."
C08_F04_large_motion_rebound.ply,C08,4,large_motion_rebound,0,900,1,0,left,VISIBLE,0,mask_10_f.ply,5835,2.075000000,-0.020000000,0.634999969,-0.7500,1.189999938,1.590000153,-0.350000000,0.030000000,0.010000000,roll_mild,0.000,none,,,,Cluster rebounds after the large translation; tests absence of a strict velocity-direction assumption.
C08_F04_large_motion_rebound.ply,C08,4,large_motion_rebound,1,765,1,1,left,VISIBLE,0,mask_12_f.ply,7608,3.403000000,-0.080000000,0.683249967,-0.2500,1.206499934,1.560000420,-0.350000000,-0.030000000,0.000000000,roll_mild,0.000,none,,,,Cluster rebounds after the large translation; tests absence of a strict velocity-direction assumption.
C08_F04_large_motion_rebound.ply,C08,4,large_motion_rebound,2,770,1,2,left,VISIBLE,0,mask_14_f.ply,7339,4.756000000,0.060000000,0.640000005,0.2500,1.240000010,1.690000534,-0.350000000,0.030000000,-0.010000000,roll_mild,0.000,none,,,,Cluster rebounds after the large translation; tests absence of a strict velocity-direction assumption.
C08_F04_large_motion_rebound.ply,C08,4,large_motion_rebound,3,406,1,3,left,VISIBLE,0,mask_1_f.ply,8255,6.106000000,-0.080000000,0.669999914,0.7500,1.179999828,1.660000801,-0.350000000,-0.030000000,0.010000000,roll_mild,0.000,none,,,,Cluster rebounds after the large translation; tests absence of a strict velocity-direction assumption.
C08_F04_large_motion_rebound.ply,C08,4,large_motion_rebound,4,403,1,4,left,VISIBLE,0,mask_5_f.ply,8733,7.770999938,0.080000000,0.660000000,4.0000,1.200000048,1.619999886,-0.350000000,0.030000000,0.000000000,roll_mild,0.000,none,,,,Cluster rebounds after the large translation; tests absence of a strict velocity-direction assumption.
C08_F04_large_motion_rebound.ply,C08,4,large_motion_rebound,5,674,1,5,left,VISIBLE,0,mask_6_f.ply,6518,9.080999936,-0.090000000,0.660000000,-3.5000,1.179999948,1.619999886,-0.350000000,-0.030000000,-0.010000000,roll_mild,0.000,none,,,,Cluster rebounds after the large translation; tests absence of a strict velocity-direction assumption.
C09_F00_visibility_complex_start.ply,C09,0,visibility_complex_start,0,231,1,0,left,VISIBLE,0,mask_10_f.ply,5835,0.625000000,0.000000000,0.634999969,-1.5000,1.189999938,1.590000153,,,,clean,0.000,none,,,,"Heavy visibility stress without removal: multiple old coils move, become side-partial or fully occluded, then recover; a yawed NEW is inserted during recovery."
C09_F00_visibility_complex_start.ply,C09,0,visibility_complex_start,1,192,1,1,left,VISIBLE,0,mask_12_f.ply,7608,1.848000000,0.000000000,0.643249967,-0.5000,1.206499934,1.560000420,,,,clean,0.000,none,,,,"Heavy visibility stress without removal: multiple old coils move, become side-partial or fully occluded, then recover; a yawed NEW is inserted during recovery."
C09_F00_visibility_complex_start.ply,C09,0,visibility_complex_start,2,470,1,2,left,VISIBLE,0,mask_14_f.ply,7339,3.096000000,0.000000000,0.660000005,0.5000,1.240000010,1.690000534,,,,clean,0.000,none,,,,"Heavy visibility stress without removal: multiple old coils move, become side-partial or fully occluded, then recover; a yawed NEW is inserted during recovery."
C09_F00_visibility_complex_start.ply,C09,0,visibility_complex_start,3,525,1,3,left,VISIBLE,0,mask_1_f.ply,8255,4.331000000,0.000000000,0.629999914,1.5000,1.179999828,1.660000801,,,,clean,0.000,none,,,,"Heavy visibility stress without removal: multiple old coils move, become side-partial or fully occluded, then recover; a yawed NEW is inserted during recovery."
C09_F00_visibility_complex_start.ply,C09,0,visibility_complex_start,4,934,1,4,left,VISIBLE,0,mask_5_f.ply,8733,5.546000000,0.000000000,0.640000024,-1.5000,1.200000048,1.619999886,,,,clean,0.000,none,,,,"Heavy visibility stress without removal: multiple old coils move, become side-partial or fully occluded, then recover; a yawed NEW is inserted during recovery."
C09_F00_visibility_complex_start.ply,C09,0,visibility_complex_start,5,839,1,5,left,VISIBLE,0,mask_6_f.ply,6518,6.761000000,0.000000000,0.629999974,-0.5000,1.179999948,1.619999886,,,,clean,0.000,none,,,,"Heavy visibility stress without removal: multiple old coils move, become side-partial or fully occluded, then recover; a yawed NEW is inserted during recovery."
C09_F01_multi_partial_all_move.ply,C09,1,multi_partial_all_move,0,635,1,0,left,VISIBLE,0,mask_10_f.ply,5835,0.655000000,-0.015000000,0.629999969,-3.5000,1.189999938,1.590000153,0.030000000,-0.015000000,-0.005000000,roll_mild,0.000,none,,,,Two historical coils are partially visible on different sides while all six objects move and roll.
C09_F01_multi_partial_all_move.ply,C09,1,multi_partial_all_move,1,314,1,1,left,VISIBLE,0,mask_12_f.ply,7608,1.908000000,0.015000000,0.643249967,1.5000,1.206499934,1.560000420,0.060000000,0.015000000,0.000000000,roll_mild,0.000,none,,,,Two historical coils are partially visible on different sides while all six objects move and roll.
C09_F01_multi_partial_all_move.ply,C09,1,multi_partial_all_move,2,641,1,2,left,PARTIAL_VISIBLE,0,mask_14_f.ply,7339,3.186000000,-0.015000000,0.665000005,-1.5000,1.240000010,1.690000534,0.090000000,-0.015000000,0.005000000,roll_heavy,0.550,both,,,,Two historical coils are partially visible on different sides while all six objects move and roll.
C09_F01_multi_partial_all_move.ply,C09,1,multi_partial_all_move,3,527,1,3,left,VISIBLE,0,mask_1_f.ply,8255,4.451000000,0.015000000,0.624999914,3.5000,1.179999828,1.660000801,0.120000000,0.015000000,-0.005000000,roll_mild,0.000,none,,,,Two historical coils are partially visible on different sides while all six objects move and roll.
C09_F01_multi_partial_all_move.ply,C09,1,multi_partial_all_move,4,426,1,4,left,PARTIAL_VISIBLE,0,mask_5_f.ply,8733,5.696000000,-0.015000000,0.640000024,-3.5000,1.200000048,1.619999886,0.150000000,-0.015000000,0.000000000,roll_mild,0.400,left,,,,Two historical coils are partially visible on different sides while all six objects move and roll.
C09_F01_multi_partial_all_move.ply,C09,1,multi_partial_all_move,5,262,1,5,left,VISIBLE,0,mask_6_f.ply,6518,6.941000000,0.015000000,0.634999974,1.5000,1.179999948,1.619999886,0.180000000,0.015000000,0.005000000,roll_mild,0.000,none,,,,Two historical coils are partially visible on different sides while all six objects move and roll.
C09_F02_one_occluded_one_partial.ply,C09,2,one_occluded_one_partial,0,487,1,0,left,VISIBLE,0,mask_10_f.ply,5835,0.795000000,-0.005000000,0.629999969,-1.5000,1.189999938,1.590000153,0.140000000,0.010000000,0.000000000,clean,0.000,none,,,,ID2 is fully occluded while ID4 is partially visible; no old coil is removed and all others continue moving.
C09_F02_one_occluded_one_partial.ply,C09,2,one_occluded_one_partial,1,851,1,1,left,VISIBLE,0,mask_12_f.ply,7608,2.028000000,0.005000000,0.643249967,-0.5000,1.206499934,1.560000420,0.120000000,-0.010000000,0.000000000,roll_heavy,0.000,none,,,,ID2 is fully occluded while ID4 is partially visible; no old coil is removed and all others continue moving.
C09_F02_one_occluded_one_partial.ply,C09,2,one_occluded_one_partial,2,-1,1,2,left,OCCLUDED,0,mask_14_f.ply,7339,3.286000000,-0.005000000,0.665000005,0.5000,1.240000010,1.690000534,0.100000000,0.010000000,0.000000000,clean,0.950,both,,,,ID2 is fully occluded while ID4 is partially visible; no old coil is removed and all others continue moving.
C09_F02_one_occluded_one_partial.ply,C09,2,one_occluded_one_partial,3,619,1,3,left,VISIBLE,0,mask_1_f.ply,8255,4.531000000,0.005000000,0.624999914,1.5000,1.179999828,1.660000801,0.080000000,-0.010000000,0.000000000,roll_heavy,0.000,none,,,,ID2 is fully occluded while ID4 is partially visible; no old coil is removed and all others continue moving.
C09_F02_one_occluded_one_partial.ply,C09,2,one_occluded_one_partial,4,897,1,4,left,PARTIAL_VISIBLE,0,mask_5_f.ply,8733,5.756000000,-0.005000000,0.640000024,-1.5000,1.200000048,1.619999886,0.060000000,0.010000000,0.000000000,roll_mild,0.450,right,,,,ID2 is fully occluded while ID4 is partially visible; no old coil is removed and all others continue moving.
C09_F02_one_occluded_one_partial.ply,C09,2,one_occluded_one_partial,5,654,1,5,left,VISIBLE,0,mask_6_f.ply,6518,6.981000000,0.005000000,0.634999974,-0.5000,1.179999948,1.619999886,0.040000000,-0.010000000,0.000000000,roll_heavy,0.000,none,,,,ID2 is fully occluded while ID4 is partially visible; no old coil is removed and all others continue moving.
C09_F03_return_plus_new.ply,C09,3,return_plus_new,0,437,1,0,left,VISIBLE,0,mask_10_f.ply,5835,0.825000000,-0.015000000,0.629999969,-1.5000,1.189999938,1.590000153,0.030000000,-0.010000000,0.000000000,roll_mild,0.000,none,,,,Previously occluded ID2 returns partially while a +7deg NEW is inserted with a nonzero gap; all existing coils move.
C09_F03_return_plus_new.ply,C09,3,return_plus_new,1,139,1,1,left,VISIBLE,0,mask_12_f.ply,7608,2.068000000,0.005000000,0.643249967,-0.5000,1.206499934,1.560000420,0.040000000,0.000000000,0.000000000,roll_mild,0.000,none,,,,Previously occluded ID2 returns partially while a +7deg NEW is inserted with a nonzero gap; all existing coils move.
C09_F03_return_plus_new.ply,C09,3,return_plus_new,2,356,1,2,left,PARTIAL_VISIBLE,0,mask_14_f.ply,7339,3.336000000,0.005000000,0.665000005,0.5000,1.240000010,1.690000534,0.050000000,0.010000000,0.000000000,roll_mild,0.500,both,,,,Previously occluded ID2 returns partially while a +7deg NEW is inserted with a nonzero gap; all existing coils move.
C09_F03_return_plus_new.ply,C09,3,return_plus_new,3,151,1,3,left,VISIBLE,0,mask_1_f.ply,8255,4.591000000,-0.005000000,0.624999914,1.5000,1.179999828,1.660000801,0.060000000,-0.010000000,0.000000000,roll_mild,0.000,none,,,,Previously occluded ID2 returns partially while a +7deg NEW is inserted with a nonzero gap; all existing coils move.
C09_F03_return_plus_new.ply,C09,3,return_plus_new,4,230,1,4,left,VISIBLE,0,mask_5_f.ply,8733,5.826000000,-0.005000000,0.640000024,-1.5000,1.200000048,1.619999886,0.070000000,0.000000000,0.000000000,roll_mild,0.000,none,,,,Previously occluded ID2 returns partially while a +7deg NEW is inserted with a nonzero gap; all existing coils move.
C09_F03_return_plus_new.ply,C09,3,return_plus_new,5,589,1,5,left,VISIBLE,0,mask_6_f.ply,6518,7.061000000,0.015000000,0.634999974,-0.5000,1.179999948,1.619999886,0.080000000,0.010000000,0.000000000,roll_mild,0.000,none,,,,Previously occluded ID2 returns partially while a +7deg NEW is inserted with a nonzero gap; all existing coils move.
C09_F03_return_plus_new.ply,C09,3,return_plus_new,6,259,1,6,left,VISIBLE,1,mask_7_f.ply,7117,8.562750429,0.100000000,0.680000000,7.0000,1.283500910,1.569998741,,,,clean,0.000,none,8.342750429,0.060000000,0.680000000,Previously occluded ID2 returns partially while a +7deg NEW is inserted with a nonzero gap; all existing coils move.
C09_F04_visibility_recovered.ply,C09,4,visibility_recovered,0,106,1,0,left,VISIBLE,0,mask_10_f.ply,5835,0.805000000,-0.015000000,0.629999969,-1.0500,1.189999938,1.590000153,-0.020000000,0.000000000,0.000000000,clean,0.000,none,,,,All objects visible again after the visibility lifecycle; permanent IDs must be unchanged.
C09_F04_visibility_recovered.ply,C09,4,visibility_recovered,1,401,1,1,left,VISIBLE,0,mask_12_f.ply,7608,2.043000000,0.005000000,0.643249967,-0.3500,1.206499934,1.560000420,-0.025000000,0.000000000,0.000000000,clean,0.000,none,,,,All objects visible again after the visibility lifecycle; permanent IDs must be unchanged.
C09_F04_visibility_recovered.ply,C09,4,visibility_recovered,2,207,1,2,left,VISIBLE,0,mask_14_f.ply,7339,3.306000000,0.005000000,0.665000005,0.3500,1.240000010,1.690000534,-0.030000000,0.000000000,0.000000000,roll_mild,0.000,none,,,,All objects visible again after the visibility lifecycle; permanent IDs must be unchanged.
C09_F04_visibility_recovered.ply,C09,4,visibility_recovered,3,583,1,3,left,VISIBLE,0,mask_1_f.ply,8255,4.556000000,-0.005000000,0.624999914,1.0500,1.179999828,1.660000801,-0.035000000,0.000000000,0.000000000,roll_mild,0.000,none,,,,All objects visible again after the visibility lifecycle; permanent IDs must be unchanged.
C09_F04_visibility_recovered.ply,C09,4,visibility_recovered,4,905,1,4,left,VISIBLE,0,mask_5_f.ply,8733,5.786000000,-0.005000000,0.640000024,-1.0500,1.200000048,1.619999886,-0.040000000,0.000000000,0.000000000,roll_mild,0.000,none,,,,All objects visible again after the visibility lifecycle; permanent IDs must be unchanged.
C09_F04_visibility_recovered.ply,C09,4,visibility_recovered,5,217,1,5,left,VISIBLE,0,mask_6_f.ply,6518,7.016000000,0.015000000,0.634999974,-0.3500,1.179999948,1.619999886,-0.045000000,0.000000000,0.000000000,roll_mild,0.000,none,,,,All objects visible again after the visibility lifecycle; permanent IDs must be unchanged.
C09_F04_visibility_recovered.ply,C09,4,visibility_recovered,6,882,1,6,left,VISIBLE,0,mask_7_f.ply,7117,8.512750429,0.100000000,0.680000000,4.9000,1.283500910,1.569998741,-0.050000000,0.000000000,0.000000000,roll_mild,0.000,none,,,,All objects visible again after the visibility lifecycle; permanent IDs must be unchanged.
C10_F00_rebound_start.ply,C10,0,rebound_start,0,558,1,0,left,VISIBLE,0,mask_10_f.ply,5835,0.625000000,0.000000000,0.634999969,0.0000,1.189999938,1.590000153,,,,clean,0.000,none,,,,"Non-monotonic settling sequence: historical coils move in X/Y, change yaw, reverse direction, then receive a far-gap NEW. This tests that tracking is not a one-direction velocity model."
C10_F00_rebound_start.ply,C10,0,rebound_start,1,797,1,1,left,VISIBLE,0,mask_12_f.ply,7608,1.848000000,0.000000000,0.643249967,0.0000,1.206499934,1.560000420,,,,clean,0.000,none,,,,"Non-monotonic settling sequence: historical coils move in X/Y, change yaw, reverse direction, then receive a far-gap NEW. This tests that tracking is not a one-direction velocity model."
C10_F00_rebound_start.ply,C10,0,rebound_start,2,281,1,2,left,VISIBLE,0,mask_14_f.ply,7339,3.096000000,0.000000000,0.660000005,0.0000,1.240000010,1.690000534,,,,clean,0.000,none,,,,"Non-monotonic settling sequence: historical coils move in X/Y, change yaw, reverse direction, then receive a far-gap NEW. This tests that tracking is not a one-direction velocity model."
C10_F00_rebound_start.ply,C10,0,rebound_start,3,585,1,3,left,VISIBLE,0,mask_1_f.ply,8255,4.331000000,0.000000000,0.629999914,0.0000,1.179999828,1.660000801,,,,clean,0.000,none,,,,"Non-monotonic settling sequence: historical coils move in X/Y, change yaw, reverse direction, then receive a far-gap NEW. This tests that tracking is not a one-direction velocity model."
C10_F00_rebound_start.ply,C10,0,rebound_start,4,293,1,4,left,VISIBLE,0,mask_5_f.ply,8733,5.546000000,0.000000000,0.640000024,0.0000,1.200000048,1.619999886,,,,clean,0.000,none,,,,"Non-monotonic settling sequence: historical coils move in X/Y, change yaw, reverse direction, then receive a far-gap NEW. This tests that tracking is not a one-direction velocity model."
C10_F01_push_forward_xy_yaw.ply,C10,1,push_forward_xy_yaw,0,865,1,0,left,VISIBLE,0,mask_10_f.ply,5835,0.745000000,-0.060000000,0.624999969,-5.0000,1.189999938,1.590000153,0.120000000,-0.060000000,-0.010000000,roll_mild,0.000,none,,,,Every historical coil moves forward by a different amount with alternating Y drift and yaw.
C10_F01_push_forward_xy_yaw.ply,C10,1,push_forward_xy_yaw,1,172,1,1,left,VISIBLE,0,mask_12_f.ply,7608,2.018000000,0.060000000,0.643249967,-2.5000,1.206499934,1.560000420,0.170000000,0.060000000,0.000000000,roll_mild,0.000,none,,,,Every historical coil moves forward by a different amount with alternating Y drift and yaw.
C10_F01_push_forward_xy_yaw.ply,C10,1,push_forward_xy_yaw,2,400,1,2,left,VISIBLE,0,mask_14_f.ply,7339,3.316000000,-0.060000000,0.670000005,0.0000,1.240000010,1.690000534,0.220000000,-0.060000000,0.010000000,roll_mild,0.000,none,,,,Every historical coil moves forward by a different amount with alternating Y drift and yaw.
C10_F01_push_forward_xy_yaw.ply,C10,1,push_forward_xy_yaw,3,578,1,3,left,VISIBLE,0,mask_1_f.ply,8255,4.601000000,0.060000000,0.619999914,2.5000,1.179999828,1.660000801,0.270000000,0.060000000,-0.010000000,roll_mild,0.000,none,,,,Every historical coil moves forward by a different amount with alternating Y drift and yaw.
C10_F01_push_forward_xy_yaw.ply,C10,1,push_forward_xy_yaw,4,608,1,4,left,VISIBLE,0,mask_5_f.ply,8733,5.866000000,-0.060000000,0.640000024,5.0000,1.200000048,1.619999886,0.320000000,-0.060000000,0.000000000,roll_mild,0.000,none,,,,Every historical coil moves forward by a different amount with alternating Y drift and yaw.
C10_F02_rebound_reverse.ply,C10,2,rebound_reverse,0,582,1,0,left,VISIBLE,0,mask_10_f.ply,5835,0.645000000,-0.020000000,0.629999969,3.0000,1.189999938,1.590000153,-0.100000000,0.040000000,0.005000000,clean,0.000,none,,,,"The cluster reverses direction after settling; rolling observation changes remain, so a constant-velocity prior would be unsafe."
C10_F02_rebound_reverse.ply,C10,2,rebound_reverse,1,845,1,1,left,VISIBLE,0,mask_12_f.ply,7608,1.883000000,0.020000000,0.643249967,1.5000,1.206499934,1.560000420,-0.135000000,-0.040000000,0.000000000,clean,0.000,none,,,,"The cluster reverses direction after settling; rolling observation changes remain, so a constant-velocity prior would be unsafe."
C10_F02_rebound_reverse.ply,C10,2,rebound_reverse,2,843,1,2,left,VISIBLE,0,mask_14_f.ply,7339,3.146000000,-0.020000000,0.665000005,-0.0000,1.240000010,1.690000534,-0.170000000,0.040000000,-0.005000000,roll_heavy,0.000,none,,,,"The cluster reverses direction after settling; rolling observation changes remain, so a constant-velocity prior would be unsafe."
C10_F02_rebound_reverse.ply,C10,2,rebound_reverse,3,963,1,3,left,VISIBLE,0,mask_1_f.ply,8255,4.396000000,0.020000000,0.624999914,-1.5000,1.179999828,1.660000801,-0.205000000,-0.040000000,0.005000000,roll_heavy,0.000,none,,,,"The cluster reverses direction after settling; rolling observation changes remain, so a constant-velocity prior would be unsafe."
C10_F02_rebound_reverse.ply,C10,2,rebound_reverse,4,319,1,4,left,VISIBLE,0,mask_5_f.ply,8733,5.626000000,-0.020000000,0.640000024,-3.0000,1.200000048,1.619999886,-0.240000000,0.040000000,0.000000000,roll_heavy,0.000,none,,,,"The cluster reverses direction after settling; rolling observation changes remain, so a constant-velocity prior would be unsafe."
C10_F03_rebound_then_far_new.ply,C10,3,rebound_then_far_new,0,448,1,0,left,VISIBLE,0,mask_10_f.ply,5835,0.695000000,-0.040000000,0.629999969,3.0000,1.189999938,1.590000153,0.050000000,-0.020000000,0.000000000,roll_mild,0.000,none,,,,"After a direction reversal, a -8deg NEW is placed with a 0.55m gap while one old coil is partially hidden."
C10_F03_rebound_then_far_new.ply,C10,3,rebound_then_far_new,1,609,1,1,left,VISIBLE,0,mask_12_f.ply,7608,1.953000000,0.020000000,0.643249967,1.5000,1.206499934,1.560000420,0.070000000,0.000000000,0.000000000,roll_mild,0.000,none,,,,"After a direction reversal, a -8deg NEW is placed with a 0.55m gap while one old coil is partially hidden."
C10_F03_rebound_then_far_new.ply,C10,3,rebound_then_far_new,2,543,1,2,left,VISIBLE,0,mask_14_f.ply,7339,3.236000000,0.000000000,0.665000005,-0.0000,1.240000010,1.690000534,0.090000000,0.020000000,0.000000000,roll_mild,0.000,none,,,,"After a direction reversal, a -8deg NEW is placed with a 0.55m gap while one old coil is partially hidden."
C10_F03_rebound_then_far_new.ply,C10,3,rebound_then_far_new,3,880,1,3,left,PARTIAL_VISIBLE,0,mask_1_f.ply,8255,4.506000000,-0.000000000,0.624999914,-1.5000,1.179999828,1.660000801,0.110000000,-0.020000000,0.000000000,roll_mild,0.350,right,,,,"After a direction reversal, a -8deg NEW is placed with a 0.55m gap while one old coil is partially hidden."
C10_F03_rebound_then_far_new.ply,C10,3,rebound_then_far_new,4,499,1,4,left,VISIBLE,0,mask_5_f.ply,8733,5.756000000,-0.020000000,0.640000024,-3.0000,1.200000048,1.619999886,0.130000000,0.000000000,0.000000000,roll_mild,0.000,none,,,,"After a direction reversal, a -8deg NEW is placed with a 0.55m gap while one old coil is partially hidden."
C10_F03_rebound_then_far_new.ply,C10,3,rebound_then_far_new,5,685,1,5,left,VISIBLE,1,mask_6_f.ply,6518,7.495999998,-0.100000000,0.650000000,-8.0000,1.179999948,1.619999886,,,,clean,0.000,none,7.195999998,-0.050000000,0.650000000,"After a direction reversal, a -8deg NEW is placed with a 0.55m gap while one old coil is partially hidden."
C10_F04_rebound_final_settle.ply,C10,4,rebound_final_settle,0,206,1,0,left,VISIBLE,0,mask_10_f.ply,5835,0.665000000,-0.050000000,0.629999969,1.8000,1.189999938,1.590000153,-0.030000000,-0.010000000,0.000000000,roll_mild,0.000,none,,,,Final settling frame after reverse motion and NEW birth.
C10_F04_rebound_final_settle.ply,C10,4,rebound_final_settle,1,638,1,1,left,VISIBLE,0,mask_12_f.ply,7608,1.923000000,0.030000000,0.643249967,0.9000,1.206499934,1.560000420,-0.030000000,0.010000000,0.000000000,roll_mild,0.000,none,,,,Final settling frame after reverse motion and NEW birth.
C10_F04_rebound_final_settle.ply,C10,4,rebound_final_settle,2,255,1,2,left,VISIBLE,0,mask_14_f.ply,7339,3.206000000,-0.010000000,0.665000005,-0.0000,1.240000010,1.690000534,-0.030000000,-0.010000000,0.000000000,roll_mild,0.000,none,,,,Final settling frame after reverse motion and NEW birth.
C10_F04_rebound_final_settle.ply,C10,4,rebound_final_settle,3,810,1,3,left,VISIBLE,0,mask_1_f.ply,8255,4.476000000,0.010000000,0.624999914,-0.9000,1.179999828,1.660000801,-0.030000000,0.010000000,0.000000000,roll_mild,0.000,none,,,,Final settling frame after reverse motion and NEW birth.
C10_F04_rebound_final_settle.ply,C10,4,rebound_final_settle,4,534,1,4,left,VISIBLE,0,mask_5_f.ply,8733,5.726000000,-0.030000000,0.640000024,-1.8000,1.200000048,1.619999886,-0.030000000,-0.010000000,0.000000000,roll_mild,0.000,none,,,,Final settling frame after reverse motion and NEW birth.
C10_F04_rebound_final_settle.ply,C10,4,rebound_final_settle,5,816,1,5,left,VISIBLE,0,mask_6_f.ply,6518,7.465999998,-0.090000000,0.650000000,-4.8000,1.179999948,1.619999886,-0.030000000,0.010000000,0.000000000,roll_mild,0.000,none,,,,Final settling frame after reverse motion and NEW birth.
Z01_F00_topdown_yaw_motion_0.ply,Z01,0,topdown_z_yaw_motion_0,0,827,1,0,left,VIEW_PARTIAL,0,mask_10_f.ply,3366,0.6249999690055847,0.0,0.6349999690055848,0,1.1899999380111694,1.5900001525878906,,,,top_down_z,0.0,none,,,,explicit yaw around Z plus primarily-X movement; observation roll mismatch is separate | global -Z XY z-buffer top-visible surface only; view partial is not occlusion
Z01_F00_topdown_yaw_motion_0.ply,Z01,0,topdown_z_yaw_motion_0,1,400,1,1,left,VIEW_PARTIAL,0,mask_12_f.ply,4352,1.8482499051094055,-0.0,0.6432499670982361,0,1.2064999341964722,1.5600004196166992,,,,top_down_z,0.0,none,,,,explicit yaw around Z plus primarily-X movement; observation roll mismatch is separate | global -Z XY z-buffer top-visible surface only; view partial is not occlusion
Z01_F00_topdown_yaw_motion_0.ply,Z01,0,topdown_z_yaw_motion_0,2,104,1,2,left,VIEW_PARTIAL,0,mask_14_f.ply,3476,3.096499876976013,0.0,0.6600000047683716,0,1.2400000095367432,1.6900005340576172,,,,top_down_z,0.0,none,,,,explicit yaw around Z plus primarily-X movement; observation roll mismatch is separate | global -Z XY z-buffer top-visible surface only; view partial is not occlusion
Z01_F00_topdown_yaw_motion_0.ply,Z01,0,topdown_z_yaw_motion_0,3,468,1,3,left,VIEW_PARTIAL,0,mask_1_f.ply,3907,4.331499795913697,-0.0,0.6299999141693116,0,1.179999828338623,1.6600008010864258,,,,top_down_z,0.0,none,,,,explicit yaw around Z plus primarily-X movement; observation roll mismatch is separate | global -Z XY z-buffer top-visible surface only; view partial is not occlusion
Z01_F00_topdown_yaw_motion_0.ply,Z01,0,topdown_z_yaw_motion_0,4,530,1,4,left,VIEW_PARTIAL,0,mask_5_f.ply,4505,5.5464997339248665,0.0,0.640000023841858,0,1.2000000476837158,1.619999885559082,,,,top_down_z,0.0,none,,,,explicit yaw around Z plus primarily-X movement; observation roll mismatch is separate | global -Z XY z-buffer top-visible surface only; view partial is not occlusion
Z01_F00_topdown_yaw_motion_0.ply,Z01,0,topdown_z_yaw_motion_0,5,903,1,5,left,VIEW_PARTIAL,0,mask_6_f.ply,3561,6.761499731540681,-0.0,0.6299999737739563,0,1.1799999475479126,1.619999885559082,,,,top_down_z,0.0,none,,,,explicit yaw around Z plus primarily-X movement; observation roll mismatch is separate | global -Z XY z-buffer top-visible surface only; view partial is not occlusion
Z01_F01_topdown_yaw_motion_1.ply,Z01,1,topdown_z_yaw_motion_1,0,712,1,0,left,VIEW_PARTIAL,0,mask_10_f.ply,3277,0.6399999690055848,0.015,0.6349999690055848,0.0,1.1899999380111694,1.5900001525878906,0.015000000000000013,0.015,0.0,top_down_z+roll_mild,0.0,none,,,,explicit yaw around Z plus primarily-X movement; observation roll mismatch is separate | V3: rolling mismatch uses local surface perturbation + thinning/resampling only; no large contiguous wedge deletion. | global -Z XY z-buffer top-visible surface only; view partial is not occlusion
Z01_F01_topdown_yaw_motion_1.ply,Z01,1,topdown_z_yaw_motion_1,1,125,1,1,left,VIEW_PARTIAL,0,mask_12_f.ply,4098,1.8632499051094054,-0.01,0.6432499670982361,0.6666666666666666,1.2064999341964722,1.5600004196166992,0.014999999999999902,-0.01,0.0,top_down_z+roll_mild,0.0,none,,,,explicit yaw around Z plus primarily-X movement; observation roll mismatch is separate | V3: rolling mismatch uses local surface perturbation + thinning/resampling only; no large contiguous wedge deletion. | global -Z XY z-buffer top-visible surface only; view partial is not occlusion
Z01_F01_topdown_yaw_motion_1.ply,Z01,1,topdown_z_yaw_motion_1,2,706,1,2,left,VIEW_PARTIAL,0,mask_14_f.ply,3368,3.111499876976013,0.015,0.6600000047683716,-1.0,1.2400000095367432,1.6900005340576172,0.015000000000000124,0.015,0.0,top_down_z+roll_mild,0.0,none,,,,explicit yaw around Z plus primarily-X movement; observation roll mismatch is separate | V3: rolling mismatch uses local surface perturbation + thinning/resampling only; no large contiguous wedge deletion. | global -Z XY z-buffer top-visible surface only; view partial is not occlusion
Z01_F01_topdown_yaw_motion_1.ply,Z01,1,topdown_z_yaw_motion_1,3,143,1,3,left,VIEW_PARTIAL,0,mask_1_f.ply,3850,4.371499795913697,-0.01,0.6299999141693116,1.6666666666666665,1.179999828338623,1.6600008010864258,0.040000000000000036,-0.01,0.0,top_down_z+roll_mild,0.0,none,,,,explicit yaw around Z plus primarily-X movement; observation roll mismatch is separate | V3: rolling mismatch uses local surface perturbation + thinning/resampling only; no large contiguous wedge deletion. | global -Z XY z-buffer top-visible surface only; view partial is not occlusion
Z01_F01_topdown_yaw_motion_1.ply,Z01,1,topdown_z_yaw_motion_1,4,372,1,4,left,VIEW_PARTIAL,0,mask_5_f.ply,4375,5.5864997339248665,0.015,0.640000023841858,-1.3333333333333333,1.2000000476837158,1.619999885559082,0.040000000000000036,0.015,0.0,top_down_z+roll_mild,0.0,none,,,,explicit yaw around Z plus primarily-X movement; observation roll mismatch is separate | V3: rolling mismatch uses local surface perturbation + thinning/resampling only; no large contiguous wedge deletion. | global -Z XY z-buffer top-visible surface only; view partial is not occlusion
Z01_F01_topdown_yaw_motion_1.ply,Z01,1,topdown_z_yaw_motion_1,5,545,1,5,left,VIEW_PARTIAL,0,mask_6_f.ply,3466,6.801499731540681,-0.01,0.6299999737739563,1.0,1.1799999475479126,1.619999885559082,0.040000000000000036,-0.01,0.0,top_down_z+roll_mild,0.0,none,,,,explicit yaw around Z plus primarily-X movement; observation roll mismatch is separate | V3: rolling mismatch uses local surface perturbation + thinning/resampling only; no large contiguous wedge deletion. | global -Z XY z-buffer top-visible surface only; view partial is not occlusion
Z01_F02_topdown_yaw_motion_2.ply,Z01,2,topdown_z_yaw_motion_2,0,510,1,0,left,VIEW_PARTIAL,0,mask_10_f.ply,3148,0.6549999690055848,0.03,0.6349999690055848,0.0,1.1899999380111694,1.5900001525878906,,,,top_down_z+roll_mild,0.0,none,,,,explicit yaw around Z plus primarily-X movement; observation roll mismatch is separate | V3: rolling mismatch uses local surface perturbation + thinning/resampling only; no large contiguous wedge deletion. | global -Z XY z-buffer top-visible surface only; view partial is not occlusion
Z01_F02_topdown_yaw_motion_2.ply,Z01,2,topdown_z_yaw_motion_2,1,450,1,1,left,VIEW_PARTIAL,0,mask_12_f.ply,4105,1.8782499051094055,-0.02,0.6432499670982361,1.3333333333333333,1.2064999341964722,1.5600004196166992,,,,top_down_z+roll_mild,0.0,none,,,,explicit yaw around Z plus primarily-X movement; observation roll mismatch is separate | V3: rolling mismatch uses local surface perturbation + thinning/resampling only; no large contiguous wedge deletion. | global -Z XY z-buffer top-visible surface only; view partial is not occlusion
Z01_F02_topdown_yaw_motion_2.ply,Z01,2,topdown_z_yaw_motion_2,2,720,1,2,left,VIEW_PARTIAL,0,mask_14_f.ply,3460,3.1264998769760126,0.03,0.6600000047683716,-2.0,1.2400000095367432,1.6900005340576172,,,,top_down_z+roll_mild,0.0,none,,,,explicit yaw around Z plus primarily-X movement; observation roll mismatch is separate | V3: rolling mismatch uses local surface perturbation + thinning/resampling only; no large contiguous wedge deletion. | global -Z XY z-buffer top-visible surface only; view partial is not occlusion
Z01_F02_topdown_yaw_motion_2.ply,Z01,2,topdown_z_yaw_motion_2,3,110,1,3,left,VIEW_PARTIAL,0,mask_1_f.ply,3172,4.411499795913697,-0.02,0.6299999141693116,3.333333333333333,1.179999828338623,1.6600008010864258,,,,top_down_z+roll_heavy,0.0,none,,,,explicit yaw around Z plus primarily-X movement; observation roll mismatch is separate | V3: rolling mismatch uses local surface perturbation + thinning/resampling only; no large contiguous wedge deletion. | global -Z XY z-buffer top-visible surface only; view partial is not occlusion
Z01_F02_topdown_yaw_motion_2.ply,Z01,2,topdown_z_yaw_motion_2,4,337,1,4,left,VIEW_PARTIAL,0,mask_5_f.ply,3860,5.626499733924867,0.03,0.640000023841858,-2.6666666666666665,1.2000000476837158,1.619999885559082,,,,top_down_z+roll_heavy,0.0,none,,,,explicit yaw around Z plus primarily-X movement; observation roll mismatch is separate | V3: rolling mismatch uses local surface perturbation + thinning/resampling only; no large contiguous wedge deletion. | global -Z XY z-buffer top-visible surface only; view partial is not occlusion
Z01_F02_topdown_yaw_motion_2.ply,Z01,2,topdown_z_yaw_motion_2,5,801,1,5,left,VIEW_PARTIAL,0,mask_6_f.ply,3321,6.841499731540681,-0.02,0.6299999737739563,2.0,1.1799999475479126,1.619999885559082,,,,top_down_z+roll_mild,0.0,none,,,,explicit yaw around Z plus primarily-X movement; observation roll mismatch is separate | V3: rolling mismatch uses local surface perturbation + thinning/resampling only; no large contiguous wedge deletion. | global -Z XY z-buffer top-visible surface only; view partial is not occlusion
Z01_F03_topdown_yaw_motion_3.ply,Z01,3,topdown_z_yaw_motion_3,0,526,1,0,left,VIEW_PARTIAL,0,mask_10_f.ply,3189,0.6699999690055848,0.045,0.6349999690055848,0.0,1.1899999380111694,1.5900001525878906,,,,top_down_z+roll_mild,0.0,none,,,,explicit yaw around Z plus primarily-X movement; observation roll mismatch is separate | V3: rolling mismatch uses local surface perturbation + thinning/resampling only; no large contiguous wedge deletion. | global -Z XY z-buffer top-visible surface only; view partial is not occlusion
Z01_F03_topdown_yaw_motion_3.ply,Z01,3,topdown_z_yaw_motion_3,1,883,1,1,left,VIEW_PARTIAL,0,mask_12_f.ply,4094,1.8932499051094054,-0.03,0.6432499670982361,2.0,1.2064999341964722,1.5600004196166992,,,,top_down_z+roll_mild,0.0,none,,,,explicit yaw around Z plus primarily-X movement; observation roll mismatch is separate | V3: rolling mismatch uses local surface perturbation + thinning/resampling only; no large contiguous wedge deletion. | global -Z XY z-buffer top-visible surface only; view partial is not occlusion
Z01_F03_topdown_yaw_motion_3.ply,Z01,3,topdown_z_yaw_motion_3,2,245,1,2,left,VIEW_PARTIAL,0,mask_14_f.ply,3394,3.1414998769760127,0.045,0.6600000047683716,-3.0,1.2400000095367432,1.6900005340576172,,,,top_down_z+roll_mild,0.0,none,,,,explicit yaw around Z plus primarily-X movement; observation roll mismatch is separate | V3: rolling mismatch uses local surface perturbation + thinning/resampling only; no large contiguous wedge deletion. | global -Z XY z-buffer top-visible surface only; view partial is not occlusion
Z01_F03_topdown_yaw_motion_3.ply,Z01,3,topdown_z_yaw_motion_3,3,693,1,3,left,VIEW_PARTIAL,0,mask_1_f.ply,3197,4.451499795913697,-0.03,0.6299999141693116,5.0,1.179999828338623,1.6600008010864258,,,,top_down_z+roll_heavy,0.0,none,,,,explicit yaw around Z plus primarily-X movement; observation roll mismatch is separate | V3: rolling mismatch uses local surface perturbation + thinning/resampling only; no large contiguous wedge deletion. | global -Z XY z-buffer top-visible surface only; view partial is not occlusion
Z01_F03_topdown_yaw_motion_3.ply,Z01,3,topdown_z_yaw_motion_3,4,132,1,4,left,VIEW_PARTIAL,0,mask_5_f.ply,3631,5.666499733924867,0.045,0.640000023841858,-4.0,1.2000000476837158,1.619999885559082,,,,top_down_z+roll_heavy,0.0,none,,,,explicit yaw around Z plus primarily-X movement; observation roll mismatch is separate | V3: rolling mismatch uses local surface perturbation + thinning/resampling only; no large contiguous wedge deletion. | global -Z XY z-buffer top-visible surface only; view partial is not occlusion
Z01_F03_topdown_yaw_motion_3.ply,Z01,3,topdown_z_yaw_motion_3,5,253,1,5,left,VIEW_PARTIAL,0,mask_6_f.ply,3337,6.881499731540681,-0.03,0.6299999737739563,3.0,1.1799999475479126,1.619999885559082,,,,top_down_z+roll_mild,0.0,none,,,,explicit yaw around Z plus primarily-X movement; observation roll mismatch is separate | V3: rolling mismatch uses local surface perturbation + thinning/resampling only; no large contiguous wedge deletion. | global -Z XY z-buffer top-visible surface only; view partial is not occlusion
Z02_F00_topdown_two_side_complex_start.ply,Z02,0,topdown_z_two_side_complex_start,0,294,1,0,left,VIEW_PARTIAL,0,mask_10_f.ply,3393,0.625000000,0.000000000,0.635000000,0.0000,1.189999938,1.590000153,,,,top_down_z,0.000,none,,,,"Two edge clusters grow alternately; both clusters move, NEW gaps/yaw vary, partial/occluded history appears, and the middle free region stays semantically normal. | global -Z XY z-buffer top-visible surface only; view partial is not occlusion"
Z02_F00_topdown_two_side_complex_start.ply,Z02,0,topdown_z_two_side_complex_start,1,299,1,1,left,VIEW_PARTIAL,0,mask_12_f.ply,4359,1.848000000,0.020000000,0.643000000,1.0000,1.206499934,1.560000420,,,,top_down_z,0.000,none,,,,"Two edge clusters grow alternately; both clusters move, NEW gaps/yaw vary, partial/occluded history appears, and the middle free region stays semantically normal. | global -Z XY z-buffer top-visible surface only; view partial is not occlusion"
Z02_F00_topdown_two_side_complex_start.ply,Z02,0,topdown_z_two_side_complex_start,8,353,1,8,right,VIEW_PARTIAL,0,mask_12_f.ply,4355,13.150000000,-0.020000000,0.643000000,-1.0000,1.206499934,1.560000420,,,,top_down_z,0.000,none,,,,"Two edge clusters grow alternately; both clusters move, NEW gaps/yaw vary, partial/occluded history appears, and the middle free region stays semantically normal. | global -Z XY z-buffer top-visible surface only; view partial is not occlusion"
Z02_F00_topdown_two_side_complex_start.ply,Z02,0,topdown_z_two_side_complex_start,9,415,1,9,right,VIEW_PARTIAL,0,mask_14_f.ply,3531,14.375000000,0.000000000,0.635000000,0.0000,1.240000010,1.690000534,,,,top_down_z,0.000,none,,,,"Two edge clusters grow alternately; both clusters move, NEW gaps/yaw vary, partial/occluded history appears, and the middle free region stays semantically normal. | global -Z XY z-buffer top-visible surface only; view partial is not occlusion"
Z02_F01_topdown_left_new_far_gap.ply,Z02,1,topdown_z_left_new_far_gap,0,693,1,0,left,VIEW_PARTIAL,0,mask_10_f.ply,3370,0.645000000,0.010000000,0.635000000,0.0000,1.189999938,1.590000153,0.020000000,0.010000000,0.000000000,top_down_z,0.000,none,,,,Left cluster extends while both clusters move inward; NEW has a large gap and +6deg yaw. | global -Z XY z-buffer top-visible surface only; view partial is not occlusion
Z02_F01_topdown_left_new_far_gap.ply,Z02,1,topdown_z_left_new_far_gap,1,337,1,1,left,VIEW_PARTIAL,0,mask_12_f.ply,4117,1.928000000,0.000000000,0.653000000,2.0000,1.206499934,1.560000420,0.080000000,-0.020000000,0.010000000,top_down_z+roll_mild,0.000,none,,,,Left cluster extends while both clusters move inward; NEW has a large gap and +6deg yaw. | global -Z XY z-buffer top-visible surface only; view partial is not occlusion
Z02_F01_topdown_left_new_far_gap.ply,Z02,1,topdown_z_left_new_far_gap,2,541,1,2,left,VIEW_PARTIAL,1,mask_14_f.ply,3628,3.451249972,0.050000000,0.660000000,6.0000,1.240000010,1.690000534,,,,top_down_z,0.000,none,3.251249972,0.020000000,0.660000000,Left cluster extends while both clusters move inward; NEW has a large gap and +6deg yaw. | global -Z XY z-buffer top-visible surface only; view partial is not occlusion
Z02_F01_topdown_left_new_far_gap.ply,Z02,1,topdown_z_left_new_far_gap,8,488,1,8,right,VIEW_PARTIAL,0,mask_12_f.ply,4113,13.100000000,0.000000000,0.643000000,-2.0000,1.206499934,1.560000420,-0.050000000,0.020000000,0.000000000,top_down_z+roll_mild,0.000,none,,,,Left cluster extends while both clusters move inward; NEW has a large gap and +6deg yaw. | global -Z XY z-buffer top-visible surface only; view partial is not occlusion
Z02_F01_topdown_left_new_far_gap.ply,Z02,1,topdown_z_left_new_far_gap,9,681,1,9,right,VIEW_PARTIAL,0,mask_14_f.ply,3539,14.355000000,-0.010000000,0.635000000,0.0000,1.240000010,1.690000534,-0.020000000,-0.010000000,0.000000000,top_down_z,0.000,none,,,,Left cluster extends while both clusters move inward; NEW has a large gap and +6deg yaw. | global -Z XY z-buffer top-visible surface only; view partial is not occlusion
Z02_F02_topdown_right_new_partial_left.ply,Z02,2,topdown_z_right_new_partial_left,0,594,1,0,left,VIEW_PARTIAL,0,mask_10_f.ply,3414,0.665000000,0.010000000,0.635000000,0.0000,1.189999938,1.590000153,0.020000000,0.000000000,0.000000000,top_down_z,0.000,none,,,,"Right cluster extends; all coils move, one left-cluster coil is side-occluded, NEW has -7deg yaw. | global -Z XY z-buffer top-visible surface only; view partial is not occlusion"
Z02_F02_topdown_right_new_partial_left.ply,Z02,2,topdown_z_right_new_partial_left,1,796,1,1,left,PARTIAL_VISIBLE,0,mask_12_f.ply,2855,1.978000000,0.020000000,0.653000000,2.0000,1.206499934,1.560000420,0.050000000,0.020000000,0.000000000,top_down_z+roll_mild,0.400,both,,,,"Right cluster extends; all coils move, one left-cluster coil is side-occluded, NEW has -7deg yaw. | global -Z XY z-buffer top-visible surface only; view partial is not occlusion"
Z02_F02_topdown_right_new_partial_left.ply,Z02,2,topdown_z_right_new_partial_left,2,328,1,2,left,VIEW_PARTIAL,0,mask_14_f.ply,2929,3.571249972,0.020000000,0.670000000,6.0000,1.240000010,1.690000534,0.120000000,-0.030000000,0.010000000,top_down_z+roll_heavy,0.000,none,,,,"Right cluster extends; all coils move, one left-cluster coil is side-occluded, NEW has -7deg yaw. | global -Z XY z-buffer top-visible surface only; view partial is not occlusion"
Z02_F02_topdown_right_new_partial_left.ply,Z02,2,topdown_z_right_new_partial_left,7,462,1,7,right,VIEW_PARTIAL,1,mask_10_f.ply,3392,11.611750064,-0.050000000,0.650000000,-7.0000,1.189999938,1.590000153,,,,top_down_z,0.000,none,11.831750064,-0.020000000,0.650000000,"Right cluster extends; all coils move, one left-cluster coil is side-occluded, NEW has -7deg yaw. | global -Z XY z-buffer top-visible surface only; view partial is not occlusion"
Z02_F02_topdown_right_new_partial_left.ply,Z02,2,topdown_z_right_new_partial_left,8,876,1,8,right,VIEW_PARTIAL,0,mask_12_f.ply,3564,13.010000000,-0.020000000,0.653000000,-2.0000,1.206499934,1.560000420,-0.090000000,-0.020000000,0.010000000,top_down_z+roll_heavy,0.000,none,,,,"Right cluster extends; all coils move, one left-cluster coil is side-occluded, NEW has -7deg yaw. | global -Z XY z-buffer top-visible surface only; view partial is not occlusion"
Z02_F02_topdown_right_new_partial_left.ply,Z02,2,topdown_z_right_new_partial_left,9,472,1,9,right,VIEW_PARTIAL,0,mask_14_f.ply,3569,14.325000000,0.000000000,0.635000000,0.0000,1.240000010,1.690000534,-0.030000000,0.010000000,0.000000000,top_down_z,0.000,none,,,,"Right cluster extends; all coils move, one left-cluster coil is side-occluded, NEW has -7deg yaw. | global -Z XY z-buffer top-visible surface only; view partial is not occlusion"
Z02_F03_topdown_two_new_both_sides.ply,Z02,3,topdown_z_two_new_both_sides,0,343,1,0,left,VIEW_PARTIAL,0,mask_10_f.ply,3239,0.705000000,0.000000000,0.635000000,0.0000,1.189999938,1.590000153,0.040000000,-0.010000000,0.000000000,top_down_z+roll_mild,0.000,none,,,,"Two NEW coils are placed simultaneously, one on each cluster; both have yaw and unequal gaps; all history moves. | global -Z XY z-buffer top-visible surface only; view partial is not occlusion"
Z02_F03_topdown_two_new_both_sides.ply,Z02,3,topdown_z_two_new_both_sides,1,805,1,1,left,VIEW_PARTIAL,0,mask_12_f.ply,4233,2.038000000,0.020000000,0.653000000,2.0000,1.206499934,1.560000420,0.060000000,0.000000000,0.000000000,top_down_z+roll_mild,0.000,none,,,,"Two NEW coils are placed simultaneously, one on each cluster; both have yaw and unequal gaps; all history moves. | global -Z XY z-buffer top-visible surface only; view partial is not occlusion"
Z02_F03_topdown_two_new_both_sides.ply,Z02,3,topdown_z_two_new_both_sides,2,104,1,2,left,VIEW_PARTIAL,0,mask_14_f.ply,3438,3.651249972,0.030000000,0.670000000,6.0000,1.240000010,1.690000534,0.080000000,0.010000000,0.000000000,top_down_z+roll_mild,0.000,none,,,,"Two NEW coils are placed simultaneously, one on each cluster; both have yaw and unequal gaps; all history moves. | global -Z XY z-buffer top-visible surface only; view partial is not occlusion"
Z02_F03_topdown_two_new_both_sides.ply,Z02,3,topdown_z_two_new_both_sides,3,267,1,3,left,VIEW_PARTIAL,1,mask_1_f.ply,3936,4.961249891,0.080000000,0.640000000,5.0000,1.179999828,1.660000801,,,,top_down_z,0.000,none,4.841249891,0.060000000,0.640000000,"Two NEW coils are placed simultaneously, one on each cluster; both have yaw and unequal gaps; all history moves. | global -Z XY z-buffer top-visible surface only; view partial is not occlusion"
Z02_F03_topdown_two_new_both_sides.ply,Z02,3,topdown_z_two_new_both_sides,6,144,1,6,right,VIEW_PARTIAL,1,mask_7_f.ply,3763,9.964999640,-0.080000000,0.670000000,-6.0000,1.283500910,1.569998741,,,,top_down_z,0.000,none,10.144999640,-0.060000000,0.670000000,"Two NEW coils are placed simultaneously, one on each cluster; both have yaw and unequal gaps; all history moves. | global -Z XY z-buffer top-visible surface only; view partial is not occlusion"
Z02_F03_topdown_two_new_both_sides.ply,Z02,3,topdown_z_two_new_both_sides,7,642,1,7,right,VIEW_PARTIAL,0,mask_10_f.ply,3198,11.541750064,-0.050000000,0.650000000,-7.0000,1.189999938,1.590000153,-0.070000000,0.000000000,0.000000000,top_down_z+roll_mild,0.000,none,,,,"Two NEW coils are placed simultaneously, one on each cluster; both have yaw and unequal gaps; all history moves. | global -Z XY z-buffer top-visible surface only; view partial is not occlusion"
Z02_F03_topdown_two_new_both_sides.ply,Z02,3,topdown_z_two_new_both_sides,8,321,1,8,right,VIEW_PARTIAL,0,mask_12_f.ply,4045,12.955000000,-0.010000000,0.653000000,-2.0000,1.206499934,1.560000420,-0.055000000,0.010000000,0.000000000,top_down_z+roll_mild,0.000,none,,,,"Two NEW coils are placed simultaneously, one on each cluster; both have yaw and unequal gaps; all history moves. | global -Z XY z-buffer top-visible surface only; view partial is not occlusion"
Z02_F03_topdown_two_new_both_sides.ply,Z02,3,topdown_z_two_new_both_sides,9,307,1,9,right,VIEW_PARTIAL,0,mask_14_f.ply,3393,14.285000000,-0.010000000,0.635000000,0.0000,1.240000010,1.690000534,-0.040000000,-0.010000000,0.000000000,top_down_z+roll_mild,0.000,none,,,,"Two NEW coils are placed simultaneously, one on each cluster; both have yaw and unequal gaps; all history moves. | global -Z XY z-buffer top-visible surface only; view partial is not occlusion"
Z02_F04_topdown_two_side_with_occluded.ply,Z02,4,topdown_z_two_side_with_occluded,0,909,1,0,left,VIEW_PARTIAL,0,mask_10_f.ply,3185,0.725000000,-0.010000000,0.635000000,0.0000,1.189999938,1.590000153,0.020000000,-0.010000000,0.000000000,top_down_z+roll_mild,0.000,none,,,,No birth; both clusters move and historical ID7 becomes fully occluded while its semantic slot remains occupied. | global -Z XY z-buffer top-visible surface only; view partial is not occlusion
Z02_F04_topdown_two_side_with_occluded.ply,Z02,4,topdown_z_two_side_with_occluded,1,272,1,1,left,VIEW_PARTIAL,0,mask_12_f.ply,4122,2.058000000,0.030000000,0.653000000,2.0000,1.206499934,1.560000420,0.020000000,0.010000000,0.000000000,top_down_z+roll_mild,0.000,none,,,,No birth; both clusters move and historical ID7 becomes fully occluded while its semantic slot remains occupied. | global -Z XY z-buffer top-visible surface only; view partial is not occlusion
Z02_F04_topdown_two_side_with_occluded.ply,Z02,4,topdown_z_two_side_with_occluded,2,612,1,2,left,VIEW_PARTIAL,0,mask_14_f.ply,3406,3.671249972,0.020000000,0.670000000,6.0000,1.240000010,1.690000534,0.020000000,-0.010000000,0.000000000,top_down_z+roll_mild,0.000,none,,,,No birth; both clusters move and historical ID7 becomes fully occluded while its semantic slot remains occupied. | global -Z XY z-buffer top-visible surface only; view partial is not occlusion
Z02_F04_topdown_two_side_with_occluded.ply,Z02,4,topdown_z_two_side_with_occluded,3,214,1,3,left,VIEW_PARTIAL,0,mask_1_f.ply,3893,4.981249891,0.090000000,0.640000000,5.0000,1.179999828,1.660000801,0.020000000,0.010000000,0.000000000,top_down_z+roll_mild,0.000,none,,,,No birth; both clusters move and historical ID7 becomes fully occluded while its semantic slot remains occupied. | global -Z XY z-buffer top-visible surface only; view partial is not occlusion
Z02_F04_topdown_two_side_with_occluded.ply,Z02,4,topdown_z_two_side_with_occluded,6,271,1,6,right,VIEW_PARTIAL,0,mask_7_f.ply,3572,9.934999640,-0.090000000,0.670000000,-6.0000,1.283500910,1.569998741,-0.030000000,-0.010000000,0.000000000,top_down_z+roll_mild,0.000,none,,,,No birth; both clusters move and historical ID7 becomes fully occluded while its semantic slot remains occupied. | global -Z XY z-buffer top-visible surface only; view partial is not occlusion
Z02_F04_topdown_two_side_with_occluded.ply,Z02,4,topdown_z_two_side_with_occluded,7,2407,1,7,right,OCCLUDED,0,mask_10_f.ply,2093,11.511750064,-0.040000000,0.650000000,-7.0000,1.189999938,1.590000153,-0.030000000,0.010000000,0.000000000,top_down_z+degraded,0.800,both,,,,No birth; both clusters move and historical ID7 becomes fully occluded while its semantic slot remains occupied. | global -Z XY z-buffer top-visible surface only; view partial is not occlusion
Z02_F04_topdown_two_side_with_occluded.ply,Z02,4,topdown_z_two_side_with_occluded,8,404,1,8,right,VIEW_PARTIAL,0,mask_12_f.ply,4090,12.925000000,-0.020000000,0.653000000,-2.0000,1.206499934,1.560000420,-0.030000000,-0.010000000,0.000000000,top_down_z+roll_mild,0.000,none,,,,No birth; both clusters move and historical ID7 becomes fully occluded while its semantic slot remains occupied. | global -Z XY z-buffer top-visible surface only; view partial is not occlusion
Z02_F04_topdown_two_side_with_occluded.ply,Z02,4,topdown_z_two_side_with_occluded,9,409,1,9,right,VIEW_PARTIAL,0,mask_14_f.ply,3410,14.255000000,0.000000000,0.635000000,0.0000,1.240000010,1.690000534,-0.030000000,0.010000000,0.000000000,top_down_z+roll_mild,0.000,none,,,,No birth; both clusters move and historical ID7 becomes fully occluded while its semantic slot remains occupied. | global -Z XY z-buffer top-visible surface only; view partial is not occlusion
Z02_F05_topdown_occluded_return_partial.ply,Z02,5,topdown_z_occluded_return_partial,0,998,1,0,left,VIEW_PARTIAL,0,mask_10_f.ply,3405,0.715000000,-0.010000000,0.635000000,0.0000,1.189999938,1.590000153,-0.010000000,0.000000000,0.000000000,top_down_z,0.000,none,,,,"ID7 returns partially; both clusters settle and the large middle region is still a valid free region, not an abnormal gap. | global -Z XY z-buffer top-visible surface only; view partial is not occlusion"
Z02_F05_topdown_occluded_return_partial.ply,Z02,5,topdown_z_occluded_return_partial,1,436,1,1,left,VIEW_PARTIAL,0,mask_12_f.ply,4342,2.048000000,0.030000000,0.653000000,1.6000,1.206499934,1.560000420,-0.010000000,0.000000000,0.000000000,top_down_z,0.000,none,,,,"ID7 returns partially; both clusters settle and the large middle region is still a valid free region, not an abnormal gap. | global -Z XY z-buffer top-visible surface only; view partial is not occlusion"
Z02_F05_topdown_occluded_return_partial.ply,Z02,5,topdown_z_occluded_return_partial,2,994,1,2,left,VIEW_PARTIAL,0,mask_14_f.ply,3561,3.661249972,0.020000000,0.670000000,4.8000,1.240000010,1.690000534,-0.010000000,0.000000000,0.000000000,top_down_z,0.000,none,,,,"ID7 returns partially; both clusters settle and the large middle region is still a valid free region, not an abnormal gap. | global -Z XY z-buffer top-visible surface only; view partial is not occlusion"
Z02_F05_topdown_occluded_return_partial.ply,Z02,5,topdown_z_occluded_return_partial,3,102,1,3,left,VIEW_PARTIAL,0,mask_1_f.ply,3967,4.971249891,0.090000000,0.640000000,4.0000,1.179999828,1.660000801,-0.010000000,0.000000000,0.000000000,top_down_z,0.000,none,,,,"ID7 returns partially; both clusters settle and the large middle region is still a valid free region, not an abnormal gap. | global -Z XY z-buffer top-visible surface only; view partial is not occlusion"
Z02_F05_topdown_occluded_return_partial.ply,Z02,5,topdown_z_occluded_return_partial,6,335,1,6,right,VIEW_PARTIAL,0,mask_7_f.ply,3718,9.944999640,-0.090000000,0.670000000,-4.8000,1.283500910,1.569998741,0.010000000,0.000000000,0.000000000,top_down_z,0.000,none,,,,"ID7 returns partially; both clusters settle and the large middle region is still a valid free region, not an abnormal gap. | global -Z XY z-buffer top-visible surface only; view partial is not occlusion"
Z02_F05_topdown_occluded_return_partial.ply,Z02,5,topdown_z_occluded_return_partial,7,602,1,7,right,PARTIAL_VISIBLE,0,mask_10_f.ply,2231,11.521750064,-0.040000000,0.650000000,-5.6000,1.189999938,1.590000153,0.010000000,0.000000000,0.000000000,top_down_z+roll_mild,0.450,both,,,,"ID7 returns partially; both clusters settle and the large middle region is still a valid free region, not an abnormal gap. | global -Z XY z-buffer top-visible surface only; view partial is not occlusion"
Z02_F05_topdown_occluded_return_partial.ply,Z02,5,topdown_z_occluded_return_partial,8,967,1,8,right,VIEW_PARTIAL,0,mask_12_f.ply,4368,12.935000000,-0.020000000,0.653000000,-1.6000,1.206499934,1.560000420,0.010000000,0.000000000,0.000000000,top_down_z,0.000,none,,,,"ID7 returns partially; both clusters settle and the large middle region is still a valid free region, not an abnormal gap. | global -Z XY z-buffer top-visible surface only; view partial is not occlusion"
Z02_F05_topdown_occluded_return_partial.ply,Z02,5,topdown_z_occluded_return_partial,9,227,1,9,right,VIEW_PARTIAL,0,mask_14_f.ply,3624,14.265000000,0.000000000,0.635000000,0.0000,1.240000010,1.690000534,0.010000000,0.000000000,0.000000000,top_down_z,0.000,none,,,,"ID7 returns partially; both clusters settle and the large middle region is still a valid free region, not an abnormal gap. | global -Z XY z-buffer top-visible surface only; view partial is not occlusion"
Z03_F00_topdown_full_l1_start.ply,Z03,0,topdown_z_full_l1_start,0,295,1,0,full_L1,VIEW_PARTIAL,0,mask_10_f.ply,3374,0.625000000,0.000000000,0.634999969,-1.5000,1.189999938,1.590000153,,,,top_down_z,0.000,none,,,,Full first layer with progressive second-layer loading. New upper coils have yaw and target error; first-layer coils move slightly and visibility degrades/recovers without layer changes. | global -Z XY z-buffer top-visible surface only; view partial is not occlusion
Z03_F00_topdown_full_l1_start.ply,Z03,0,topdown_z_full_l1_start,1,361,1,1,full_L1,VIEW_PARTIAL,0,mask_12_f.ply,4314,1.848000000,0.000000000,0.643249967,0.0000,1.206499934,1.560000420,,,,top_down_z,0.000,none,,,,Full first layer with progressive second-layer loading. New upper coils have yaw and target error; first-layer coils move slightly and visibility degrades/recovers without layer changes. | global -Z XY z-buffer top-visible surface only; view partial is not occlusion
Z03_F00_topdown_full_l1_start.ply,Z03,0,topdown_z_full_l1_start,2,171,1,2,full_L1,VIEW_PARTIAL,0,mask_14_f.ply,3528,3.096000000,0.000000000,0.660000005,1.5000,1.240000010,1.690000534,,,,top_down_z,0.000,none,,,,Full first layer with progressive second-layer loading. New upper coils have yaw and target error; first-layer coils move slightly and visibility degrades/recovers without layer changes. | global -Z XY z-buffer top-visible surface only; view partial is not occlusion
Z03_F00_topdown_full_l1_start.ply,Z03,0,topdown_z_full_l1_start,3,480,1,3,full_L1,VIEW_PARTIAL,0,mask_1_f.ply,3956,4.331000000,0.000000000,0.629999914,-1.5000,1.179999828,1.660000801,,,,top_down_z,0.000,none,,,,Full first layer with progressive second-layer loading. New upper coils have yaw and target error; first-layer coils move slightly and visibility degrades/recovers without layer changes. | global -Z XY z-buffer top-visible surface only; view partial is not occlusion
Z03_F00_topdown_full_l1_start.ply,Z03,0,topdown_z_full_l1_start,4,394,1,4,full_L1,VIEW_PARTIAL,0,mask_5_f.ply,4550,5.546000000,0.000000000,0.640000024,0.0000,1.200000048,1.619999886,,,,top_down_z,0.000,none,,,,Full first layer with progressive second-layer loading. New upper coils have yaw and target error; first-layer coils move slightly and visibility degrades/recovers without layer changes. | global -Z XY z-buffer top-visible surface only; view partial is not occlusion
Z03_F00_topdown_full_l1_start.ply,Z03,0,topdown_z_full_l1_start,5,848,1,5,full_L1,VIEW_PARTIAL,0,mask_6_f.ply,3499,6.761000000,0.000000000,0.629999974,1.5000,1.179999948,1.619999886,,,,top_down_z,0.000,none,,,,Full first layer with progressive second-layer loading. New upper coils have yaw and target error; first-layer coils move slightly and visibility degrades/recovers without layer changes. | global -Z XY z-buffer top-visible surface only; view partial is not occlusion
Z03_F00_topdown_full_l1_start.ply,Z03,0,topdown_z_full_l1_start,6,573,1,6,full_L1,VIEW_PARTIAL,0,mask_7_f.ply,3653,8.018000000,0.000000000,0.681750455,-1.5000,1.283500910,1.569998741,,,,top_down_z,0.000,none,,,,Full first layer with progressive second-layer loading. New upper coils have yaw and target error; first-layer coils move slightly and visibility degrades/recovers without layer changes. | global -Z XY z-buffer top-visible surface only; view partial is not occlusion
Z03_F00_topdown_full_l1_start.ply,Z03,0,topdown_z_full_l1_start,7,788,1,7,full_L1,VIEW_PARTIAL,0,mask_10_f.ply,3335,9.280000000,0.000000000,0.634999969,0.0000,1.189999938,1.590000153,,,,top_down_z,0.000,none,,,,Full first layer with progressive second-layer loading. New upper coils have yaw and target error; first-layer coils move slightly and visibility degrades/recovers without layer changes. | global -Z XY z-buffer top-visible surface only; view partial is not occlusion
Z03_F00_topdown_full_l1_start.ply,Z03,0,topdown_z_full_l1_start,8,785,1,8,full_L1,VIEW_PARTIAL,0,mask_12_f.ply,4319,10.503000000,0.000000000,0.643249967,1.5000,1.206499934,1.560000420,,,,top_down_z,0.000,none,,,,Full first layer with progressive second-layer loading. New upper coils have yaw and target error; first-layer coils move slightly and visibility degrades/recovers without layer changes. | global -Z XY z-buffer top-visible surface only; view partial is not occlusion
Z03_F00_topdown_full_l1_start.ply,Z03,0,topdown_z_full_l1_start,9,273,1,9,full_L1,VIEW_PARTIAL,0,mask_14_f.ply,3546,11.752000000,0.000000000,0.660000005,-1.5000,1.240000010,1.690000534,,,,top_down_z,0.000,none,,,,Full first layer with progressive second-layer loading. New upper coils have yaw and target error; first-layer coils move slightly and visibility degrades/recovers without layer changes. | global -Z XY z-buffer top-visible surface only; view partial is not occlusion
Z03_F01_topdown_layer2_new_yaw.ply,Z03,1,topdown_z_layer2_new_yaw,0,648,1,0,full_L1,VIEW_PARTIAL,0,mask_10_f.ply,3365,0.635000000,-0.005000000,0.632999969,-1.5000,1.189999938,1.590000153,0.010000000,-0.005000000,-0.002000000,top_down_z,0.000,none,,,,First L2 NEW has +7deg yaw; all L1 coils shift slightly and one lower coil becomes partially visible. | global -Z XY z-buffer top-visible surface only; view partial is not occlusion
Z03_F01_topdown_layer2_new_yaw.ply,Z03,1,topdown_z_layer2_new_yaw,1,590,1,1,full_L1,VIEW_PARTIAL,0,mask_12_f.ply,2030,1.864000000,0.005000000,0.643249967,0.0000,1.206499934,1.560000420,0.016000000,0.005000000,0.000000000,top_down_z+roll_mild,0.000,none,,,,First L2 NEW has +7deg yaw; all L1 coils shift slightly and one lower coil becomes partially visible. | global -Z XY z-buffer top-visible surface only; view partial is not occlusion
Z03_F01_topdown_layer2_new_yaw.ply,Z03,1,topdown_z_layer2_new_yaw,2,697,1,2,full_L1,PARTIAL_VISIBLE,0,mask_14_f.ply,1484,3.118000000,-0.005000000,0.662000005,1.5000,1.240000010,1.690000534,0.022000000,-0.005000000,0.002000000,top_down_z+roll_mild,0.280,both,,,,First L2 NEW has +7deg yaw; all L1 coils shift slightly and one lower coil becomes partially visible. | global -Z XY z-buffer top-visible surface only; view partial is not occlusion
Z03_F01_topdown_layer2_new_yaw.ply,Z03,1,topdown_z_layer2_new_yaw,3,911,1,3,full_L1,VIEW_PARTIAL,0,mask_1_f.ply,3849,4.359000000,0.005000000,0.627999914,-1.5000,1.179999828,1.660000801,0.028000000,0.005000000,-0.002000000,top_down_z+roll_mild,0.000,none,,,,First L2 NEW has +7deg yaw; all L1 coils shift slightly and one lower coil becomes partially visible. | global -Z XY z-buffer top-visible surface only; view partial is not occlusion
Z03_F01_topdown_layer2_new_yaw.ply,Z03,1,topdown_z_layer2_new_yaw,4,660,1,4,full_L1,VIEW_PARTIAL,0,mask_5_f.ply,4325,5.580000000,-0.005000000,0.640000024,0.0000,1.200000048,1.619999886,0.034000000,-0.005000000,0.000000000,top_down_z+roll_mild,0.000,none,,,,First L2 NEW has +7deg yaw; all L1 coils shift slightly and one lower coil becomes partially visible. | global -Z XY z-buffer top-visible surface only; view partial is not occlusion
Z03_F01_topdown_layer2_new_yaw.ply,Z03,1,topdown_z_layer2_new_yaw,5,348,1,5,full_L1,VIEW_PARTIAL,0,mask_6_f.ply,3543,6.801000000,0.005000000,0.631999974,1.5000,1.179999948,1.619999886,0.040000000,0.005000000,0.002000000,top_down_z,0.000,none,,,,First L2 NEW has +7deg yaw; all L1 coils shift slightly and one lower coil becomes partially visible. | global -Z XY z-buffer top-visible surface only; view partial is not occlusion
Z03_F01_topdown_layer2_new_yaw.ply,Z03,1,topdown_z_layer2_new_yaw,6,418,1,6,full_L1,VIEW_PARTIAL,0,mask_7_f.ply,3684,8.064000000,-0.005000000,0.679750455,-1.5000,1.283500910,1.569998741,0.046000000,-0.005000000,-0.002000000,top_down_z,0.000,none,,,,First L2 NEW has +7deg yaw; all L1 coils shift slightly and one lower coil becomes partially visible. | global -Z XY z-buffer top-visible surface only; view partial is not occlusion
Z03_F01_topdown_layer2_new_yaw.ply,Z03,1,topdown_z_layer2_new_yaw,7,134,1,7,full_L1,VIEW_PARTIAL,0,mask_10_f.ply,3390,9.332000000,0.005000000,0.634999969,0.0000,1.189999938,1.590000153,0.052000000,0.005000000,0.000000000,top_down_z,0.000,none,,,,First L2 NEW has +7deg yaw; all L1 coils shift slightly and one lower coil becomes partially visible. | global -Z XY z-buffer top-visible surface only; view partial is not occlusion
Z03_F01_topdown_layer2_new_yaw.ply,Z03,1,topdown_z_layer2_new_yaw,8,829,1,8,full_L1,VIEW_PARTIAL,0,mask_12_f.ply,4326,10.561000000,-0.005000000,0.645249967,1.5000,1.206499934,1.560000420,0.058000000,-0.005000000,0.002000000,top_down_z,0.000,none,,,,First L2 NEW has +7deg yaw; all L1 coils shift slightly and one lower coil becomes partially visible. | global -Z XY z-buffer top-visible surface only; view partial is not occlusion
Z03_F01_topdown_layer2_new_yaw.ply,Z03,1,topdown_z_layer2_new_yaw,9,503,1,9,full_L1,VIEW_PARTIAL,0,mask_14_f.ply,3561,11.816000000,0.005000000,0.658000005,-1.5000,1.240000010,1.690000534,0.064000000,0.005000000,-0.002000000,top_down_z,0.000,none,,,,First L2 NEW has +7deg yaw; all L1 coils shift slightly and one lower coil becomes partially visible. | global -Z XY z-buffer top-visible surface only; view partial is not occlusion
Z03_F01_topdown_layer2_new_yaw.ply,Z03,1,topdown_z_layer2_new_yaw,20,598,2,0,layer2,VIEW_PARTIAL,1,mask_10_f.ply,3404,2.500000000,0.040000000,1.720000000,7.0000,1.189999938,1.590000153,,,,top_down_z,0.000,none,2.300000000,0.020000000,1.720000000,First L2 NEW has +7deg yaw; all L1 coils shift slightly and one lower coil becomes partially visible. | global -Z XY z-buffer top-visible surface only; view partial is not occlusion
Z03_F02_topdown_second_layer2_new.ply,Z03,2,topdown_z_second_layer2_new,0,204,1,0,full_L1,VIEW_PARTIAL,0,mask_10_f.ply,3381,0.679000000,-0.001000000,0.632999969,-1.5000,1.189999938,1.590000153,0.044000000,0.004000000,0.000000000,top_down_z,0.000,none,,,,Second L2 NEW arrives with -6deg yaw; existing upper/lower coils move and lower ID3 is more strongly obscured. | global -Z XY z-buffer top-visible surface only; view partial is not occlusion
Z03_F02_topdown_second_layer2_new.ply,Z03,2,topdown_z_second_layer2_new,1,940,1,1,full_L1,VIEW_PARTIAL,0,mask_12_f.ply,2377,1.904000000,0.001000000,0.643249967,0.0000,1.206499934,1.560000420,0.040000000,-0.004000000,0.000000000,top_down_z,0.000,none,,,,Second L2 NEW arrives with -6deg yaw; existing upper/lower coils move and lower ID3 is more strongly obscured. | global -Z XY z-buffer top-visible surface only; view partial is not occlusion
Z03_F02_topdown_second_layer2_new.ply,Z03,2,topdown_z_second_layer2_new,2,875,1,2,full_L1,VIEW_PARTIAL,0,mask_14_f.ply,1746,3.154000000,-0.001000000,0.662000005,1.5000,1.240000010,1.690000534,0.036000000,0.004000000,0.000000000,top_down_z+roll_mild,0.000,none,,,,Second L2 NEW arrives with -6deg yaw; existing upper/lower coils move and lower ID3 is more strongly obscured. | global -Z XY z-buffer top-visible surface only; view partial is not occlusion
Z03_F02_topdown_second_layer2_new.ply,Z03,2,topdown_z_second_layer2_new,3,495,1,3,full_L1,PARTIAL_VISIBLE,0,mask_1_f.ply,1018,4.391000000,0.001000000,0.627999914,-1.5000,1.179999828,1.660000801,0.032000000,-0.004000000,0.000000000,top_down_z+roll_mild,0.400,both,,,,Second L2 NEW arrives with -6deg yaw; existing upper/lower coils move and lower ID3 is more strongly obscured. | global -Z XY z-buffer top-visible surface only; view partial is not occlusion
Z03_F02_topdown_second_layer2_new.ply,Z03,2,topdown_z_second_layer2_new,4,340,1,4,full_L1,VIEW_PARTIAL,0,mask_5_f.ply,2492,5.608000000,-0.001000000,0.640000024,0.0000,1.200000048,1.619999886,0.028000000,0.004000000,0.000000000,top_down_z+roll_mild,0.000,none,,,,Second L2 NEW arrives with -6deg yaw; existing upper/lower coils move and lower ID3 is more strongly obscured. | global -Z XY z-buffer top-visible surface only; view partial is not occlusion
Z03_F02_topdown_second_layer2_new.ply,Z03,2,topdown_z_second_layer2_new,5,688,1,5,full_L1,VIEW_PARTIAL,0,mask_6_f.ply,3328,6.825000000,0.001000000,0.631999974,1.5000,1.179999948,1.619999886,0.024000000,-0.004000000,0.000000000,top_down_z+roll_mild,0.000,none,,,,Second L2 NEW arrives with -6deg yaw; existing upper/lower coils move and lower ID3 is more strongly obscured. | global -Z XY z-buffer top-visible surface only; view partial is not occlusion
Z03_F02_topdown_second_layer2_new.ply,Z03,2,topdown_z_second_layer2_new,6,838,1,6,full_L1,VIEW_PARTIAL,0,mask_7_f.ply,3598,8.084000000,-0.001000000,0.679750455,-1.5000,1.283500910,1.569998741,0.020000000,0.004000000,0.000000000,top_down_z,0.000,none,,,,Second L2 NEW arrives with -6deg yaw; existing upper/lower coils move and lower ID3 is more strongly obscured. | global -Z XY z-buffer top-visible surface only; view partial is not occlusion
Z03_F02_topdown_second_layer2_new.ply,Z03,2,topdown_z_second_layer2_new,7,903,1,7,full_L1,VIEW_PARTIAL,0,mask_10_f.ply,3366,9.348000000,0.001000000,0.634999969,0.0000,1.189999938,1.590000153,0.016000000,-0.004000000,0.000000000,top_down_z,0.000,none,,,,Second L2 NEW arrives with -6deg yaw; existing upper/lower coils move and lower ID3 is more strongly obscured. | global -Z XY z-buffer top-visible surface only; view partial is not occlusion
Z03_F02_topdown_second_layer2_new.ply,Z03,2,topdown_z_second_layer2_new,8,399,1,8,full_L1,VIEW_PARTIAL,0,mask_12_f.ply,4384,10.573000000,-0.001000000,0.645249967,1.5000,1.206499934,1.560000420,0.012000000,0.004000000,0.000000000,top_down_z,0.000,none,,,,Second L2 NEW arrives with -6deg yaw; existing upper/lower coils move and lower ID3 is more strongly obscured. | global -Z XY z-buffer top-visible surface only; view partial is not occlusion
Z03_F02_topdown_second_layer2_new.ply,Z03,2,topdown_z_second_layer2_new,9,942,1,9,full_L1,VIEW_PARTIAL,0,mask_14_f.ply,3497,11.824000000,0.001000000,0.658000005,-1.5000,1.240000010,1.690000534,0.008000000,-0.004000000,0.000000000,top_down_z,0.000,none,,,,Second L2 NEW arrives with -6deg yaw; existing upper/lower coils move and lower ID3 is more strongly obscured. | global -Z XY z-buffer top-visible surface only; view partial is not occlusion
Z03_F02_topdown_second_layer2_new.ply,Z03,2,topdown_z_second_layer2_new,20,261,2,0,layer2,VIEW_PARTIAL,0,mask_10_f.ply,3205,2.580000000,0.020000000,1.720000000,5.0000,1.189999938,1.590000153,0.080000000,-0.020000000,0.000000000,top_down_z+roll_mild,0.000,none,,,,Second L2 NEW arrives with -6deg yaw; existing upper/lower coils move and lower ID3 is more strongly obscured. | global -Z XY z-buffer top-visible surface only; view partial is not occlusion
Z03_F02_topdown_second_layer2_new.ply,Z03,2,topdown_z_second_layer2_new,21,544,2,1,layer2,VIEW_PARTIAL,1,mask_12_f.ply,4353,4.920000000,-0.050000000,1.700000000,-6.0000,1.206499934,1.560000420,,,,top_down_z,0.000,none,5.150000000,-0.020000000,1.700000000,Second L2 NEW arrives with -6deg yaw; existing upper/lower coils move and lower ID3 is more strongly obscured. | global -Z XY z-buffer top-visible surface only; view partial is not occlusion
Z03_F03_topdown_layer2_new_lower_occluded.ply,Z03,3,topdown_z_layer2_new_lower_occluded,0,236,1,0,full_L1,VIEW_PARTIAL,0,mask_10_f.ply,3196,0.684000000,-0.003000000,0.632999969,-1.5000,1.189999938,1.590000153,0.005000000,-0.002000000,0.000000000,top_down_z+roll_mild,0.000,none,,,,Third upper NEW while lower ID4 becomes fully occluded; layer identity and slot order must be retained. | global -Z XY z-buffer top-visible surface only; view partial is not occlusion
Z03_F03_topdown_layer2_new_lower_occluded.ply,Z03,3,topdown_z_layer2_new_lower_occluded,1,469,1,1,full_L1,VIEW_PARTIAL,0,mask_12_f.ply,2407,1.909000000,0.003000000,0.643249967,0.0000,1.206499934,1.560000420,0.005000000,0.002000000,0.000000000,top_down_z+roll_mild,0.000,none,,,,Third upper NEW while lower ID4 becomes fully occluded; layer identity and slot order must be retained. | global -Z XY z-buffer top-visible surface only; view partial is not occlusion
Z03_F03_topdown_layer2_new_lower_occluded.ply,Z03,3,topdown_z_layer2_new_lower_occluded,2,556,1,2,full_L1,VIEW_PARTIAL,0,mask_14_f.ply,1628,3.159000000,-0.003000000,0.662000005,1.5000,1.240000010,1.690000534,0.005000000,-0.002000000,0.000000000,top_down_z+roll_mild,0.000,none,,,,Third upper NEW while lower ID4 becomes fully occluded; layer identity and slot order must be retained. | global -Z XY z-buffer top-visible surface only; view partial is not occlusion
Z03_F03_topdown_layer2_new_lower_occluded.ply,Z03,3,topdown_z_layer2_new_lower_occluded,3,827,1,3,full_L1,VIEW_PARTIAL,0,mask_1_f.ply,1546,4.396000000,0.003000000,0.627999914,-1.5000,1.179999828,1.660000801,0.005000000,0.002000000,0.000000000,top_down_z+roll_mild,0.000,none,,,,Third upper NEW while lower ID4 becomes fully occluded; layer identity and slot order must be retained. | global -Z XY z-buffer top-visible surface only; view partial is not occlusion
Z03_F03_topdown_layer2_new_lower_occluded.ply,Z03,3,topdown_z_layer2_new_lower_occluded,4,2304,1,4,full_L1,OCCLUDED,0,mask_5_f.ply,1452,5.613000000,-0.003000000,0.640000024,0.0000,1.200000048,1.619999886,0.005000000,-0.002000000,0.000000000,top_down_z+roll_mild,0.900,both,,,,Third upper NEW while lower ID4 becomes fully occluded; layer identity and slot order must be retained. | global -Z XY z-buffer top-visible surface only; view partial is not occlusion
Z03_F03_topdown_layer2_new_lower_occluded.ply,Z03,3,topdown_z_layer2_new_lower_occluded,5,292,1,5,full_L1,VIEW_PARTIAL,0,mask_6_f.ply,1589,6.830000000,0.003000000,0.631999974,1.5000,1.179999948,1.619999886,0.005000000,0.002000000,0.000000000,top_down_z+roll_mild,0.000,none,,,,Third upper NEW while lower ID4 becomes fully occluded; layer identity and slot order must be retained. | global -Z XY z-buffer top-visible surface only; view partial is not occlusion
Z03_F03_topdown_layer2_new_lower_occluded.ply,Z03,3,topdown_z_layer2_new_lower_occluded,6,117,1,6,full_L1,VIEW_PARTIAL,0,mask_7_f.ply,1800,8.089000000,-0.003000000,0.679750455,-1.5000,1.283500910,1.569998741,0.005000000,-0.002000000,0.000000000,top_down_z+roll_mild,0.000,none,,,,Third upper NEW while lower ID4 becomes fully occluded; layer identity and slot order must be retained. | global -Z XY z-buffer top-visible surface only; view partial is not occlusion
Z03_F03_topdown_layer2_new_lower_occluded.ply,Z03,3,topdown_z_layer2_new_lower_occluded,7,101,1,7,full_L1,VIEW_PARTIAL,0,mask_10_f.ply,3152,9.353000000,0.003000000,0.634999969,0.0000,1.189999938,1.590000153,0.005000000,0.002000000,0.000000000,top_down_z+roll_mild,0.000,none,,,,Third upper NEW while lower ID4 becomes fully occluded; layer identity and slot order must be retained. | global -Z XY z-buffer top-visible surface only; view partial is not occlusion
Z03_F03_topdown_layer2_new_lower_occluded.ply,Z03,3,topdown_z_layer2_new_lower_occluded,8,601,1,8,full_L1,VIEW_PARTIAL,0,mask_12_f.ply,4162,10.578000000,-0.003000000,0.645249967,1.5000,1.206499934,1.560000420,0.005000000,-0.002000000,0.000000000,top_down_z+roll_mild,0.000,none,,,,Third upper NEW while lower ID4 becomes fully occluded; layer identity and slot order must be retained. | global -Z XY z-buffer top-visible surface only; view partial is not occlusion
Z03_F03_topdown_layer2_new_lower_occluded.ply,Z03,3,topdown_z_layer2_new_lower_occluded,9,327,1,9,full_L1,VIEW_PARTIAL,0,mask_14_f.ply,3455,11.829000000,0.003000000,0.658000005,-1.5000,1.240000010,1.690000534,0.005000000,0.002000000,0.000000000,top_down_z+roll_mild,0.000,none,,,,Third upper NEW while lower ID4 becomes fully occluded; layer identity and slot order must be retained. | global -Z XY z-buffer top-visible surface only; view partial is not occlusion
Z03_F03_topdown_layer2_new_lower_occluded.ply,Z03,3,topdown_z_layer2_new_lower_occluded,20,349,2,0,layer2,VIEW_PARTIAL,0,mask_10_f.ply,3275,2.630000000,0.030000000,1.720000000,7.0000,1.189999938,1.590000153,0.050000000,0.010000000,0.000000000,top_down_z+roll_mild,0.000,none,,,,Third upper NEW while lower ID4 becomes fully occluded; layer identity and slot order must be retained. | global -Z XY z-buffer top-visible surface only; view partial is not occlusion
Z03_F03_topdown_layer2_new_lower_occluded.ply,Z03,3,topdown_z_layer2_new_lower_occluded,21,384,2,1,layer2,VIEW_PARTIAL,0,mask_12_f.ply,4123,4.970000000,-0.060000000,1.700000000,-6.0000,1.206499934,1.560000420,0.050000000,-0.010000000,0.000000000,top_down_z+roll_mild,0.000,none,,,,Third upper NEW while lower ID4 becomes fully occluded; layer identity and slot order must be retained. | global -Z XY z-buffer top-visible surface only; view partial is not occlusion
Z03_F03_topdown_layer2_new_lower_occluded.ply,Z03,3,topdown_z_layer2_new_lower_occluded,22,210,2,2,layer2,VIEW_PARTIAL,1,mask_14_f.ply,3570,7.380000000,0.060000000,1.770000000,6.0000,1.240000010,1.690000534,,,,top_down_z,0.000,none,7.200000000,0.040000000,1.770000000,Third upper NEW while lower ID4 becomes fully occluded; layer identity and slot order must be retained. | global -Z XY z-buffer top-visible surface only; view partial is not occlusion
Z03_F04_topdown_layer2_motion_lower_return.ply,Z03,4,topdown_z_layer2_motion_lower_return,0,155,1,0,full_L1,VIEW_PARTIAL,0,mask_10_f.ply,3373,0.690000000,-0.003000000,0.632999969,-1.5000,1.189999938,1.590000153,0.006000000,0.000000000,0.000000000,top_down_z,0.000,none,,,,No birth; upper coils move/yaw and lower ID4 returns partially. | global -Z XY z-buffer top-visible surface only; view partial is not occlusion
Z03_F04_topdown_layer2_motion_lower_return.ply,Z03,4,topdown_z_layer2_motion_lower_return,1,774,1,1,full_L1,VIEW_PARTIAL,0,mask_12_f.ply,2724,1.915000000,0.003000000,0.643249967,0.0000,1.206499934,1.560000420,0.006000000,0.000000000,0.000000000,top_down_z,0.000,none,,,,No birth; upper coils move/yaw and lower ID4 returns partially. | global -Z XY z-buffer top-visible surface only; view partial is not occlusion
Z03_F04_topdown_layer2_motion_lower_return.ply,Z03,4,topdown_z_layer2_motion_lower_return,2,837,1,2,full_L1,VIEW_PARTIAL,0,mask_14_f.ply,1536,3.165000000,-0.003000000,0.662000005,1.5000,1.240000010,1.690000534,0.006000000,0.000000000,0.000000000,top_down_z,0.000,none,,,,No birth; upper coils move/yaw and lower ID4 returns partially. | global -Z XY z-buffer top-visible surface only; view partial is not occlusion
Z03_F04_topdown_layer2_motion_lower_return.ply,Z03,4,topdown_z_layer2_motion_lower_return,3,937,1,3,full_L1,VIEW_PARTIAL,0,mask_1_f.ply,1764,4.402000000,0.003000000,0.627999914,-1.5000,1.179999828,1.660000801,0.006000000,0.000000000,0.000000000,top_down_z,0.000,none,,,,No birth; upper coils move/yaw and lower ID4 returns partially. | global -Z XY z-buffer top-visible surface only; view partial is not occlusion
Z03_F04_topdown_layer2_motion_lower_return.ply,Z03,4,topdown_z_layer2_motion_lower_return,4,869,1,4,full_L1,PARTIAL_VISIBLE,0,mask_5_f.ply,1314,5.619000000,-0.003000000,0.640000024,0.0000,1.200000048,1.619999886,0.006000000,0.000000000,0.000000000,top_down_z+roll_mild,0.450,both,,,,No birth; upper coils move/yaw and lower ID4 returns partially. | global -Z XY z-buffer top-visible surface only; view partial is not occlusion
Z03_F04_topdown_layer2_motion_lower_return.ply,Z03,4,topdown_z_layer2_motion_lower_return,5,836,1,5,full_L1,VIEW_PARTIAL,0,mask_6_f.ply,1921,6.836000000,0.003000000,0.631999974,1.5000,1.179999948,1.619999886,0.006000000,0.000000000,0.000000000,top_down_z,0.000,none,,,,No birth; upper coils move/yaw and lower ID4 returns partially. | global -Z XY z-buffer top-visible surface only; view partial is not occlusion
Z03_F04_topdown_layer2_motion_lower_return.ply,Z03,4,topdown_z_layer2_motion_lower_return,6,509,1,6,full_L1,VIEW_PARTIAL,0,mask_7_f.ply,1633,8.095000000,-0.003000000,0.679750455,-1.5000,1.283500910,1.569998741,0.006000000,0.000000000,0.000000000,top_down_z,0.000,none,,,,No birth; upper coils move/yaw and lower ID4 returns partially. | global -Z XY z-buffer top-visible surface only; view partial is not occlusion
Z03_F04_topdown_layer2_motion_lower_return.ply,Z03,4,topdown_z_layer2_motion_lower_return,7,279,1,7,full_L1,VIEW_PARTIAL,0,mask_10_f.ply,3300,9.359000000,0.003000000,0.634999969,0.0000,1.189999938,1.590000153,0.006000000,0.000000000,0.000000000,top_down_z,0.000,none,,,,No birth; upper coils move/yaw and lower ID4 returns partially. | global -Z XY z-buffer top-visible surface only; view partial is not occlusion
Z03_F04_topdown_layer2_motion_lower_return.ply,Z03,4,topdown_z_layer2_motion_lower_return,8,366,1,8,full_L1,VIEW_PARTIAL,0,mask_12_f.ply,4380,10.584000000,-0.003000000,0.645249967,1.5000,1.206499934,1.560000420,0.006000000,0.000000000,0.000000000,top_down_z,0.000,none,,,,No birth; upper coils move/yaw and lower ID4 returns partially. | global -Z XY z-buffer top-visible surface only; view partial is not occlusion
Z03_F04_topdown_layer2_motion_lower_return.ply,Z03,4,topdown_z_layer2_motion_lower_return,9,568,1,9,full_L1,VIEW_PARTIAL,0,mask_14_f.ply,3532,11.835000000,0.003000000,0.658000005,-1.5000,1.240000010,1.690000534,0.006000000,0.000000000,0.000000000,top_down_z,0.000,none,,,,No birth; upper coils move/yaw and lower ID4 returns partially. | global -Z XY z-buffer top-visible surface only; view partial is not occlusion
Z03_F04_topdown_layer2_motion_lower_return.ply,Z03,4,topdown_z_layer2_motion_lower_return,20,269,2,0,layer2,VIEW_PARTIAL,0,mask_10_f.ply,3285,2.690000000,0.020000000,1.725000000,6.0000,1.189999938,1.590000153,0.060000000,-0.010000000,0.005000000,top_down_z+roll_mild,0.000,none,,,,No birth; upper coils move/yaw and lower ID4 returns partially. | global -Z XY z-buffer top-visible surface only; view partial is not occlusion
Z03_F04_topdown_layer2_motion_lower_return.ply,Z03,4,topdown_z_layer2_motion_lower_return,21,595,2,1,layer2,VIEW_PARTIAL,0,mask_12_f.ply,4114,5.040000000,-0.070000000,1.705000000,-6.0000,1.206499934,1.560000420,0.070000000,-0.010000000,0.005000000,top_down_z+roll_mild,0.000,none,,,,No birth; upper coils move/yaw and lower ID4 returns partially. | global -Z XY z-buffer top-visible surface only; view partial is not occlusion
Z03_F04_topdown_layer2_motion_lower_return.ply,Z03,4,topdown_z_layer2_motion_lower_return,22,118,2,2,layer2,VIEW_PARTIAL,0,mask_14_f.ply,3402,7.460000000,0.050000000,1.775000000,7.0000,1.240000010,1.690000534,0.080000000,-0.010000000,0.005000000,top_down_z+roll_mild,0.000,none,,,,No birth; upper coils move/yaw and lower ID4 returns partially. | global -Z XY z-buffer top-visible surface only; view partial is not occlusion
Z03_F05_topdown_fourth_layer2_new.ply,Z03,5,topdown_z_fourth_layer2_new,0,465,1,0,full_L1,VIEW_PARTIAL,0,mask_10_f.ply,3393,0.694000000,-0.005000000,0.632999969,-1.5000,1.189999938,1.590000153,0.004000000,-0.002000000,0.000000000,top_down_z,0.000,none,,,,Fourth L2 NEW has -7deg yaw; lower and upper histories continue small non-rigid motion. | global -Z XY z-buffer top-visible surface only; view partial is not occlusion
Z03_F05_topdown_fourth_layer2_new.ply,Z03,5,topdown_z_fourth_layer2_new,1,461,1,1,full_L1,VIEW_PARTIAL,0,mask_12_f.ply,2749,1.923000000,0.005000000,0.643249967,0.0000,1.206499934,1.560000420,0.008000000,0.002000000,0.000000000,top_down_z,0.000,none,,,,Fourth L2 NEW has -7deg yaw; lower and upper histories continue small non-rigid motion. | global -Z XY z-buffer top-visible surface only; view partial is not occlusion
Z03_F05_topdown_fourth_layer2_new.ply,Z03,5,topdown_z_fourth_layer2_new,2,149,1,2,full_L1,VIEW_PARTIAL,0,mask_14_f.ply,1584,3.177000000,-0.005000000,0.662000005,1.5000,1.240000010,1.690000534,0.012000000,-0.002000000,0.000000000,top_down_z,0.000,none,,,,Fourth L2 NEW has -7deg yaw; lower and upper histories continue small non-rigid motion. | global -Z XY z-buffer top-visible surface only; view partial is not occlusion
Z03_F05_topdown_fourth_layer2_new.ply,Z03,5,topdown_z_fourth_layer2_new,3,502,1,3,full_L1,VIEW_PARTIAL,0,mask_1_f.ply,1811,4.406000000,0.005000000,0.627999914,-1.5000,1.179999828,1.660000801,0.004000000,0.002000000,0.000000000,top_down_z,0.000,none,,,,Fourth L2 NEW has -7deg yaw; lower and upper histories continue small non-rigid motion. | global -Z XY z-buffer top-visible surface only; view partial is not occlusion
Z03_F05_topdown_fourth_layer2_new.ply,Z03,5,topdown_z_fourth_layer2_new,4,904,1,4,full_L1,VIEW_PARTIAL,0,mask_5_f.ply,2269,5.627000000,-0.005000000,0.640000024,0.0000,1.200000048,1.619999886,0.008000000,-0.002000000,0.000000000,top_down_z,0.000,none,,,,Fourth L2 NEW has -7deg yaw; lower and upper histories continue small non-rigid motion. | global -Z XY z-buffer top-visible surface only; view partial is not occlusion
Z03_F05_topdown_fourth_layer2_new.ply,Z03,5,topdown_z_fourth_layer2_new,5,278,1,5,full_L1,VIEW_PARTIAL,0,mask_6_f.ply,1799,6.848000000,0.005000000,0.631999974,1.5000,1.179999948,1.619999886,0.012000000,0.002000000,0.000000000,top_down_z+roll_mild,0.000,none,,,,Fourth L2 NEW has -7deg yaw; lower and upper histories continue small non-rigid motion. | global -Z XY z-buffer top-visible surface only; view partial is not occlusion
Z03_F05_topdown_fourth_layer2_new.ply,Z03,5,topdown_z_fourth_layer2_new,6,920,1,6,full_L1,VIEW_PARTIAL,0,mask_7_f.ply,1628,8.099000000,-0.005000000,0.679750455,-1.5000,1.283500910,1.569998741,0.004000000,-0.002000000,0.000000000,top_down_z+roll_mild,0.000,none,,,,Fourth L2 NEW has -7deg yaw; lower and upper histories continue small non-rigid motion. | global -Z XY z-buffer top-visible surface only; view partial is not occlusion
Z03_F05_topdown_fourth_layer2_new.ply,Z03,5,topdown_z_fourth_layer2_new,7,221,1,7,full_L1,VIEW_PARTIAL,0,mask_10_f.ply,1042,9.367000000,0.005000000,0.634999969,0.0000,1.189999938,1.590000153,0.008000000,0.002000000,0.000000000,top_down_z+roll_mild,0.000,none,,,,Fourth L2 NEW has -7deg yaw; lower and upper histories continue small non-rigid motion. | global -Z XY z-buffer top-visible surface only; view partial is not occlusion
Z03_F05_topdown_fourth_layer2_new.ply,Z03,5,topdown_z_fourth_layer2_new,8,497,1,8,full_L1,VIEW_PARTIAL,0,mask_12_f.ply,2882,10.596000000,-0.005000000,0.645249967,1.5000,1.206499934,1.560000420,0.012000000,-0.002000000,0.000000000,top_down_z+roll_mild,0.000,none,,,,Fourth L2 NEW has -7deg yaw; lower and upper histories continue small non-rigid motion. | global -Z XY z-buffer top-visible surface only; view partial is not occlusion
Z03_F05_topdown_fourth_layer2_new.ply,Z03,5,topdown_z_fourth_layer2_new,9,524,1,9,full_L1,VIEW_PARTIAL,0,mask_14_f.ply,3586,11.839000000,0.005000000,0.658000005,-1.5000,1.240000010,1.690000534,0.004000000,0.002000000,0.000000000,top_down_z,0.000,none,,,,Fourth L2 NEW has -7deg yaw; lower and upper histories continue small non-rigid motion. | global -Z XY z-buffer top-visible surface only; view partial is not occlusion
Z03_F05_topdown_fourth_layer2_new.ply,Z03,5,topdown_z_fourth_layer2_new,20,376,2,0,layer2,VIEW_PARTIAL,0,mask_10_f.ply,3142,2.690000000,0.020000000,1.725000000,7.0000,1.189999938,1.590000153,0.000000000,0.000000000,0.000000000,top_down_z+roll_mild,0.000,none,,,,Fourth L2 NEW has -7deg yaw; lower and upper histories continue small non-rigid motion. | global -Z XY z-buffer top-visible surface only; view partial is not occlusion
Z03_F05_topdown_fourth_layer2_new.ply,Z03,5,topdown_z_fourth_layer2_new,21,285,2,1,layer2,VIEW_PARTIAL,0,mask_12_f.ply,4157,5.040000000,-0.070000000,1.705000000,-6.0000,1.206499934,1.560000420,0.000000000,0.000000000,0.000000000,top_down_z+roll_mild,0.000,none,,,,Fourth L2 NEW has -7deg yaw; lower and upper histories continue small non-rigid motion. | global -Z XY z-buffer top-visible surface only; view partial is not occlusion
Z03_F05_topdown_fourth_layer2_new.ply,Z03,5,topdown_z_fourth_layer2_new,22,629,2,2,layer2,VIEW_PARTIAL,0,mask_14_f.ply,3428,7.460000000,0.050000000,1.775000000,6.0000,1.240000010,1.690000534,0.000000000,0.000000000,0.000000000,top_down_z+roll_mild,0.000,none,,,,Fourth L2 NEW has -7deg yaw; lower and upper histories continue small non-rigid motion. | global -Z XY z-buffer top-visible surface only; view partial is not occlusion
Z03_F05_topdown_fourth_layer2_new.ply,Z03,5,topdown_z_fourth_layer2_new,23,943,2,3,layer2,VIEW_PARTIAL,1,mask_1_f.ply,3952,9.750000000,-0.040000000,1.720000000,-7.0000,1.179999828,1.660000801,,,,top_down_z,0.000,none,9.500000000,-0.020000000,1.720000000,Fourth L2 NEW has -7deg yaw; lower and upper histories continue small non-rigid motion. | global -Z XY z-buffer top-visible surface only; view partial is not occlusion
Z04_F00_topdown_same_geom_start.ply,Z04,0,topdown_z_same_geom_start,0,673,1,0,left,VIEW_PARTIAL,0,mask_12_f.ply,4316,0.650000000,0.000000000,0.643249967,0.0000,1.206499934,1.560000420,,,,top_down_z,0.000,none,,,,"Adversarial same-geometry sequence: all objects share one prototype, entire cluster shifts by more than half a spacing, then a same-spec NEW appears; nearest-neighbor should fail but order semantics must protect identity. | global -Z XY z-buffer top-visible surface only; view partial is not occlusion"
Z04_F00_topdown_same_geom_start.ply,Z04,0,topdown_z_same_geom_start,1,757,1,1,left,VIEW_PARTIAL,0,mask_12_f.ply,4274,1.885000000,0.000000000,0.643249967,0.0000,1.206499934,1.560000420,,,,top_down_z,0.000,none,,,,"Adversarial same-geometry sequence: all objects share one prototype, entire cluster shifts by more than half a spacing, then a same-spec NEW appears; nearest-neighbor should fail but order semantics must protect identity. | global -Z XY z-buffer top-visible surface only; view partial is not occlusion"
Z04_F00_topdown_same_geom_start.ply,Z04,0,topdown_z_same_geom_start,2,849,1,2,left,VIEW_PARTIAL,0,mask_12_f.ply,4304,3.120000000,0.000000000,0.643249967,0.0000,1.206499934,1.560000420,,,,top_down_z,0.000,none,,,,"Adversarial same-geometry sequence: all objects share one prototype, entire cluster shifts by more than half a spacing, then a same-spec NEW appears; nearest-neighbor should fail but order semantics must protect identity. | global -Z XY z-buffer top-visible surface only; view partial is not occlusion"
Z04_F00_topdown_same_geom_start.ply,Z04,0,topdown_z_same_geom_start,3,322,1,3,left,VIEW_PARTIAL,0,mask_12_f.ply,4277,4.355000000,0.000000000,0.643249967,0.0000,1.206499934,1.560000420,,,,top_down_z,0.000,none,,,,"Adversarial same-geometry sequence: all objects share one prototype, entire cluster shifts by more than half a spacing, then a same-spec NEW appears; nearest-neighbor should fail but order semantics must protect identity. | global -Z XY z-buffer top-visible surface only; view partial is not occlusion"
Z04_F00_topdown_same_geom_start.ply,Z04,0,topdown_z_same_geom_start,4,507,1,4,left,VIEW_PARTIAL,0,mask_12_f.ply,4341,5.590000000,0.000000000,0.643249967,0.0000,1.206499934,1.560000420,,,,top_down_z,0.000,none,,,,"Adversarial same-geometry sequence: all objects share one prototype, entire cluster shifts by more than half a spacing, then a same-spec NEW appears; nearest-neighbor should fail but order semantics must protect identity. | global -Z XY z-buffer top-visible surface only; view partial is not occlusion"
Z04_F00_topdown_same_geom_start.ply,Z04,0,topdown_z_same_geom_start,5,519,1,5,left,VIEW_PARTIAL,0,mask_12_f.ply,4287,6.825000000,0.000000000,0.643249967,0.0000,1.206499934,1.560000420,,,,top_down_z,0.000,none,,,,"Adversarial same-geometry sequence: all objects share one prototype, entire cluster shifts by more than half a spacing, then a same-spec NEW appears; nearest-neighbor should fail but order semantics must protect identity. | global -Z XY z-buffer top-visible surface only; view partial is not occlusion"
Z04_F01_topdown_nearest_neighbor_trap.ply,Z04,1,topdown_z_nearest_neighbor_trap,0,441,1,0,left,VIEW_PARTIAL,0,mask_12_f.ply,3492,1.370000000,-0.020000000,0.643249967,-3.0000,1.206499934,1.560000420,0.720000000,-0.020000000,0.000000000,top_down_z+roll_heavy,0.000,none,,,,Every coil shifts +0.72m (> half spacing) with identical D/L and heavy rolling observation mismatch; pure nearest-neighbor is intentionally misleading. | global -Z XY z-buffer top-visible surface only; view partial is not occlusion
Z04_F01_topdown_nearest_neighbor_trap.ply,Z04,1,topdown_z_nearest_neighbor_trap,1,713,1,1,left,VIEW_PARTIAL,0,mask_12_f.ply,3396,2.605000000,0.020000000,0.643249967,-1.0000,1.206499934,1.560000420,0.720000000,0.020000000,0.000000000,top_down_z+roll_heavy,0.000,none,,,,Every coil shifts +0.72m (> half spacing) with identical D/L and heavy rolling observation mismatch; pure nearest-neighbor is intentionally misleading. | global -Z XY z-buffer top-visible surface only; view partial is not occlusion
Z04_F01_topdown_nearest_neighbor_trap.ply,Z04,1,topdown_z_nearest_neighbor_trap,2,870,1,2,left,VIEW_PARTIAL,0,mask_12_f.ply,3477,3.840000000,-0.020000000,0.643249967,1.0000,1.206499934,1.560000420,0.720000000,-0.020000000,0.000000000,top_down_z+roll_heavy,0.000,none,,,,Every coil shifts +0.72m (> half spacing) with identical D/L and heavy rolling observation mismatch; pure nearest-neighbor is intentionally misleading. | global -Z XY z-buffer top-visible surface only; view partial is not occlusion
Z04_F01_topdown_nearest_neighbor_trap.ply,Z04,1,topdown_z_nearest_neighbor_trap,3,438,1,3,left,VIEW_PARTIAL,0,mask_12_f.ply,3421,5.075000000,0.020000000,0.643249967,3.0000,1.206499934,1.560000420,0.720000000,0.020000000,0.000000000,top_down_z+roll_heavy,0.000,none,,,,Every coil shifts +0.72m (> half spacing) with identical D/L and heavy rolling observation mismatch; pure nearest-neighbor is intentionally misleading. | global -Z XY z-buffer top-visible surface only; view partial is not occlusion
Z04_F01_topdown_nearest_neighbor_trap.ply,Z04,1,topdown_z_nearest_neighbor_trap,4,786,1,4,left,VIEW_PARTIAL,0,mask_12_f.ply,3338,6.310000000,-0.020000000,0.643249967,-3.0000,1.206499934,1.560000420,0.720000000,-0.020000000,0.000000000,top_down_z+roll_heavy,0.000,none,,,,Every coil shifts +0.72m (> half spacing) with identical D/L and heavy rolling observation mismatch; pure nearest-neighbor is intentionally misleading. | global -Z XY z-buffer top-visible surface only; view partial is not occlusion
Z04_F01_topdown_nearest_neighbor_trap.ply,Z04,1,topdown_z_nearest_neighbor_trap,5,305,1,5,left,VIEW_PARTIAL,0,mask_12_f.ply,3477,7.545000000,0.020000000,0.643249967,-1.0000,1.206499934,1.560000420,0.720000000,0.020000000,0.000000000,top_down_z+roll_heavy,0.000,none,,,,Every coil shifts +0.72m (> half spacing) with identical D/L and heavy rolling observation mismatch; pure nearest-neighbor is intentionally misleading. | global -Z XY z-buffer top-visible surface only; view partial is not occlusion
Z04_F02_topdown_same_spec_new_after_shift.ply,Z04,2,topdown_z_same_spec_new_after_shift,0,948,1,0,left,VIEW_PARTIAL,0,mask_12_f.ply,3342,1.850000000,-0.030000000,0.638249967,-3.0000,1.206499934,1.560000420,0.480000000,-0.010000000,-0.005000000,top_down_z+roll_heavy,0.000,none,,,,A same-spec NEW appears after another large group shift; NEW target is imperfect and geometry cannot distinguish identities. | global -Z XY z-buffer top-visible surface only; view partial is not occlusion
Z04_F02_topdown_same_spec_new_after_shift.ply,Z04,2,topdown_z_same_spec_new_after_shift,1,626,1,1,left,VIEW_PARTIAL,0,mask_12_f.ply,3457,3.085000000,0.020000000,0.648249967,-1.0000,1.206499934,1.560000420,0.480000000,0.000000000,0.005000000,top_down_z+roll_heavy,0.000,none,,,,A same-spec NEW appears after another large group shift; NEW target is imperfect and geometry cannot distinguish identities. | global -Z XY z-buffer top-visible surface only; view partial is not occlusion
Z04_F02_topdown_same_spec_new_after_shift.ply,Z04,2,topdown_z_same_spec_new_after_shift,2,914,1,2,left,VIEW_PARTIAL,0,mask_12_f.ply,3392,4.320000000,-0.010000000,0.638249967,1.0000,1.206499934,1.560000420,0.480000000,0.010000000,-0.005000000,top_down_z+roll_heavy,0.000,none,,,,A same-spec NEW appears after another large group shift; NEW target is imperfect and geometry cannot distinguish identities. | global -Z XY z-buffer top-visible surface only; view partial is not occlusion
Z04_F02_topdown_same_spec_new_after_shift.ply,Z04,2,topdown_z_same_spec_new_after_shift,3,297,1,3,left,VIEW_PARTIAL,0,mask_12_f.ply,3466,5.555000000,0.010000000,0.648249967,3.0000,1.206499934,1.560000420,0.480000000,-0.010000000,0.005000000,top_down_z+roll_heavy,0.000,none,,,,A same-spec NEW appears after another large group shift; NEW target is imperfect and geometry cannot distinguish identities. | global -Z XY z-buffer top-visible surface only; view partial is not occlusion
Z04_F02_topdown_same_spec_new_after_shift.ply,Z04,2,topdown_z_same_spec_new_after_shift,4,270,1,4,left,VIEW_PARTIAL,0,mask_12_f.ply,3356,6.790000000,-0.020000000,0.638249967,-3.0000,1.206499934,1.560000420,0.480000000,0.000000000,-0.005000000,top_down_z+roll_heavy,0.000,none,,,,A same-spec NEW appears after another large group shift; NEW target is imperfect and geometry cannot distinguish identities. | global -Z XY z-buffer top-visible surface only; view partial is not occlusion
Z04_F02_topdown_same_spec_new_after_shift.ply,Z04,2,topdown_z_same_spec_new_after_shift,5,542,1,5,left,VIEW_PARTIAL,0,mask_12_f.ply,3469,8.025000000,0.030000000,0.648249967,-1.0000,1.206499934,1.560000420,0.480000000,0.010000000,0.005000000,top_down_z+roll_heavy,0.000,none,,,,A same-spec NEW appears after another large group shift; NEW target is imperfect and geometry cannot distinguish identities. | global -Z XY z-buffer top-visible surface only; view partial is not occlusion
Z04_F02_topdown_same_spec_new_after_shift.ply,Z04,2,topdown_z_same_spec_new_after_shift,6,603,1,6,left,VIEW_PARTIAL,1,mask_12_f.ply,4444,9.451499934,-0.050000000,0.653249967,7.0000,1.206499934,1.560000420,,,,top_down_z,0.000,none,9.151499934,-0.020000000,0.643249967,A same-spec NEW appears after another large group shift; NEW target is imperfect and geometry cannot distinguish identities. | global -Z XY z-buffer top-visible surface only; view partial is not occlusion
Z04_F03_topdown_same_geom_partial_center.ply,Z04,3,topdown_z_same_geom_partial_center,0,939,1,0,left,VIEW_PARTIAL,0,mask_12_f.ply,3488,2.030000000,-0.020000000,0.638249967,-3.0000,1.206499934,1.560000420,0.180000000,0.010000000,0.000000000,top_down_z+roll_heavy,0.000,none,,,,"Same-spec cluster continues moving; central ID3 becomes heavily side-occluded, creating a high-risk identity-swap case. | global -Z XY z-buffer top-visible surface only; view partial is not occlusion"
Z04_F03_topdown_same_geom_partial_center.ply,Z04,3,topdown_z_same_geom_partial_center,1,179,1,1,left,VIEW_PARTIAL,0,mask_12_f.ply,3397,3.285000000,0.010000000,0.648249967,-1.0000,1.206499934,1.560000420,0.200000000,-0.010000000,0.000000000,top_down_z+roll_heavy,0.000,none,,,,"Same-spec cluster continues moving; central ID3 becomes heavily side-occluded, creating a high-risk identity-swap case. | global -Z XY z-buffer top-visible surface only; view partial is not occlusion"
Z04_F03_topdown_same_geom_partial_center.ply,Z04,3,topdown_z_same_geom_partial_center,2,223,1,2,left,VIEW_PARTIAL,0,mask_12_f.ply,3558,4.540000000,0.000000000,0.638249967,1.0000,1.206499934,1.560000420,0.220000000,0.010000000,0.000000000,top_down_z+roll_heavy,0.000,none,,,,"Same-spec cluster continues moving; central ID3 becomes heavily side-occluded, creating a high-risk identity-swap case. | global -Z XY z-buffer top-visible surface only; view partial is not occlusion"
Z04_F03_topdown_same_geom_partial_center.ply,Z04,3,topdown_z_same_geom_partial_center,3,918,1,3,left,PARTIAL_VISIBLE,0,mask_12_f.ply,2310,5.795000000,0.000000000,0.648249967,3.0000,1.206499934,1.560000420,0.240000000,-0.010000000,0.000000000,top_down_z+roll_heavy,0.550,both,,,,"Same-spec cluster continues moving; central ID3 becomes heavily side-occluded, creating a high-risk identity-swap case. | global -Z XY z-buffer top-visible surface only; view partial is not occlusion"
Z04_F03_topdown_same_geom_partial_center.ply,Z04,3,topdown_z_same_geom_partial_center,4,858,1,4,left,VIEW_PARTIAL,0,mask_12_f.ply,3573,7.050000000,-0.010000000,0.638249967,-3.0000,1.206499934,1.560000420,0.260000000,0.010000000,0.000000000,top_down_z+roll_heavy,0.000,none,,,,"Same-spec cluster continues moving; central ID3 becomes heavily side-occluded, creating a high-risk identity-swap case. | global -Z XY z-buffer top-visible surface only; view partial is not occlusion"
Z04_F03_topdown_same_geom_partial_center.ply,Z04,3,topdown_z_same_geom_partial_center,5,844,1,5,left,VIEW_PARTIAL,0,mask_12_f.ply,3455,8.305000000,0.020000000,0.648249967,-1.0000,1.206499934,1.560000420,0.280000000,-0.010000000,0.000000000,top_down_z+roll_heavy,0.000,none,,,,"Same-spec cluster continues moving; central ID3 becomes heavily side-occluded, creating a high-risk identity-swap case. | global -Z XY z-buffer top-visible surface only; view partial is not occlusion"
Z04_F03_topdown_same_geom_partial_center.ply,Z04,3,topdown_z_same_geom_partial_center,6,381,1,6,left,VIEW_PARTIAL,0,mask_12_f.ply,3475,9.751499934,-0.040000000,0.653249967,7.0000,1.206499934,1.560000420,0.300000000,0.010000000,0.000000000,top_down_z+roll_heavy,0.000,none,,,,"Same-spec cluster continues moving; central ID3 becomes heavily side-occluded, creating a high-risk identity-swap case. | global -Z XY z-buffer top-visible surface only; view partial is not occlusion"
Z04_F04_topdown_same_geom_occluded.ply,Z04,4,topdown_z_same_geom_occluded,0,671,1,0,left,VIEW_PARTIAL,0,mask_12_f.ply,4124,2.080000000,-0.020000000,0.638249967,-3.0000,1.206499934,1.560000420,0.050000000,0.000000000,0.000000000,top_down_z+roll_mild,0.000,none,,,,One same-spec historical coil disappears completely while all others remain; semantic bracketing should preserve its ID. | global -Z XY z-buffer top-visible surface only; view partial is not occlusion
Z04_F04_topdown_same_geom_occluded.ply,Z04,4,topdown_z_same_geom_occluded,1,452,1,1,left,VIEW_PARTIAL,0,mask_12_f.ply,4097,3.335000000,0.010000000,0.648249967,-1.0000,1.206499934,1.560000420,0.050000000,0.000000000,0.000000000,top_down_z+roll_mild,0.000,none,,,,One same-spec historical coil disappears completely while all others remain; semantic bracketing should preserve its ID. | global -Z XY z-buffer top-visible surface only; view partial is not occlusion
Z04_F04_topdown_same_geom_occluded.ply,Z04,4,topdown_z_same_geom_occluded,2,2402,1,2,left,OCCLUDED,0,mask_12_f.ply,2615,4.590000000,0.000000000,0.638249967,1.0000,1.206499934,1.560000420,0.050000000,0.000000000,0.000000000,top_down_z+roll_mild,0.900,both,,,,One same-spec historical coil disappears completely while all others remain; semantic bracketing should preserve its ID. | global -Z XY z-buffer top-visible surface only; view partial is not occlusion
Z04_F04_topdown_same_geom_occluded.ply,Z04,4,topdown_z_same_geom_occluded,3,714,1,3,left,VIEW_PARTIAL,0,mask_12_f.ply,4036,5.845000000,0.000000000,0.648249967,3.0000,1.206499934,1.560000420,0.050000000,0.000000000,0.000000000,top_down_z+roll_mild,0.000,none,,,,One same-spec historical coil disappears completely while all others remain; semantic bracketing should preserve its ID. | global -Z XY z-buffer top-visible surface only; view partial is not occlusion
Z04_F04_topdown_same_geom_occluded.ply,Z04,4,topdown_z_same_geom_occluded,4,325,1,4,left,VIEW_PARTIAL,0,mask_12_f.ply,4042,7.100000000,-0.010000000,0.638249967,-3.0000,1.206499934,1.560000420,0.050000000,0.000000000,0.000000000,top_down_z+roll_mild,0.000,none,,,,One same-spec historical coil disappears completely while all others remain; semantic bracketing should preserve its ID. | global -Z XY z-buffer top-visible surface only; view partial is not occlusion
Z04_F04_topdown_same_geom_occluded.ply,Z04,4,topdown_z_same_geom_occluded,5,800,1,5,left,VIEW_PARTIAL,0,mask_12_f.ply,3954,8.355000000,0.020000000,0.648249967,-1.0000,1.206499934,1.560000420,0.050000000,0.000000000,0.000000000,top_down_z+roll_mild,0.000,none,,,,One same-spec historical coil disappears completely while all others remain; semantic bracketing should preserve its ID. | global -Z XY z-buffer top-visible surface only; view partial is not occlusion
Z04_F04_topdown_same_geom_occluded.ply,Z04,4,topdown_z_same_geom_occluded,6,885,1,6,left,VIEW_PARTIAL,0,mask_12_f.ply,4141,9.801499934,-0.040000000,0.653249967,7.0000,1.206499934,1.560000420,0.050000000,0.000000000,0.000000000,top_down_z+roll_mild,0.000,none,,,,One same-spec historical coil disappears completely while all others remain; semantic bracketing should preserve its ID. | global -Z XY z-buffer top-visible surface only; view partial is not occlusion
Z05_F00_multiview_yaw_motion_0.ply,Z05,0,multiview_yaw_motion_0,0,827,1,0,left,VISIBLE,0,mask_10_f.ply,5835,0.6249999690055847,0.0,0.6349999690055848,0,1.1899999380111694,1.5900001525878906,,,,clean,0.0,none,,,,explicit yaw around Z plus primarily-X movement; observation roll mismatch is separate
Z05_F00_multiview_yaw_motion_0.ply,Z05,0,multiview_yaw_motion_0,1,400,1,1,left,VISIBLE,0,mask_12_f.ply,7608,1.8482499051094055,-0.0,0.6432499670982361,0,1.2064999341964722,1.5600004196166992,,,,clean,0.0,none,,,,explicit yaw around Z plus primarily-X movement; observation roll mismatch is separate
Z05_F00_multiview_yaw_motion_0.ply,Z05,0,multiview_yaw_motion_0,2,104,1,2,left,VISIBLE,0,mask_14_f.ply,7339,3.096499876976013,0.0,0.6600000047683716,0,1.2400000095367432,1.6900005340576172,,,,clean,0.0,none,,,,explicit yaw around Z plus primarily-X movement; observation roll mismatch is separate
Z05_F00_multiview_yaw_motion_0.ply,Z05,0,multiview_yaw_motion_0,3,468,1,3,left,VISIBLE,0,mask_1_f.ply,8255,4.331499795913697,-0.0,0.6299999141693116,0,1.179999828338623,1.6600008010864258,,,,clean,0.0,none,,,,explicit yaw around Z plus primarily-X movement; observation roll mismatch is separate
Z05_F00_multiview_yaw_motion_0.ply,Z05,0,multiview_yaw_motion_0,4,530,1,4,left,VISIBLE,0,mask_5_f.ply,8733,5.5464997339248665,0.0,0.640000023841858,0,1.2000000476837158,1.619999885559082,,,,clean,0.0,none,,,,explicit yaw around Z plus primarily-X movement; observation roll mismatch is separate
Z05_F00_multiview_yaw_motion_0.ply,Z05,0,multiview_yaw_motion_0,5,903,1,5,left,VISIBLE,0,mask_6_f.ply,6518,6.761499731540681,-0.0,0.6299999737739563,0,1.1799999475479126,1.619999885559082,,,,clean,0.0,none,,,,explicit yaw around Z plus primarily-X movement; observation roll mismatch is separate
Z05_F01_topdown_yaw_motion_1.ply,Z05,1,topdown_z_yaw_motion_1,0,712,1,0,left,VIEW_PARTIAL,0,mask_10_f.ply,3277,0.6399999690055848,0.015,0.6349999690055848,0.0,1.1899999380111694,1.5900001525878906,0.015000000000000013,0.015,0.0,top_down_z+roll_mild,0.0,none,,,,explicit yaw around Z plus primarily-X movement; observation roll mismatch is separate | V3: rolling mismatch uses local surface perturbation + thinning/resampling only; no large contiguous wedge deletion. | global -Z XY z-buffer top-visible surface only; view partial is not occlusion
Z05_F01_topdown_yaw_motion_1.ply,Z05,1,topdown_z_yaw_motion_1,1,125,1,1,left,VIEW_PARTIAL,0,mask_12_f.ply,4098,1.8632499051094054,-0.01,0.6432499670982361,0.6666666666666666,1.2064999341964722,1.5600004196166992,0.014999999999999902,-0.01,0.0,top_down_z+roll_mild,0.0,none,,,,explicit yaw around Z plus primarily-X movement; observation roll mismatch is separate | V3: rolling mismatch uses local surface perturbation + thinning/resampling only; no large contiguous wedge deletion. | global -Z XY z-buffer top-visible surface only; view partial is not occlusion
Z05_F01_topdown_yaw_motion_1.ply,Z05,1,topdown_z_yaw_motion_1,2,706,1,2,left,VIEW_PARTIAL,0,mask_14_f.ply,3368,3.111499876976013,0.015,0.6600000047683716,-1.0,1.2400000095367432,1.6900005340576172,0.015000000000000124,0.015,0.0,top_down_z+roll_mild,0.0,none,,,,explicit yaw around Z plus primarily-X movement; observation roll mismatch is separate | V3: rolling mismatch uses local surface perturbation + thinning/resampling only; no large contiguous wedge deletion. | global -Z XY z-buffer top-visible surface only; view partial is not occlusion
Z05_F01_topdown_yaw_motion_1.ply,Z05,1,topdown_z_yaw_motion_1,3,143,1,3,left,VIEW_PARTIAL,0,mask_1_f.ply,3850,4.371499795913697,-0.01,0.6299999141693116,1.6666666666666665,1.179999828338623,1.6600008010864258,0.040000000000000036,-0.01,0.0,top_down_z+roll_mild,0.0,none,,,,explicit yaw around Z plus primarily-X movement; observation roll mismatch is separate | V3: rolling mismatch uses local surface perturbation + thinning/resampling only; no large contiguous wedge deletion. | global -Z XY z-buffer top-visible surface only; view partial is not occlusion
Z05_F01_topdown_yaw_motion_1.ply,Z05,1,topdown_z_yaw_motion_1,4,372,1,4,left,VIEW_PARTIAL,0,mask_5_f.ply,4375,5.5864997339248665,0.015,0.640000023841858,-1.3333333333333333,1.2000000476837158,1.619999885559082,0.040000000000000036,0.015,0.0,top_down_z+roll_mild,0.0,none,,,,explicit yaw around Z plus primarily-X movement; observation roll mismatch is separate | V3: rolling mismatch uses local surface perturbation + thinning/resampling only; no large contiguous wedge deletion. | global -Z XY z-buffer top-visible surface only; view partial is not occlusion
Z05_F01_topdown_yaw_motion_1.ply,Z05,1,topdown_z_yaw_motion_1,5,545,1,5,left,VIEW_PARTIAL,0,mask_6_f.ply,3466,6.801499731540681,-0.01,0.6299999737739563,1.0,1.1799999475479126,1.619999885559082,0.040000000000000036,-0.01,0.0,top_down_z+roll_mild,0.0,none,,,,explicit yaw around Z plus primarily-X movement; observation roll mismatch is separate | V3: rolling mismatch uses local surface perturbation + thinning/resampling only; no large contiguous wedge deletion. | global -Z XY z-buffer top-visible surface only; view partial is not occlusion
Z05_F02_topdown_yaw_motion_2.ply,Z05,2,topdown_z_yaw_motion_2,0,510,1,0,left,VIEW_PARTIAL,0,mask_10_f.ply,3148,0.6549999690055848,0.03,0.6349999690055848,0.0,1.1899999380111694,1.5900001525878906,,,,top_down_z+roll_mild,0.0,none,,,,explicit yaw around Z plus primarily-X movement; observation roll mismatch is separate | V3: rolling mismatch uses local surface perturbation + thinning/resampling only; no large contiguous wedge deletion. | global -Z XY z-buffer top-visible surface only; view partial is not occlusion
Z05_F02_topdown_yaw_motion_2.ply,Z05,2,topdown_z_yaw_motion_2,1,450,1,1,left,VIEW_PARTIAL,0,mask_12_f.ply,4105,1.8782499051094055,-0.02,0.6432499670982361,1.3333333333333333,1.2064999341964722,1.5600004196166992,,,,top_down_z+roll_mild,0.0,none,,,,explicit yaw around Z plus primarily-X movement; observation roll mismatch is separate | V3: rolling mismatch uses local surface perturbation + thinning/resampling only; no large contiguous wedge deletion. | global -Z XY z-buffer top-visible surface only; view partial is not occlusion
Z05_F02_topdown_yaw_motion_2.ply,Z05,2,topdown_z_yaw_motion_2,2,720,1,2,left,VIEW_PARTIAL,0,mask_14_f.ply,3460,3.1264998769760126,0.03,0.6600000047683716,-2.0,1.2400000095367432,1.6900005340576172,,,,top_down_z+roll_mild,0.0,none,,,,explicit yaw around Z plus primarily-X movement; observation roll mismatch is separate | V3: rolling mismatch uses local surface perturbation + thinning/resampling only; no large contiguous wedge deletion. | global -Z XY z-buffer top-visible surface only; view partial is not occlusion
Z05_F02_topdown_yaw_motion_2.ply,Z05,2,topdown_z_yaw_motion_2,3,110,1,3,left,VIEW_PARTIAL,0,mask_1_f.ply,3172,4.411499795913697,-0.02,0.6299999141693116,3.333333333333333,1.179999828338623,1.6600008010864258,,,,top_down_z+roll_heavy,0.0,none,,,,explicit yaw around Z plus primarily-X movement; observation roll mismatch is separate | V3: rolling mismatch uses local surface perturbation + thinning/resampling only; no large contiguous wedge deletion. | global -Z XY z-buffer top-visible surface only; view partial is not occlusion
Z05_F02_topdown_yaw_motion_2.ply,Z05,2,topdown_z_yaw_motion_2,4,337,1,4,left,VIEW_PARTIAL,0,mask_5_f.ply,3860,5.626499733924867,0.03,0.640000023841858,-2.6666666666666665,1.2000000476837158,1.619999885559082,,,,top_down_z+roll_heavy,0.0,none,,,,explicit yaw around Z plus primarily-X movement; observation roll mismatch is separate | V3: rolling mismatch uses local surface perturbation + thinning/resampling only; no large contiguous wedge deletion. | global -Z XY z-buffer top-visible surface only; view partial is not occlusion
Z05_F02_topdown_yaw_motion_2.ply,Z05,2,topdown_z_yaw_motion_2,5,801,1,5,left,VIEW_PARTIAL,0,mask_6_f.ply,3321,6.841499731540681,-0.02,0.6299999737739563,2.0,1.1799999475479126,1.619999885559082,,,,top_down_z+roll_mild,0.0,none,,,,explicit yaw around Z plus primarily-X movement; observation roll mismatch is separate | V3: rolling mismatch uses local surface perturbation + thinning/resampling only; no large contiguous wedge deletion. | global -Z XY z-buffer top-visible surface only; view partial is not occlusion
Z05_F03_multiview_yaw_motion_3.ply,Z05,3,multiview_yaw_motion_3,0,526,1,0,left,VISIBLE,0,mask_10_f.ply,5687,0.6699999690055848,0.045,0.6349999690055848,0.0,1.1899999380111694,1.5900001525878906,,,,roll_mild,0.0,none,,,,explicit yaw around Z plus primarily-X movement; observation roll mismatch is separate | V3: rolling mismatch uses local surface perturbation + thinning/resampling only; no large contiguous wedge deletion.
Z05_F03_multiview_yaw_motion_3.ply,Z05,3,multiview_yaw_motion_3,1,883,1,1,left,VISIBLE,0,mask_12_f.ply,7389,1.8932499051094054,-0.03,0.6432499670982361,2.0,1.2064999341964722,1.5600004196166992,,,,roll_mild,0.0,none,,,,explicit yaw around Z plus primarily-X movement; observation roll mismatch is separate | V3: rolling mismatch uses local surface perturbation + thinning/resampling only; no large contiguous wedge deletion.
Z05_F03_multiview_yaw_motion_3.ply,Z05,3,multiview_yaw_motion_3,2,245,1,2,left,VISIBLE,0,mask_14_f.ply,7163,3.1414998769760127,0.045,0.6600000047683716,-3.0,1.2400000095367432,1.6900005340576172,,,,roll_mild,0.0,none,,,,explicit yaw around Z plus primarily-X movement; observation roll mismatch is separate | V3: rolling mismatch uses local surface perturbation + thinning/resampling only; no large contiguous wedge deletion.
Z05_F03_multiview_yaw_motion_3.ply,Z05,3,multiview_yaw_motion_3,3,693,1,3,left,VISIBLE,0,mask_1_f.ply,7114,4.451499795913697,-0.03,0.6299999141693116,5.0,1.179999828338623,1.6600008010864258,,,,roll_heavy,0.0,none,,,,explicit yaw around Z plus primarily-X movement; observation roll mismatch is separate | V3: rolling mismatch uses local surface perturbation + thinning/resampling only; no large contiguous wedge deletion.
Z05_F03_multiview_yaw_motion_3.ply,Z05,3,multiview_yaw_motion_3,4,132,1,4,left,VISIBLE,0,mask_5_f.ply,7572,5.666499733924867,0.045,0.640000023841858,-4.0,1.2000000476837158,1.619999885559082,,,,roll_heavy,0.0,none,,,,explicit yaw around Z plus primarily-X movement; observation roll mismatch is separate | V3: rolling mismatch uses local surface perturbation + thinning/resampling only; no large contiguous wedge deletion.
Z05_F03_multiview_yaw_motion_3.ply,Z05,3,multiview_yaw_motion_3,5,253,1,5,left,VISIBLE,0,mask_6_f.ply,6333,6.881499731540681,-0.03,0.6299999737739563,3.0,1.1799999475479126,1.619999885559082,,,,roll_mild,0.0,none,,,,explicit yaw around Z plus primarily-X movement; observation roll mismatch is separate | V3: rolling mismatch uses local surface perturbation + thinning/resampling only; no large contiguous wedge deletion.
D01_F00_full_l1_before_l2.ply,D01,0,full_l1_before_l2,0,339,1,0,full_L1,VISIBLE,0,mask_10_f.ply,5656,1.0,0.0,0.62,0.0,1.22,1.34,,,,roll_mild,0.0,none,,,,full first-layer foundation; movement after L2 activation is collapse-risk abnormality
D01_F00_full_l1_before_l2.ply,D01,0,full_l1_before_l2,1,857,1,1,full_L1,VISIBLE,0,mask_12_f.ply,7608,2.2199999999999998,0.0,0.62,0.0,1.22,1.34,,,,normal,0.0,none,,,,full first-layer foundation; movement after L2 activation is collapse-risk abnormality
D01_F00_full_l1_before_l2.ply,D01,0,full_l1_before_l2,2,666,1,2,full_L1,VISIBLE,0,mask_14_f.ply,7339,3.44,0.0,0.62,0.0,1.22,1.34,,,,normal,0.0,none,,,,full first-layer foundation; movement after L2 activation is collapse-risk abnormality
D01_F00_full_l1_before_l2.ply,D01,0,full_l1_before_l2,3,431,1,3,full_L1,VISIBLE,0,mask_1_f.ply,8255,4.66,0.0,0.62,0.0,1.22,1.34,,,,normal,0.0,none,,,,full first-layer foundation; movement after L2 activation is collapse-risk abnormality
D01_F00_full_l1_before_l2.ply,D01,0,full_l1_before_l2,4,380,1,4,full_L1,VISIBLE,0,mask_5_f.ply,8733,5.88,0.0,0.62,0.0,1.22,1.34,,,,normal,0.0,none,,,,full first-layer foundation; movement after L2 activation is collapse-risk abnormality
D01_F00_full_l1_before_l2.ply,D01,0,full_l1_before_l2,5,213,1,5,full_L1,VISIBLE,0,mask_6_f.ply,6518,7.1,0.0,0.62,0.0,1.22,1.34,,,,normal,0.0,none,,,,full first-layer foundation; movement after L2 activation is collapse-risk abnormality
D01_F00_full_l1_before_l2.ply,D01,0,full_l1_before_l2,6,973,1,6,full_L1,VISIBLE,0,mask_7_f.ply,7117,8.32,0.0,0.62,0.0,1.22,1.34,,,,normal,0.0,none,,,,full first-layer foundation; movement after L2 activation is collapse-risk abnormality
D01_F00_full_l1_before_l2.ply,D01,0,full_l1_before_l2,7,991,1,7,full_L1,VISIBLE,0,mask_10_f.ply,5835,9.54,0.0,0.62,0.0,1.22,1.34,,,,normal,0.0,none,,,,full first-layer foundation; movement after L2 activation is collapse-risk abnormality
D01_F00_full_l1_before_l2.ply,D01,0,full_l1_before_l2,8,118,1,8,full_L1,VISIBLE,0,mask_12_f.ply,7608,10.76,0.0,0.62,0.0,1.22,1.34,,,,normal,0.0,none,,,,full first-layer foundation; movement after L2 activation is collapse-risk abnormality
D01_F00_full_l1_before_l2.ply,D01,0,full_l1_before_l2,9,530,1,9,full_L1,VISIBLE,0,mask_14_f.ply,7135,11.98,0.0,0.62,0.0,1.22,1.34,,,,roll_mild,0.0,none,,,,full first-layer foundation; movement after L2 activation is collapse-risk abnormality
D01_F01_l2_new_support0.ply,D01,1,l2_new_support0,0,928,1,0,full_L1,VISIBLE,0,mask_10_f.ply,5835,1.0,0.0,0.62,0.0,1.22,1.34,0.0,0.0,0.0,normal,0.0,none,,,,full first-layer foundation; movement after L2 activation is collapse-risk abnormality
D01_F01_l2_new_support0.ply,D01,1,l2_new_support0,1,836,1,1,full_L1,VISIBLE,0,mask_12_f.ply,7608,2.2199999999999998,0.0,0.62,0.0,1.22,1.34,0.0,0.0,0.0,normal,0.0,none,,,,full first-layer foundation; movement after L2 activation is collapse-risk abnormality
D01_F01_l2_new_support0.ply,D01,1,l2_new_support0,2,167,1,2,full_L1,VISIBLE,0,mask_14_f.ply,7339,3.44,0.0,0.62,0.0,1.22,1.34,0.0,0.0,0.0,normal,0.0,none,,,,full first-layer foundation; movement after L2 activation is collapse-risk abnormality
D01_F01_l2_new_support0.ply,D01,1,l2_new_support0,3,387,1,3,full_L1,VISIBLE,0,mask_1_f.ply,8255,4.66,0.0,0.62,0.0,1.22,1.34,0.0,0.0,0.0,normal,0.0,none,,,,full first-layer foundation; movement after L2 activation is collapse-risk abnormality
D01_F01_l2_new_support0.ply,D01,1,l2_new_support0,4,887,1,4,full_L1,VISIBLE,0,mask_5_f.ply,8733,5.88,0.0,0.62,0.0,1.22,1.34,0.0,0.0,0.0,normal,0.0,none,,,,full first-layer foundation; movement after L2 activation is collapse-risk abnormality
D01_F01_l2_new_support0.ply,D01,1,l2_new_support0,5,535,1,5,full_L1,VISIBLE,0,mask_6_f.ply,6518,7.1,0.0,0.62,0.0,1.22,1.34,0.0,0.0,0.0,normal,0.0,none,,,,full first-layer foundation; movement after L2 activation is collapse-risk abnormality
D01_F01_l2_new_support0.ply,D01,1,l2_new_support0,6,971,1,6,full_L1,VISIBLE,0,mask_7_f.ply,7117,8.32,0.0,0.62,0.0,1.22,1.34,0.0,0.0,0.0,normal,0.0,none,,,,full first-layer foundation; movement after L2 activation is collapse-risk abnormality
D01_F01_l2_new_support0.ply,D01,1,l2_new_support0,7,655,1,7,full_L1,VISIBLE,0,mask_10_f.ply,5835,9.54,0.0,0.62,0.0,1.22,1.34,0.0,0.0,0.0,normal,0.0,none,,,,full first-layer foundation; movement after L2 activation is collapse-risk abnormality
D01_F01_l2_new_support0.ply,D01,1,l2_new_support0,8,479,1,8,full_L1,VISIBLE,0,mask_12_f.ply,7337,10.76,0.0,0.62,0.0,1.22,1.34,0.0,0.0,0.0,roll_mild,0.0,none,,,,full first-layer foundation; movement after L2 activation is collapse-risk abnormality
D01_F01_l2_new_support0.ply,D01,1,l2_new_support0,9,643,1,9,full_L1,VISIBLE,0,mask_14_f.ply,7339,11.98,0.0,0.62,0.0,1.22,1.34,0.0,0.0,0.0,normal,0.0,none,,,,full first-layer foundation; movement after L2 activation is collapse-risk abnormality
D01_F01_l2_new_support0.ply,D01,1,l2_new_support0,10,888,2,0,layer2,VISIBLE,1,mask_1_f.ply,8255,1.6099999999999999,0.0,1.6183987179478947,0.0,1.12,1.24,,,,normal,0.0,none,1.67,0.03,1.6183987179478947,"upper slot 0 supported by L1[0,1]"
D01_F02_l2_new_support1.ply,D01,2,l2_new_support1,0,798,1,0,full_L1,VISIBLE,0,mask_10_f.ply,5835,1.0,0.0,0.62,0.0,1.22,1.34,0.0,0.0,0.0,normal,0.0,none,,,,full first-layer foundation; movement after L2 activation is collapse-risk abnormality
D01_F02_l2_new_support1.ply,D01,2,l2_new_support1,1,749,1,1,full_L1,VISIBLE,0,mask_12_f.ply,7608,2.2199999999999998,0.0,0.62,0.0,1.22,1.34,0.0,0.0,0.0,normal,0.0,none,,,,full first-layer foundation; movement after L2 activation is collapse-risk abnormality
D01_F02_l2_new_support1.ply,D01,2,l2_new_support1,2,223,1,2,full_L1,VISIBLE,0,mask_14_f.ply,7339,3.44,0.0,0.62,0.0,1.22,1.34,0.0,0.0,0.0,normal,0.0,none,,,,full first-layer foundation; movement after L2 activation is collapse-risk abnormality
D01_F02_l2_new_support1.ply,D01,2,l2_new_support1,3,397,1,3,full_L1,VISIBLE,0,mask_1_f.ply,8255,4.66,0.0,0.62,0.0,1.22,1.34,0.0,0.0,0.0,normal,0.0,none,,,,full first-layer foundation; movement after L2 activation is collapse-risk abnormality
D01_F02_l2_new_support1.ply,D01,2,l2_new_support1,4,335,1,4,full_L1,VISIBLE,0,mask_5_f.ply,8733,5.88,0.0,0.62,0.0,1.22,1.34,0.0,0.0,0.0,normal,0.0,none,,,,full first-layer foundation; movement after L2 activation is collapse-risk abnormality
D01_F02_l2_new_support1.ply,D01,2,l2_new_support1,5,519,1,5,full_L1,VISIBLE,0,mask_6_f.ply,6518,7.1,0.0,0.62,0.0,1.22,1.34,0.0,0.0,0.0,normal,0.0,none,,,,full first-layer foundation; movement after L2 activation is collapse-risk abnormality
D01_F02_l2_new_support1.ply,D01,2,l2_new_support1,6,496,1,6,full_L1,VISIBLE,0,mask_7_f.ply,7117,8.32,0.0,0.62,0.0,1.22,1.34,0.0,0.0,0.0,normal,0.0,none,,,,full first-layer foundation; movement after L2 activation is collapse-risk abnormality
D01_F02_l2_new_support1.ply,D01,2,l2_new_support1,7,124,1,7,full_L1,VISIBLE,0,mask_10_f.ply,5610,9.54,0.0,0.62,0.0,1.22,1.34,0.0,0.0,0.0,roll_mild,0.0,none,,,,full first-layer foundation; movement after L2 activation is collapse-risk abnormality
D01_F02_l2_new_support1.ply,D01,2,l2_new_support1,8,290,1,8,full_L1,VISIBLE,0,mask_12_f.ply,7608,10.76,0.0,0.62,0.0,1.22,1.34,0.0,0.0,0.0,normal,0.0,none,,,,full first-layer foundation; movement after L2 activation is collapse-risk abnormality
D01_F02_l2_new_support1.ply,D01,2,l2_new_support1,9,638,1,9,full_L1,VISIBLE,0,mask_14_f.ply,7339,11.98,0.0,0.62,0.0,1.22,1.34,0.0,0.0,0.0,normal,0.0,none,,,,full first-layer foundation; movement after L2 activation is collapse-risk abnormality
D01_F02_l2_new_support1.ply,D01,2,l2_new_support1,10,306,2,0,layer2,VISIBLE,0,mask_1_f.ply,8255,1.6099999999999999,0.0,1.6183987179478947,1.5,1.12,1.24,0.0,0.0,0.0,normal,0.0,none,,,,"upper slot 0 supported by L1[0,1]"
D01_F02_l2_new_support1.ply,D01,2,l2_new_support1,11,222,2,1,layer2,VISIBLE,1,mask_5_f.ply,8733,2.83,0.0,1.6183987179478947,-2.0,1.12,1.24,,,,normal,0.0,none,2.77,0.03,1.6183987179478947,"upper slot 1 supported by L1[1,2]"
D01_F03_upper_settle_l1_locked.ply,D01,3,upper_settle_l1_locked,0,702,1,0,full_L1,VISIBLE,0,mask_10_f.ply,5835,1.0,0.0,0.62,0.0,1.22,1.34,0.0,0.0,0.0,normal,0.0,none,,,,full first-layer foundation; movement after L2 activation is collapse-risk abnormality
D01_F03_upper_settle_l1_locked.ply,D01,3,upper_settle_l1_locked,1,402,1,1,full_L1,VISIBLE,0,mask_12_f.ply,7608,2.2199999999999998,0.0,0.62,0.0,1.22,1.34,0.0,0.0,0.0,normal,0.0,none,,,,full first-layer foundation; movement after L2 activation is collapse-risk abnormality
D01_F03_upper_settle_l1_locked.ply,D01,3,upper_settle_l1_locked,2,116,1,2,full_L1,VISIBLE,0,mask_14_f.ply,7339,3.44,0.0,0.62,0.0,1.22,1.34,0.0,0.0,0.0,normal,0.0,none,,,,full first-layer foundation; movement after L2 activation is collapse-risk abnormality
D01_F03_upper_settle_l1_locked.ply,D01,3,upper_settle_l1_locked,3,940,1,3,full_L1,VISIBLE,0,mask_1_f.ply,8255,4.66,0.0,0.62,0.0,1.22,1.34,0.0,0.0,0.0,normal,0.0,none,,,,full first-layer foundation; movement after L2 activation is collapse-risk abnormality
D01_F03_upper_settle_l1_locked.ply,D01,3,upper_settle_l1_locked,4,671,1,4,full_L1,VISIBLE,0,mask_5_f.ply,8733,5.88,0.0,0.62,0.0,1.22,1.34,0.0,0.0,0.0,normal,0.0,none,,,,full first-layer foundation; movement after L2 activation is collapse-risk abnormality
D01_F03_upper_settle_l1_locked.ply,D01,3,upper_settle_l1_locked,5,121,1,5,full_L1,VISIBLE,0,mask_6_f.ply,6518,7.1,0.0,0.62,0.0,1.22,1.34,0.0,0.0,0.0,normal,0.0,none,,,,full first-layer foundation; movement after L2 activation is collapse-risk abnormality
D01_F03_upper_settle_l1_locked.ply,D01,3,upper_settle_l1_locked,6,743,1,6,full_L1,VISIBLE,0,mask_7_f.ply,6880,8.32,0.0,0.62,0.0,1.22,1.34,0.0,0.0,0.0,roll_mild,0.0,none,,,,full first-layer foundation; movement after L2 activation is collapse-risk abnormality
D01_F03_upper_settle_l1_locked.ply,D01,3,upper_settle_l1_locked,7,213,1,7,full_L1,VISIBLE,0,mask_10_f.ply,5835,9.54,0.0,0.62,0.0,1.22,1.34,0.0,0.0,0.0,normal,0.0,none,,,,full first-layer foundation; movement after L2 activation is collapse-risk abnormality
D01_F03_upper_settle_l1_locked.ply,D01,3,upper_settle_l1_locked,8,987,1,8,full_L1,VISIBLE,0,mask_12_f.ply,7608,10.76,0.0,0.62,0.0,1.22,1.34,0.0,0.0,0.0,normal,0.0,none,,,,full first-layer foundation; movement after L2 activation is collapse-risk abnormality
D01_F03_upper_settle_l1_locked.ply,D01,3,upper_settle_l1_locked,9,606,1,9,full_L1,VISIBLE,0,mask_14_f.ply,7339,11.98,0.0,0.62,0.0,1.22,1.34,0.0,0.0,0.0,normal,0.0,none,,,,full first-layer foundation; movement after L2 activation is collapse-risk abnormality
D01_F03_upper_settle_l1_locked.ply,D01,3,upper_settle_l1_locked,10,299,2,0,layer2,VISIBLE,0,mask_1_f.ply,8255,1.66,0.0,1.6183987179478947,2.0,1.12,1.24,0.050000000000000044,0.0,0.0,normal,0.0,none,,,,"upper slot 0 supported by L1[0,1]"
D01_F03_upper_settle_l1_locked.ply,D01,3,upper_settle_l1_locked,11,491,2,1,layer2,VISIBLE,0,mask_5_f.ply,8733,2.79,0.0,1.6183987179478947,-1.0,1.12,1.24,-0.040000000000000036,0.0,0.0,normal,0.0,none,,,,"upper slot 1 supported by L1[1,2]"
D02_F00_full_l1_before_right_l2.ply,D02,0,full_l1_before_right_l2,0,791,1,0,full_L1,VISIBLE,0,mask_10_f.ply,5620,1.0,0.0,0.62,0.0,1.22,1.34,,,,roll_mild,0.0,none,,,,full first-layer foundation; movement after L2 activation is collapse-risk abnormality
D02_F00_full_l1_before_right_l2.ply,D02,0,full_l1_before_right_l2,1,732,1,1,full_L1,VISIBLE,0,mask_12_f.ply,7608,2.2199999999999998,0.0,0.62,0.0,1.22,1.34,,,,normal,0.0,none,,,,full first-layer foundation; movement after L2 activation is collapse-risk abnormality
D02_F00_full_l1_before_right_l2.ply,D02,0,full_l1_before_right_l2,2,799,1,2,full_L1,VISIBLE,0,mask_14_f.ply,7339,3.44,0.0,0.62,0.0,1.22,1.34,,,,normal,0.0,none,,,,full first-layer foundation; movement after L2 activation is collapse-risk abnormality
D02_F00_full_l1_before_right_l2.ply,D02,0,full_l1_before_right_l2,3,609,1,3,full_L1,VISIBLE,0,mask_1_f.ply,8255,4.66,0.0,0.62,0.0,1.22,1.34,,,,normal,0.0,none,,,,full first-layer foundation; movement after L2 activation is collapse-risk abnormality
D02_F00_full_l1_before_right_l2.ply,D02,0,full_l1_before_right_l2,4,707,1,4,full_L1,VISIBLE,0,mask_5_f.ply,8733,5.88,0.0,0.62,0.0,1.22,1.34,,,,normal,0.0,none,,,,full first-layer foundation; movement after L2 activation is collapse-risk abnormality
D02_F00_full_l1_before_right_l2.ply,D02,0,full_l1_before_right_l2,5,561,1,5,full_L1,VISIBLE,0,mask_6_f.ply,6518,7.1,0.0,0.62,0.0,1.22,1.34,,,,normal,0.0,none,,,,full first-layer foundation; movement after L2 activation is collapse-risk abnormality
D02_F00_full_l1_before_right_l2.ply,D02,0,full_l1_before_right_l2,6,351,1,6,full_L1,VISIBLE,0,mask_7_f.ply,7117,8.32,0.0,0.62,0.0,1.22,1.34,,,,normal,0.0,none,,,,full first-layer foundation; movement after L2 activation is collapse-risk abnormality
D02_F00_full_l1_before_right_l2.ply,D02,0,full_l1_before_right_l2,7,216,1,7,full_L1,VISIBLE,0,mask_10_f.ply,5835,9.54,0.0,0.62,0.0,1.22,1.34,,,,normal,0.0,none,,,,full first-layer foundation; movement after L2 activation is collapse-risk abnormality
D02_F00_full_l1_before_right_l2.ply,D02,0,full_l1_before_right_l2,8,124,1,8,full_L1,VISIBLE,0,mask_12_f.ply,7608,10.76,0.0,0.62,0.0,1.22,1.34,,,,normal,0.0,none,,,,full first-layer foundation; movement after L2 activation is collapse-risk abnormality
D02_F00_full_l1_before_right_l2.ply,D02,0,full_l1_before_right_l2,9,363,1,9,full_L1,VISIBLE,0,mask_14_f.ply,7078,11.98,0.0,0.62,0.0,1.22,1.34,,,,roll_mild,0.0,none,,,,full first-layer foundation; movement after L2 activation is collapse-risk abnormality
D02_F01_right_new_support8.ply,D02,1,right_new_support8,0,864,1,0,full_L1,VISIBLE,0,mask_10_f.ply,5835,1.0,0.0,0.62,0.0,1.22,1.34,0.0,0.0,0.0,normal,0.0,none,,,,full first-layer foundation; movement after L2 activation is collapse-risk abnormality
D02_F01_right_new_support8.ply,D02,1,right_new_support8,1,844,1,1,full_L1,VISIBLE,0,mask_12_f.ply,7608,2.2199999999999998,0.0,0.62,0.0,1.22,1.34,0.0,0.0,0.0,normal,0.0,none,,,,full first-layer foundation; movement after L2 activation is collapse-risk abnormality
D02_F01_right_new_support8.ply,D02,1,right_new_support8,2,785,1,2,full_L1,VISIBLE,0,mask_14_f.ply,7339,3.44,0.0,0.62,0.0,1.22,1.34,0.0,0.0,0.0,normal,0.0,none,,,,full first-layer foundation; movement after L2 activation is collapse-risk abnormality
D02_F01_right_new_support8.ply,D02,1,right_new_support8,3,597,1,3,full_L1,VISIBLE,0,mask_1_f.ply,8255,4.66,0.0,0.62,0.0,1.22,1.34,0.0,0.0,0.0,normal,0.0,none,,,,full first-layer foundation; movement after L2 activation is collapse-risk abnormality
D02_F01_right_new_support8.ply,D02,1,right_new_support8,4,476,1,4,full_L1,VISIBLE,0,mask_5_f.ply,8733,5.88,0.0,0.62,0.0,1.22,1.34,0.0,0.0,0.0,normal,0.0,none,,,,full first-layer foundation; movement after L2 activation is collapse-risk abnormality
D02_F01_right_new_support8.ply,D02,1,right_new_support8,5,146,1,5,full_L1,VISIBLE,0,mask_6_f.ply,6518,7.1,0.0,0.62,0.0,1.22,1.34,0.0,0.0,0.0,normal,0.0,none,,,,full first-layer foundation; movement after L2 activation is collapse-risk abnormality
D02_F01_right_new_support8.ply,D02,1,right_new_support8,6,837,1,6,full_L1,VISIBLE,0,mask_7_f.ply,7117,8.32,0.0,0.62,0.0,1.22,1.34,0.0,0.0,0.0,normal,0.0,none,,,,full first-layer foundation; movement after L2 activation is collapse-risk abnormality
D02_F01_right_new_support8.ply,D02,1,right_new_support8,7,193,1,7,full_L1,VISIBLE,0,mask_10_f.ply,5835,9.54,0.0,0.62,0.0,1.22,1.34,0.0,0.0,0.0,normal,0.0,none,,,,full first-layer foundation; movement after L2 activation is collapse-risk abnormality
D02_F01_right_new_support8.ply,D02,1,right_new_support8,8,327,1,8,full_L1,VISIBLE,0,mask_12_f.ply,7334,10.76,0.0,0.62,0.0,1.22,1.34,0.0,0.0,0.0,roll_mild,0.0,none,,,,full first-layer foundation; movement after L2 activation is collapse-risk abnormality
D02_F01_right_new_support8.ply,D02,1,right_new_support8,9,675,1,9,full_L1,VISIBLE,0,mask_14_f.ply,7339,11.98,0.0,0.62,0.0,1.22,1.34,0.0,0.0,0.0,normal,0.0,none,,,,full first-layer foundation; movement after L2 activation is collapse-risk abnormality
D02_F01_right_new_support8.ply,D02,1,right_new_support8,18,766,2,8,layer2,VISIBLE,1,mask_5_f.ply,8733,11.370000000000001,0.0,1.6183987179478947,-3.0,1.12,1.24,,,,normal,0.0,none,11.430000000000001,0.03,1.6183987179478947,"upper slot 8 supported by L1[8,9]"
D02_F02_right_new_support7.ply,D02,2,right_new_support7,0,775,1,0,full_L1,VISIBLE,0,mask_10_f.ply,5835,1.0,0.0,0.62,0.0,1.22,1.34,0.0,0.0,0.0,normal,0.0,none,,,,full first-layer foundation; movement after L2 activation is collapse-risk abnormality
D02_F02_right_new_support7.ply,D02,2,right_new_support7,1,665,1,1,full_L1,VISIBLE,0,mask_12_f.ply,7608,2.2199999999999998,0.0,0.62,0.0,1.22,1.34,0.0,0.0,0.0,normal,0.0,none,,,,full first-layer foundation; movement after L2 activation is collapse-risk abnormality
D02_F02_right_new_support7.ply,D02,2,right_new_support7,2,521,1,2,full_L1,VISIBLE,0,mask_14_f.ply,7339,3.44,0.0,0.62,0.0,1.22,1.34,0.0,0.0,0.0,normal,0.0,none,,,,full first-layer foundation; movement after L2 activation is collapse-risk abnormality
D02_F02_right_new_support7.ply,D02,2,right_new_support7,3,903,1,3,full_L1,VISIBLE,0,mask_1_f.ply,8255,4.66,0.0,0.62,0.0,1.22,1.34,0.0,0.0,0.0,normal,0.0,none,,,,full first-layer foundation; movement after L2 activation is collapse-risk abnormality
D02_F02_right_new_support7.ply,D02,2,right_new_support7,4,717,1,4,full_L1,VISIBLE,0,mask_5_f.ply,8733,5.88,0.0,0.62,0.0,1.22,1.34,0.0,0.0,0.0,normal,0.0,none,,,,full first-layer foundation; movement after L2 activation is collapse-risk abnormality
D02_F02_right_new_support7.ply,D02,2,right_new_support7,5,171,1,5,full_L1,VISIBLE,0,mask_6_f.ply,6518,7.1,0.0,0.62,0.0,1.22,1.34,0.0,0.0,0.0,normal,0.0,none,,,,full first-layer foundation; movement after L2 activation is collapse-risk abnormality
D02_F02_right_new_support7.ply,D02,2,right_new_support7,6,118,1,6,full_L1,VISIBLE,0,mask_7_f.ply,7117,8.32,0.0,0.62,0.0,1.22,1.34,0.0,0.0,0.0,normal,0.0,none,,,,full first-layer foundation; movement after L2 activation is collapse-risk abnormality
D02_F02_right_new_support7.ply,D02,2,right_new_support7,7,209,1,7,full_L1,VISIBLE,0,mask_10_f.ply,5670,9.54,0.0,0.62,0.0,1.22,1.34,0.0,0.0,0.0,roll_mild,0.0,none,,,,full first-layer foundation; movement after L2 activation is collapse-risk abnormality
D02_F02_right_new_support7.ply,D02,2,right_new_support7,8,855,1,8,full_L1,VISIBLE,0,mask_12_f.ply,7608,10.76,0.0,0.62,0.0,1.22,1.34,0.0,0.0,0.0,normal,0.0,none,,,,full first-layer foundation; movement after L2 activation is collapse-risk abnormality
D02_F02_right_new_support7.ply,D02,2,right_new_support7,9,109,1,9,full_L1,VISIBLE,0,mask_14_f.ply,7339,11.98,0.0,0.62,0.0,1.22,1.34,0.0,0.0,0.0,normal,0.0,none,,,,full first-layer foundation; movement after L2 activation is collapse-risk abnormality
D02_F02_right_new_support7.ply,D02,2,right_new_support7,17,979,2,7,layer2,VISIBLE,1,mask_1_f.ply,8255,10.149999999999999,0.0,1.6183987179478947,4.0,1.12,1.24,,,,normal,0.0,none,10.089999999999998,0.03,1.6183987179478947,"upper slot 7 supported by L1[7,8]"
D02_F02_right_new_support7.ply,D02,2,right_new_support7,18,870,2,8,layer2,VISIBLE,0,mask_5_f.ply,8733,11.340000000000002,0.0,1.6183987179478947,0.0,1.12,1.24,-0.02999999999999936,0.0,0.0,normal,0.0,none,,,,"upper slot 8 supported by L1[8,9]"
D02_F03_right_new_support6.ply,D02,3,right_new_support6,0,690,1,0,full_L1,VISIBLE,0,mask_10_f.ply,5835,1.0,0.0,0.62,0.0,1.22,1.34,0.0,0.0,0.0,normal,0.0,none,,,,full first-layer foundation; movement after L2 activation is collapse-risk abnormality
D02_F03_right_new_support6.ply,D02,3,right_new_support6,1,483,1,1,full_L1,VISIBLE,0,mask_12_f.ply,7608,2.2199999999999998,0.0,0.62,0.0,1.22,1.34,0.0,0.0,0.0,normal,0.0,none,,,,full first-layer foundation; movement after L2 activation is collapse-risk abnormality
D02_F03_right_new_support6.ply,D02,3,right_new_support6,2,880,1,2,full_L1,VISIBLE,0,mask_14_f.ply,7339,3.44,0.0,0.62,0.0,1.22,1.34,0.0,0.0,0.0,normal,0.0,none,,,,full first-layer foundation; movement after L2 activation is collapse-risk abnormality
D02_F03_right_new_support6.ply,D02,3,right_new_support6,3,497,1,3,full_L1,VISIBLE,0,mask_1_f.ply,8255,4.66,0.0,0.62,0.0,1.22,1.34,0.0,0.0,0.0,normal,0.0,none,,,,full first-layer foundation; movement after L2 activation is collapse-risk abnormality
D02_F03_right_new_support6.ply,D02,3,right_new_support6,4,620,1,4,full_L1,VISIBLE,0,mask_5_f.ply,8733,5.88,0.0,0.62,0.0,1.22,1.34,0.0,0.0,0.0,normal,0.0,none,,,,full first-layer foundation; movement after L2 activation is collapse-risk abnormality
D02_F03_right_new_support6.ply,D02,3,right_new_support6,5,288,1,5,full_L1,VISIBLE,0,mask_6_f.ply,6518,7.1,0.0,0.62,0.0,1.22,1.34,0.0,0.0,0.0,normal,0.0,none,,,,full first-layer foundation; movement after L2 activation is collapse-risk abnormality
D02_F03_right_new_support6.ply,D02,3,right_new_support6,6,312,1,6,full_L1,VISIBLE,0,mask_7_f.ply,6910,8.32,0.0,0.62,0.0,1.22,1.34,0.0,0.0,0.0,roll_mild,0.0,none,,,,full first-layer foundation; movement after L2 activation is collapse-risk abnormality
D02_F03_right_new_support6.ply,D02,3,right_new_support6,7,697,1,7,full_L1,VISIBLE,0,mask_10_f.ply,5835,9.54,0.0,0.62,0.0,1.22,1.34,0.0,0.0,0.0,normal,0.0,none,,,,full first-layer foundation; movement after L2 activation is collapse-risk abnormality
D02_F03_right_new_support6.ply,D02,3,right_new_support6,8,275,1,8,full_L1,VISIBLE,0,mask_12_f.ply,7608,10.76,0.0,0.62,0.0,1.22,1.34,0.0,0.0,0.0,normal,0.0,none,,,,full first-layer foundation; movement after L2 activation is collapse-risk abnormality
D02_F03_right_new_support6.ply,D02,3,right_new_support6,9,410,1,9,full_L1,VISIBLE,0,mask_14_f.ply,7339,11.98,0.0,0.62,0.0,1.22,1.34,0.0,0.0,0.0,normal,0.0,none,,,,full first-layer foundation; movement after L2 activation is collapse-risk abnormality
D02_F03_right_new_support6.ply,D02,3,right_new_support6,16,825,2,6,layer2,VISIBLE,1,mask_14_f.ply,7339,8.93,0.0,1.6183987179478947,-4.0,1.12,1.24,,,,normal,0.0,none,8.99,0.03,1.6183987179478947,"upper slot 6 supported by L1[6,7]"
D02_F03_right_new_support6.ply,D02,3,right_new_support6,17,173,2,7,layer2,VISIBLE,0,mask_1_f.ply,8255,10.189999999999998,0.0,1.6183987179478947,0.0,1.12,1.24,0.03999999999999915,0.0,0.0,normal,0.0,none,,,,"upper slot 7 supported by L1[7,8]"
D02_F03_right_new_support6.ply,D02,3,right_new_support6,18,109,2,8,layer2,VISIBLE,0,mask_5_f.ply,8733,11.370000000000001,0.0,1.6183987179478947,0.0,1.12,1.24,0.02999999999999936,0.0,0.0,normal,0.0,none,,,,"upper slot 8 supported by L1[8,9]"
D03_F00_full_l1.ply,D03,0,full_l1,0,956,1,0,full_L1,VISIBLE,0,mask_10_f.ply,5680,1.0,0.0,0.62,0.0,1.22,1.34,,,,roll_mild,0.0,none,,,,full first-layer foundation; movement after L2 activation is collapse-risk abnormality
D03_F00_full_l1.ply,D03,0,full_l1,1,458,1,1,full_L1,VISIBLE,0,mask_12_f.ply,7608,2.2199999999999998,0.0,0.62,0.0,1.22,1.34,,,,normal,0.0,none,,,,full first-layer foundation; movement after L2 activation is collapse-risk abnormality
D03_F00_full_l1.ply,D03,0,full_l1,2,344,1,2,full_L1,VISIBLE,0,mask_14_f.ply,7339,3.44,0.0,0.62,0.0,1.22,1.34,,,,normal,0.0,none,,,,full first-layer foundation; movement after L2 activation is collapse-risk abnormality
D03_F00_full_l1.ply,D03,0,full_l1,3,347,1,3,full_L1,VISIBLE,0,mask_1_f.ply,8255,4.66,0.0,0.62,0.0,1.22,1.34,,,,normal,0.0,none,,,,full first-layer foundation; movement after L2 activation is collapse-risk abnormality
D03_F00_full_l1.ply,D03,0,full_l1,4,577,1,4,full_L1,VISIBLE,0,mask_5_f.ply,8733,5.88,0.0,0.62,0.0,1.22,1.34,,,,normal,0.0,none,,,,full first-layer foundation; movement after L2 activation is collapse-risk abnormality
D03_F00_full_l1.ply,D03,0,full_l1,5,895,1,5,full_L1,VISIBLE,0,mask_6_f.ply,6518,7.1,0.0,0.62,0.0,1.22,1.34,,,,normal,0.0,none,,,,full first-layer foundation; movement after L2 activation is collapse-risk abnormality
D03_F00_full_l1.ply,D03,0,full_l1,6,485,1,6,full_L1,VISIBLE,0,mask_7_f.ply,7117,8.32,0.0,0.62,0.0,1.22,1.34,,,,normal,0.0,none,,,,full first-layer foundation; movement after L2 activation is collapse-risk abnormality
D03_F00_full_l1.ply,D03,0,full_l1,7,924,1,7,full_L1,VISIBLE,0,mask_10_f.ply,5835,9.54,0.0,0.62,0.0,1.22,1.34,,,,normal,0.0,none,,,,full first-layer foundation; movement after L2 activation is collapse-risk abnormality
D03_F00_full_l1.ply,D03,0,full_l1,8,453,1,8,full_L1,VISIBLE,0,mask_12_f.ply,7608,10.76,0.0,0.62,0.0,1.22,1.34,,,,normal,0.0,none,,,,full first-layer foundation; movement after L2 activation is collapse-risk abnormality
D03_F00_full_l1.ply,D03,0,full_l1,9,367,1,9,full_L1,VISIBLE,0,mask_14_f.ply,7110,11.98,0.0,0.62,0.0,1.22,1.34,,,,roll_mild,0.0,none,,,,full first-layer foundation; movement after L2 activation is collapse-risk abnormality
D03_F01_new_support1.ply,D03,1,new_support1,0,960,1,0,full_L1,VISIBLE,0,mask_10_f.ply,5835,1.0,0.0,0.62,0.0,1.22,1.34,0.0,0.0,0.0,normal,0.0,none,,,,full first-layer foundation; movement after L2 activation is collapse-risk abnormality
D03_F01_new_support1.ply,D03,1,new_support1,1,973,1,1,full_L1,VISIBLE,0,mask_12_f.ply,7608,2.2199999999999998,0.0,0.62,0.0,1.22,1.34,0.0,0.0,0.0,normal,0.0,none,,,,full first-layer foundation; movement after L2 activation is collapse-risk abnormality
D03_F01_new_support1.ply,D03,1,new_support1,2,392,1,2,full_L1,VISIBLE,0,mask_14_f.ply,7339,3.44,0.0,0.62,0.0,1.22,1.34,0.0,0.0,0.0,normal,0.0,none,,,,full first-layer foundation; movement after L2 activation is collapse-risk abnormality
D03_F01_new_support1.ply,D03,1,new_support1,3,765,1,3,full_L1,VISIBLE,0,mask_1_f.ply,8255,4.66,0.0,0.62,0.0,1.22,1.34,0.0,0.0,0.0,normal,0.0,none,,,,full first-layer foundation; movement after L2 activation is collapse-risk abnormality
D03_F01_new_support1.ply,D03,1,new_support1,4,595,1,4,full_L1,VISIBLE,0,mask_5_f.ply,8733,5.88,0.0,0.62,0.0,1.22,1.34,0.0,0.0,0.0,normal,0.0,none,,,,full first-layer foundation; movement after L2 activation is collapse-risk abnormality
D03_F01_new_support1.ply,D03,1,new_support1,5,213,1,5,full_L1,VISIBLE,0,mask_6_f.ply,6518,7.1,0.0,0.62,0.0,1.22,1.34,0.0,0.0,0.0,normal,0.0,none,,,,full first-layer foundation; movement after L2 activation is collapse-risk abnormality
D03_F01_new_support1.ply,D03,1,new_support1,6,311,1,6,full_L1,VISIBLE,0,mask_7_f.ply,7117,8.32,0.0,0.62,0.0,1.22,1.34,0.0,0.0,0.0,normal,0.0,none,,,,full first-layer foundation; movement after L2 activation is collapse-risk abnormality
D03_F01_new_support1.ply,D03,1,new_support1,7,558,1,7,full_L1,VISIBLE,0,mask_10_f.ply,5835,9.54,0.0,0.62,0.0,1.22,1.34,0.0,0.0,0.0,normal,0.0,none,,,,full first-layer foundation; movement after L2 activation is collapse-risk abnormality
D03_F01_new_support1.ply,D03,1,new_support1,8,553,1,8,full_L1,VISIBLE,0,mask_12_f.ply,7351,10.76,0.0,0.62,0.0,1.22,1.34,0.0,0.0,0.0,roll_mild,0.0,none,,,,full first-layer foundation; movement after L2 activation is collapse-risk abnormality
D03_F01_new_support1.ply,D03,1,new_support1,9,777,1,9,full_L1,VISIBLE,0,mask_14_f.ply,7339,11.98,0.0,0.62,0.0,1.22,1.34,0.0,0.0,0.0,normal,0.0,none,,,,full first-layer foundation; movement after L2 activation is collapse-risk abnormality
D03_F01_new_support1.ply,D03,1,new_support1,11,575,2,1,layer2,VISIBLE,1,mask_5_f.ply,8733,2.83,0.0,1.6183987179478947,2.0,1.12,1.24,,,,normal,0.0,none,2.77,0.03,1.6183987179478947,"upper slot 1 supported by L1[1,2]"
D03_F02_new_support7.ply,D03,2,new_support7,0,568,1,0,full_L1,VISIBLE,0,mask_10_f.ply,5835,1.0,0.0,0.62,0.0,1.22,1.34,0.0,0.0,0.0,normal,0.0,none,,,,full first-layer foundation; movement after L2 activation is collapse-risk abnormality
D03_F02_new_support7.ply,D03,2,new_support7,1,585,1,1,full_L1,VISIBLE,0,mask_12_f.ply,7608,2.2199999999999998,0.0,0.62,0.0,1.22,1.34,0.0,0.0,0.0,normal,0.0,none,,,,full first-layer foundation; movement after L2 activation is collapse-risk abnormality
D03_F02_new_support7.ply,D03,2,new_support7,2,433,1,2,full_L1,VISIBLE,0,mask_14_f.ply,7339,3.44,0.0,0.62,0.0,1.22,1.34,0.0,0.0,0.0,normal,0.0,none,,,,full first-layer foundation; movement after L2 activation is collapse-risk abnormality
D03_F02_new_support7.ply,D03,2,new_support7,3,320,1,3,full_L1,VISIBLE,0,mask_1_f.ply,8255,4.66,0.0,0.62,0.0,1.22,1.34,0.0,0.0,0.0,normal,0.0,none,,,,full first-layer foundation; movement after L2 activation is collapse-risk abnormality
D03_F02_new_support7.ply,D03,2,new_support7,4,495,1,4,full_L1,VISIBLE,0,mask_5_f.ply,8733,5.88,0.0,0.62,0.0,1.22,1.34,0.0,0.0,0.0,normal,0.0,none,,,,full first-layer foundation; movement after L2 activation is collapse-risk abnormality
D03_F02_new_support7.ply,D03,2,new_support7,5,278,1,5,full_L1,VISIBLE,0,mask_6_f.ply,6518,7.1,0.0,0.62,0.0,1.22,1.34,0.0,0.0,0.0,normal,0.0,none,,,,full first-layer foundation; movement after L2 activation is collapse-risk abnormality
D03_F02_new_support7.ply,D03,2,new_support7,6,784,1,6,full_L1,VISIBLE,0,mask_7_f.ply,7117,8.32,0.0,0.62,0.0,1.22,1.34,0.0,0.0,0.0,normal,0.0,none,,,,full first-layer foundation; movement after L2 activation is collapse-risk abnormality
D03_F02_new_support7.ply,D03,2,new_support7,7,701,1,7,full_L1,VISIBLE,0,mask_10_f.ply,5646,9.54,0.0,0.62,0.0,1.22,1.34,0.0,0.0,0.0,roll_mild,0.0,none,,,,full first-layer foundation; movement after L2 activation is collapse-risk abnormality
D03_F02_new_support7.ply,D03,2,new_support7,8,990,1,8,full_L1,VISIBLE,0,mask_12_f.ply,7608,10.76,0.0,0.62,0.0,1.22,1.34,0.0,0.0,0.0,normal,0.0,none,,,,full first-layer foundation; movement after L2 activation is collapse-risk abnormality
D03_F02_new_support7.ply,D03,2,new_support7,9,465,1,9,full_L1,VISIBLE,0,mask_14_f.ply,7339,11.98,0.0,0.62,0.0,1.22,1.34,0.0,0.0,0.0,normal,0.0,none,,,,full first-layer foundation; movement after L2 activation is collapse-risk abnormality
D03_F02_new_support7.ply,D03,2,new_support7,11,681,2,1,layer2,VISIBLE,0,mask_5_f.ply,8733,2.89,0.0,1.6183987179478947,0.0,1.12,1.24,0.06000000000000005,0.0,0.0,normal,0.0,none,,,,"upper slot 1 supported by L1[1,2]"
D03_F02_new_support7.ply,D03,2,new_support7,17,479,2,7,layer2,VISIBLE,1,mask_1_f.ply,8255,10.149999999999999,0.0,1.6183987179478947,-4.0,1.12,1.24,,,,normal,0.0,none,10.089999999999998,0.03,1.6183987179478947,"upper slot 7 supported by L1[7,8]"
D03_F03_multi_new_support3_5.ply,D03,3,multi_new_support3_5,0,243,1,0,full_L1,VISIBLE,0,mask_10_f.ply,5835,1.0,0.0,0.62,0.0,1.22,1.34,0.0,0.0,0.0,normal,0.0,none,,,,full first-layer foundation; movement after L2 activation is collapse-risk abnormality
D03_F03_multi_new_support3_5.ply,D03,3,multi_new_support3_5,1,874,1,1,full_L1,VISIBLE,0,mask_12_f.ply,7608,2.2199999999999998,0.0,0.62,0.0,1.22,1.34,0.0,0.0,0.0,normal,0.0,none,,,,full first-layer foundation; movement after L2 activation is collapse-risk abnormality
D03_F03_multi_new_support3_5.ply,D03,3,multi_new_support3_5,2,381,1,2,full_L1,VISIBLE,0,mask_14_f.ply,7339,3.44,0.0,0.62,0.0,1.22,1.34,0.0,0.0,0.0,normal,0.0,none,,,,full first-layer foundation; movement after L2 activation is collapse-risk abnormality
D03_F03_multi_new_support3_5.ply,D03,3,multi_new_support3_5,3,790,1,3,full_L1,VISIBLE,0,mask_1_f.ply,8255,4.66,0.0,0.62,0.0,1.22,1.34,0.0,0.0,0.0,normal,0.0,none,,,,full first-layer foundation; movement after L2 activation is collapse-risk abnormality
D03_F03_multi_new_support3_5.ply,D03,3,multi_new_support3_5,4,433,1,4,full_L1,VISIBLE,0,mask_5_f.ply,8733,5.88,0.0,0.62,0.0,1.22,1.34,0.0,0.0,0.0,normal,0.0,none,,,,full first-layer foundation; movement after L2 activation is collapse-risk abnormality
D03_F03_multi_new_support3_5.ply,D03,3,multi_new_support3_5,5,881,1,5,full_L1,VISIBLE,0,mask_6_f.ply,6518,7.1,0.0,0.62,0.0,1.22,1.34,0.0,0.0,0.0,normal,0.0,none,,,,full first-layer foundation; movement after L2 activation is collapse-risk abnormality
D03_F03_multi_new_support3_5.ply,D03,3,multi_new_support3_5,6,925,1,6,full_L1,VISIBLE,0,mask_7_f.ply,6838,8.32,0.0,0.62,0.0,1.22,1.34,0.0,0.0,0.0,roll_mild,0.0,none,,,,full first-layer foundation; movement after L2 activation is collapse-risk abnormality
D03_F03_multi_new_support3_5.ply,D03,3,multi_new_support3_5,7,483,1,7,full_L1,VISIBLE,0,mask_10_f.ply,5835,9.54,0.0,0.62,0.0,1.22,1.34,0.0,0.0,0.0,normal,0.0,none,,,,full first-layer foundation; movement after L2 activation is collapse-risk abnormality
D03_F03_multi_new_support3_5.ply,D03,3,multi_new_support3_5,8,340,1,8,full_L1,VISIBLE,0,mask_12_f.ply,7608,10.76,0.0,0.62,0.0,1.22,1.34,0.0,0.0,0.0,normal,0.0,none,,,,full first-layer foundation; movement after L2 activation is collapse-risk abnormality
D03_F03_multi_new_support3_5.ply,D03,3,multi_new_support3_5,9,851,1,9,full_L1,VISIBLE,0,mask_14_f.ply,7339,11.98,0.0,0.62,0.0,1.22,1.34,0.0,0.0,0.0,normal,0.0,none,,,,full first-layer foundation; movement after L2 activation is collapse-risk abnormality
D03_F03_multi_new_support3_5.ply,D03,3,multi_new_support3_5,11,402,2,1,layer2,VISIBLE,0,mask_5_f.ply,8733,2.83,0.0,1.6183987179478947,0.0,1.12,1.24,-0.06000000000000005,0.0,0.0,normal,0.0,none,,,,"upper slot 1 supported by L1[1,2]"
D03_F03_multi_new_support3_5.ply,D03,3,multi_new_support3_5,13,126,2,3,layer2,VISIBLE,1,mask_7_f.ply,7117,5.27,0.0,1.6183987179478947,5.0,1.12,1.24,,,,normal,0.0,none,5.21,0.03,1.6183987179478947,"upper slot 3 supported by L1[3,4]"
D03_F03_multi_new_support3_5.ply,D03,3,multi_new_support3_5,15,856,2,5,layer2,VISIBLE,1,mask_12_f.ply,7608,7.71,0.0,1.6183987179478947,-5.0,1.12,1.24,,,,normal,0.0,none,7.65,0.03,1.6183987179478947,"upper slot 5 supported by L1[5,6]"
D03_F03_multi_new_support3_5.ply,D03,3,multi_new_support3_5,17,333,2,7,layer2,VISIBLE,0,mask_1_f.ply,8255,10.099999999999998,0.0,1.6183987179478947,0.0,1.12,1.24,-0.05000000000000071,0.0,0.0,normal,0.0,none,,,,"upper slot 7 supported by L1[7,8]"
D04_F00_full_l1_multiview.ply,D04,0,full_l1_multiview,0,564,1,0,full_L1,VISIBLE,0,mask_10_f.ply,5618,1.0,0.0,0.62,0.0,1.22,1.34,,,,roll_mild,0.0,none,,,,full first-layer foundation; movement after L2 activation is collapse-risk abnormality
D04_F00_full_l1_multiview.ply,D04,0,full_l1_multiview,1,253,1,1,full_L1,VISIBLE,0,mask_12_f.ply,7608,2.2199999999999998,0.0,0.62,0.0,1.22,1.34,,,,normal,0.0,none,,,,full first-layer foundation; movement after L2 activation is collapse-risk abnormality
D04_F00_full_l1_multiview.ply,D04,0,full_l1_multiview,2,366,1,2,full_L1,VISIBLE,0,mask_14_f.ply,7339,3.44,0.0,0.62,0.0,1.22,1.34,,,,normal,0.0,none,,,,full first-layer foundation; movement after L2 activation is collapse-risk abnormality
D04_F00_full_l1_multiview.ply,D04,0,full_l1_multiview,3,706,1,3,full_L1,VISIBLE,0,mask_1_f.ply,8255,4.66,0.0,0.62,0.0,1.22,1.34,,,,normal,0.0,none,,,,full first-layer foundation; movement after L2 activation is collapse-risk abnormality
D04_F00_full_l1_multiview.ply,D04,0,full_l1_multiview,4,520,1,4,full_L1,VISIBLE,0,mask_5_f.ply,8733,5.88,0.0,0.62,0.0,1.22,1.34,,,,normal,0.0,none,,,,full first-layer foundation; movement after L2 activation is collapse-risk abnormality
D04_F00_full_l1_multiview.ply,D04,0,full_l1_multiview,5,698,1,5,full_L1,VISIBLE,0,mask_6_f.ply,6518,7.1,0.0,0.62,0.0,1.22,1.34,,,,normal,0.0,none,,,,full first-layer foundation; movement after L2 activation is collapse-risk abnormality
D04_F00_full_l1_multiview.ply,D04,0,full_l1_multiview,6,721,1,6,full_L1,VISIBLE,0,mask_7_f.ply,7117,8.32,0.0,0.62,0.0,1.22,1.34,,,,normal,0.0,none,,,,full first-layer foundation; movement after L2 activation is collapse-risk abnormality
D04_F00_full_l1_multiview.ply,D04,0,full_l1_multiview,7,980,1,7,full_L1,VISIBLE,0,mask_10_f.ply,5835,9.54,0.0,0.62,0.0,1.22,1.34,,,,normal,0.0,none,,,,full first-layer foundation; movement after L2 activation is collapse-risk abnormality
D04_F00_full_l1_multiview.ply,D04,0,full_l1_multiview,8,968,1,8,full_L1,VISIBLE,0,mask_12_f.ply,7608,10.76,0.0,0.62,0.0,1.22,1.34,,,,normal,0.0,none,,,,full first-layer foundation; movement after L2 activation is collapse-risk abnormality
D04_F00_full_l1_multiview.ply,D04,0,full_l1_multiview,9,624,1,9,full_L1,VISIBLE,0,mask_14_f.ply,7067,11.98,0.0,0.62,0.0,1.22,1.34,,,,roll_mild,0.0,none,,,,full first-layer foundation; movement after L2 activation is collapse-risk abnormality
D04_F01_top_new_support2.ply,D04,1,top_new_support2,0,833,1,0,full_L1,VIEW_PARTIAL,0,mask_10_f.ply,3267,1.0,0.0,0.62,0.0,1.22,1.34,0.0,0.0,0.0,top_down_z,0.0,none,,,,full first-layer foundation; movement after L2 activation is collapse-risk abnormality
D04_F01_top_new_support2.ply,D04,1,top_new_support2,1,384,1,1,full_L1,VIEW_PARTIAL,0,mask_12_f.ply,4082,2.2199999999999998,0.0,0.62,0.0,1.22,1.34,0.0,0.0,0.0,top_down_z,0.0,none,,,,full first-layer foundation; movement after L2 activation is collapse-risk abnormality
D04_F01_top_new_support2.ply,D04,1,top_new_support2,2,177,1,2,full_L1,OCCLUDED,0,mask_14_f.ply,1747,3.44,0.0,0.62,0.0,1.22,1.34,0.0,0.0,0.0,top_down_z+upper_occlusion,0.0,none,,,,full first-layer foundation; movement after L2 activation is collapse-risk abnormality
D04_F01_top_new_support2.ply,D04,1,top_new_support2,3,942,1,3,full_L1,OCCLUDED,0,mask_1_f.ply,2376,4.66,0.0,0.62,0.0,1.22,1.34,0.0,0.0,0.0,top_down_z+upper_occlusion,0.0,none,,,,full first-layer foundation; movement after L2 activation is collapse-risk abnormality
D04_F01_top_new_support2.ply,D04,1,top_new_support2,4,299,1,4,full_L1,VIEW_PARTIAL,0,mask_5_f.ply,4261,5.88,0.0,0.62,0.0,1.22,1.34,0.0,0.0,0.0,top_down_z,0.0,none,,,,full first-layer foundation; movement after L2 activation is collapse-risk abnormality
D04_F01_top_new_support2.ply,D04,1,top_new_support2,5,144,1,5,full_L1,VIEW_PARTIAL,0,mask_6_f.ply,3362,7.1,0.0,0.62,0.0,1.22,1.34,0.0,0.0,0.0,top_down_z,0.0,none,,,,full first-layer foundation; movement after L2 activation is collapse-risk abnormality
D04_F01_top_new_support2.ply,D04,1,top_new_support2,6,115,1,6,full_L1,VIEW_PARTIAL,0,mask_7_f.ply,3358,8.32,0.0,0.62,0.0,1.22,1.34,0.0,0.0,0.0,top_down_z,0.0,none,,,,full first-layer foundation; movement after L2 activation is collapse-risk abnormality
D04_F01_top_new_support2.ply,D04,1,top_new_support2,7,130,1,7,full_L1,VIEW_PARTIAL,0,mask_10_f.ply,3241,9.54,0.0,0.62,0.0,1.22,1.34,0.0,0.0,0.0,top_down_z,0.0,none,,,,full first-layer foundation; movement after L2 activation is collapse-risk abnormality
D04_F01_top_new_support2.ply,D04,1,top_new_support2,8,835,1,8,full_L1,VIEW_PARTIAL,0,mask_12_f.ply,3578,10.76,0.0,0.62,0.0,1.22,1.34,0.0,0.0,0.0,top_down_z,0.0,none,,,,full first-layer foundation; movement after L2 activation is collapse-risk abnormality
D04_F01_top_new_support2.ply,D04,1,top_new_support2,9,256,1,9,full_L1,VIEW_PARTIAL,0,mask_14_f.ply,3339,11.98,0.0,0.62,0.0,1.22,1.34,0.0,0.0,0.0,top_down_z,0.0,none,,,,full first-layer foundation; movement after L2 activation is collapse-risk abnormality
D04_F01_top_new_support2.ply,D04,1,top_new_support2,12,385,2,2,layer2,VIEW_PARTIAL,1,mask_6_f.ply,3432,4.05,0.0,1.6183987179478947,3.0,1.12,1.24,,,,top_down_z,0.0,none,4.109999999999999,0.03,1.6183987179478947,"upper slot 2 supported by L1[2,3]"
D04_F02_top_new_support3.ply,D04,2,top_new_support3,0,189,1,0,full_L1,VIEW_PARTIAL,0,mask_10_f.ply,3247,1.0,0.0,0.62,0.0,1.22,1.34,0.0,0.0,0.0,top_down_z,0.0,none,,,,full first-layer foundation; movement after L2 activation is collapse-risk abnormality
D04_F02_top_new_support3.ply,D04,2,top_new_support3,1,946,1,1,full_L1,VIEW_PARTIAL,0,mask_12_f.ply,4036,2.2199999999999998,0.0,0.62,0.0,1.22,1.34,0.0,0.0,0.0,top_down_z,0.0,none,,,,full first-layer foundation; movement after L2 activation is collapse-risk abnormality
D04_F02_top_new_support3.ply,D04,2,top_new_support3,2,650,1,2,full_L1,OCCLUDED,0,mask_14_f.ply,1780,3.44,0.0,0.62,0.0,1.22,1.34,0.0,0.0,0.0,top_down_z+upper_occlusion,0.0,none,,,,full first-layer foundation; movement after L2 activation is collapse-risk abnormality
D04_F02_top_new_support3.ply,D04,2,top_new_support3,3,503,1,3,full_L1,OCCLUDED,0,mask_1_f.ply,206,4.66,0.0,0.62,0.0,1.22,1.34,0.0,0.0,0.0,top_down_z+upper_occlusion,0.0,none,,,,full first-layer foundation; movement after L2 activation is collapse-risk abnormality
D04_F02_top_new_support3.ply,D04,2,top_new_support3,4,715,1,4,full_L1,OCCLUDED,0,mask_5_f.ply,2389,5.88,0.0,0.62,0.0,1.22,1.34,0.0,0.0,0.0,top_down_z+upper_occlusion,0.0,none,,,,full first-layer foundation; movement after L2 activation is collapse-risk abnormality
D04_F02_top_new_support3.ply,D04,2,top_new_support3,5,911,1,5,full_L1,VIEW_PARTIAL,0,mask_6_f.ply,3359,7.1,0.0,0.62,0.0,1.22,1.34,0.0,0.0,0.0,top_down_z,0.0,none,,,,full first-layer foundation; movement after L2 activation is collapse-risk abnormality
D04_F02_top_new_support3.ply,D04,2,top_new_support3,6,191,1,6,full_L1,VIEW_PARTIAL,0,mask_7_f.ply,3271,8.32,0.0,0.62,0.0,1.22,1.34,0.0,0.0,0.0,top_down_z,0.0,none,,,,full first-layer foundation; movement after L2 activation is collapse-risk abnormality
D04_F02_top_new_support3.ply,D04,2,top_new_support3,7,913,1,7,full_L1,VIEW_PARTIAL,0,mask_10_f.ply,2945,9.54,0.0,0.62,0.0,1.22,1.34,0.0,0.0,0.0,top_down_z,0.0,none,,,,full first-layer foundation; movement after L2 activation is collapse-risk abnormality
D04_F02_top_new_support3.ply,D04,2,top_new_support3,8,762,1,8,full_L1,VIEW_PARTIAL,0,mask_12_f.ply,4100,10.76,0.0,0.62,0.0,1.22,1.34,0.0,0.0,0.0,top_down_z,0.0,none,,,,full first-layer foundation; movement after L2 activation is collapse-risk abnormality
D04_F02_top_new_support3.ply,D04,2,top_new_support3,9,547,1,9,full_L1,VIEW_PARTIAL,0,mask_14_f.ply,3297,11.98,0.0,0.62,0.0,1.22,1.34,0.0,0.0,0.0,top_down_z,0.0,none,,,,full first-layer foundation; movement after L2 activation is collapse-risk abnormality
D04_F02_top_new_support3.ply,D04,2,top_new_support3,12,781,2,2,layer2,VIEW_PARTIAL,0,mask_6_f.ply,3368,4.08,0.0,1.6183987179478947,0.0,1.12,1.24,0.03000000000000025,0.0,0.0,top_down_z,0.0,none,,,,"upper slot 2 supported by L1[2,3]"
D04_F02_top_new_support3.ply,D04,2,top_new_support3,13,703,2,3,layer2,VIEW_PARTIAL,1,mask_7_f.ply,3530,5.27,0.0,1.6183987179478947,-3.5,1.12,1.24,,,,top_down_z,0.0,none,5.21,0.03,1.6183987179478947,"upper slot 3 supported by L1[3,4]"
D04_F03_top_upper_motion.ply,D04,3,top_upper_motion,0,448,1,0,full_L1,VIEW_PARTIAL,0,mask_10_f.ply,3226,1.0,0.0,0.62,0.0,1.22,1.34,0.0,0.0,0.0,top_down_z,0.0,none,,,,full first-layer foundation; movement after L2 activation is collapse-risk abnormality
D04_F03_top_upper_motion.ply,D04,3,top_upper_motion,1,462,1,1,full_L1,VIEW_PARTIAL,0,mask_12_f.ply,4043,2.2199999999999998,0.0,0.62,0.0,1.22,1.34,0.0,0.0,0.0,top_down_z,0.0,none,,,,full first-layer foundation; movement after L2 activation is collapse-risk abnormality
D04_F03_top_upper_motion.ply,D04,3,top_upper_motion,2,331,1,2,full_L1,OCCLUDED,0,mask_14_f.ply,1920,3.44,0.0,0.62,0.0,1.22,1.34,0.0,0.0,0.0,top_down_z+upper_occlusion,0.0,none,,,,full first-layer foundation; movement after L2 activation is collapse-risk abnormality
D04_F03_top_upper_motion.ply,D04,3,top_upper_motion,3,573,1,3,full_L1,OCCLUDED,0,mask_1_f.ply,206,4.66,0.0,0.62,0.0,1.22,1.34,0.0,0.0,0.0,top_down_z+upper_occlusion,0.0,none,,,,full first-layer foundation; movement after L2 activation is collapse-risk abnormality
D04_F03_top_upper_motion.ply,D04,3,top_upper_motion,4,826,1,4,full_L1,OCCLUDED,0,mask_5_f.ply,2648,5.88,0.0,0.62,0.0,1.22,1.34,0.0,0.0,0.0,top_down_z+upper_occlusion,0.0,none,,,,full first-layer foundation; movement after L2 activation is collapse-risk abnormality
D04_F03_top_upper_motion.ply,D04,3,top_upper_motion,5,922,1,5,full_L1,VIEW_PARTIAL,0,mask_6_f.ply,3354,7.1,0.0,0.62,0.0,1.22,1.34,0.0,0.0,0.0,top_down_z,0.0,none,,,,full first-layer foundation; movement after L2 activation is collapse-risk abnormality
D04_F03_top_upper_motion.ply,D04,3,top_upper_motion,6,387,1,6,full_L1,VIEW_PARTIAL,0,mask_7_f.ply,2987,8.32,0.0,0.62,0.0,1.22,1.34,0.0,0.0,0.0,top_down_z,0.0,none,,,,full first-layer foundation; movement after L2 activation is collapse-risk abnormality
D04_F03_top_upper_motion.ply,D04,3,top_upper_motion,7,297,1,7,full_L1,VIEW_PARTIAL,0,mask_10_f.ply,3217,9.54,0.0,0.62,0.0,1.22,1.34,0.0,0.0,0.0,top_down_z,0.0,none,,,,full first-layer foundation; movement after L2 activation is collapse-risk abnormality
D04_F03_top_upper_motion.ply,D04,3,top_upper_motion,8,124,1,8,full_L1,VIEW_PARTIAL,0,mask_12_f.ply,4023,10.76,0.0,0.62,0.0,1.22,1.34,0.0,0.0,0.0,top_down_z,0.0,none,,,,full first-layer foundation; movement after L2 activation is collapse-risk abnormality
D04_F03_top_upper_motion.ply,D04,3,top_upper_motion,9,708,1,9,full_L1,VIEW_PARTIAL,0,mask_14_f.ply,3323,11.98,0.0,0.62,0.0,1.22,1.34,0.0,0.0,0.0,top_down_z,0.0,none,,,,full first-layer foundation; movement after L2 activation is collapse-risk abnormality
D04_F03_top_upper_motion.ply,D04,3,top_upper_motion,12,823,2,2,layer2,VIEW_PARTIAL,0,mask_6_f.ply,3330,4.13,0.0,1.6183987179478947,4.0,1.12,1.24,0.04999999999999982,0.0,0.0,top_down_z,0.0,none,,,,"upper slot 2 supported by L1[2,3]"
D04_F03_top_upper_motion.ply,D04,3,top_upper_motion,13,203,2,3,layer2,VIEW_PARTIAL,0,mask_7_f.ply,3372,5.199999999999999,0.0,1.6183987179478947,-4.0,1.12,1.24,-0.07000000000000028,0.0,0.0,top_down_z,0.0,none,,,,"upper slot 3 supported by L1[3,4]"
D05_F00_bootstrap_double_layer.ply,D05,0,bootstrap_double_layer,0,460,1,0,full_L1,VISIBLE,0,mask_10_f.ply,5679,1.0,0.0,0.62,0.0,1.22,1.34,,,,roll_mild,0.0,none,,,,full first-layer foundation; movement after L2 activation is collapse-risk abnormality
D05_F00_bootstrap_double_layer.ply,D05,0,bootstrap_double_layer,1,987,1,1,full_L1,VISIBLE,0,mask_12_f.ply,7608,2.2199999999999998,0.0,0.62,0.0,1.22,1.34,,,,normal,0.0,none,,,,full first-layer foundation; movement after L2 activation is collapse-risk abnormality
D05_F00_bootstrap_double_layer.ply,D05,0,bootstrap_double_layer,2,496,1,2,full_L1,VISIBLE,0,mask_14_f.ply,7339,3.44,0.0,0.62,0.0,1.22,1.34,,,,normal,0.0,none,,,,full first-layer foundation; movement after L2 activation is collapse-risk abnormality
D05_F00_bootstrap_double_layer.ply,D05,0,bootstrap_double_layer,3,292,1,3,full_L1,VISIBLE,0,mask_1_f.ply,8255,4.66,0.0,0.62,0.0,1.22,1.34,,,,normal,0.0,none,,,,full first-layer foundation; movement after L2 activation is collapse-risk abnormality
D05_F00_bootstrap_double_layer.ply,D05,0,bootstrap_double_layer,4,446,1,4,full_L1,VISIBLE,0,mask_5_f.ply,8733,5.88,0.0,0.62,0.0,1.22,1.34,,,,normal,0.0,none,,,,full first-layer foundation; movement after L2 activation is collapse-risk abnormality
D05_F00_bootstrap_double_layer.ply,D05,0,bootstrap_double_layer,5,878,1,5,full_L1,VISIBLE,0,mask_6_f.ply,6518,7.1,0.0,0.62,0.0,1.22,1.34,,,,normal,0.0,none,,,,full first-layer foundation; movement after L2 activation is collapse-risk abnormality
D05_F00_bootstrap_double_layer.ply,D05,0,bootstrap_double_layer,6,665,1,6,full_L1,VISIBLE,0,mask_7_f.ply,7117,8.32,0.0,0.62,0.0,1.22,1.34,,,,normal,0.0,none,,,,full first-layer foundation; movement after L2 activation is collapse-risk abnormality
D05_F00_bootstrap_double_layer.ply,D05,0,bootstrap_double_layer,7,307,1,7,full_L1,VISIBLE,0,mask_10_f.ply,5835,9.54,0.0,0.62,0.0,1.22,1.34,,,,normal,0.0,none,,,,full first-layer foundation; movement after L2 activation is collapse-risk abnormality
D05_F00_bootstrap_double_layer.ply,D05,0,bootstrap_double_layer,8,724,1,8,full_L1,VISIBLE,0,mask_12_f.ply,7608,10.76,0.0,0.62,0.0,1.22,1.34,,,,normal,0.0,none,,,,full first-layer foundation; movement after L2 activation is collapse-risk abnormality
D05_F00_bootstrap_double_layer.ply,D05,0,bootstrap_double_layer,9,653,1,9,full_L1,VISIBLE,0,mask_14_f.ply,7129,11.98,0.0,0.62,0.0,1.22,1.34,,,,roll_mild,0.0,none,,,,full first-layer foundation; movement after L2 activation is collapse-risk abnormality
D05_F00_bootstrap_double_layer.ply,D05,0,bootstrap_double_layer,11,567,2,1,layer2,VISIBLE,0,mask_5_f.ply,8733,2.83,0.0,1.6183987179478947,2.0,1.12,1.24,,,,normal,0.0,none,,,,"upper slot 1 supported by L1[1,2]"
D05_F00_bootstrap_double_layer.ply,D05,0,bootstrap_double_layer,13,258,2,3,layer2,VISIBLE,0,mask_7_f.ply,7117,5.27,0.0,1.6183987179478947,-3.0,1.12,1.24,,,,normal,0.0,none,,,,"upper slot 3 supported by L1[3,4]"
D05_F00_bootstrap_double_layer.ply,D05,0,bootstrap_double_layer,15,899,2,5,layer2,VISIBLE,0,mask_12_f.ply,7608,7.71,0.0,1.6183987179478947,4.0,1.12,1.24,,,,normal,0.0,none,,,,"upper slot 5 supported by L1[5,6]"
D05_F01_bootstrap_then_new_support7.ply,D05,1,bootstrap_then_new_support7,0,765,1,0,full_L1,VISIBLE,0,mask_10_f.ply,5835,1.0,0.0,0.62,0.0,1.22,1.34,0.0,0.0,0.0,normal,0.0,none,,,,full first-layer foundation; movement after L2 activation is collapse-risk abnormality
D05_F01_bootstrap_then_new_support7.ply,D05,1,bootstrap_then_new_support7,1,115,1,1,full_L1,VISIBLE,0,mask_12_f.ply,7608,2.2199999999999998,0.0,0.62,0.0,1.22,1.34,0.0,0.0,0.0,normal,0.0,none,,,,full first-layer foundation; movement after L2 activation is collapse-risk abnormality
D05_F01_bootstrap_then_new_support7.ply,D05,1,bootstrap_then_new_support7,2,955,1,2,full_L1,VISIBLE,0,mask_14_f.ply,7339,3.44,0.0,0.62,0.0,1.22,1.34,0.0,0.0,0.0,normal,0.0,none,,,,full first-layer foundation; movement after L2 activation is collapse-risk abnormality
D05_F01_bootstrap_then_new_support7.ply,D05,1,bootstrap_then_new_support7,3,643,1,3,full_L1,VISIBLE,0,mask_1_f.ply,8255,4.66,0.0,0.62,0.0,1.22,1.34,0.0,0.0,0.0,normal,0.0,none,,,,full first-layer foundation; movement after L2 activation is collapse-risk abnormality
D05_F01_bootstrap_then_new_support7.ply,D05,1,bootstrap_then_new_support7,4,735,1,4,full_L1,VISIBLE,0,mask_5_f.ply,8733,5.88,0.0,0.62,0.0,1.22,1.34,0.0,0.0,0.0,normal,0.0,none,,,,full first-layer foundation; movement after L2 activation is collapse-risk abnormality
D05_F01_bootstrap_then_new_support7.ply,D05,1,bootstrap_then_new_support7,5,250,1,5,full_L1,VISIBLE,0,mask_6_f.ply,6518,7.1,0.0,0.62,0.0,1.22,1.34,0.0,0.0,0.0,normal,0.0,none,,,,full first-layer foundation; movement after L2 activation is collapse-risk abnormality
D05_F01_bootstrap_then_new_support7.ply,D05,1,bootstrap_then_new_support7,6,872,1,6,full_L1,VISIBLE,0,mask_7_f.ply,7117,8.32,0.0,0.62,0.0,1.22,1.34,0.0,0.0,0.0,normal,0.0,none,,,,full first-layer foundation; movement after L2 activation is collapse-risk abnormality
D05_F01_bootstrap_then_new_support7.ply,D05,1,bootstrap_then_new_support7,7,436,1,7,full_L1,VISIBLE,0,mask_10_f.ply,5835,9.54,0.0,0.62,0.0,1.22,1.34,0.0,0.0,0.0,normal,0.0,none,,,,full first-layer foundation; movement after L2 activation is collapse-risk abnormality
D05_F01_bootstrap_then_new_support7.ply,D05,1,bootstrap_then_new_support7,8,519,1,8,full_L1,VISIBLE,0,mask_12_f.ply,7354,10.76,0.0,0.62,0.0,1.22,1.34,0.0,0.0,0.0,roll_mild,0.0,none,,,,full first-layer foundation; movement after L2 activation is collapse-risk abnormality
D05_F01_bootstrap_then_new_support7.ply,D05,1,bootstrap_then_new_support7,9,160,1,9,full_L1,VISIBLE,0,mask_14_f.ply,7339,11.98,0.0,0.62,0.0,1.22,1.34,0.0,0.0,0.0,normal,0.0,none,,,,full first-layer foundation; movement after L2 activation is collapse-risk abnormality
D05_F01_bootstrap_then_new_support7.ply,D05,1,bootstrap_then_new_support7,11,308,2,1,layer2,VISIBLE,0,mask_5_f.ply,8733,2.86,0.0,1.6183987179478947,0.0,1.12,1.24,0.029999999999999805,0.0,0.0,normal,0.0,none,,,,"upper slot 1 supported by L1[1,2]"
D05_F01_bootstrap_then_new_support7.ply,D05,1,bootstrap_then_new_support7,13,528,2,3,layer2,VISIBLE,0,mask_7_f.ply,7117,5.2299999999999995,0.0,1.6183987179478947,0.0,1.12,1.24,-0.040000000000000036,0.0,0.0,normal,0.0,none,,,,"upper slot 3 supported by L1[3,4]"
D05_F01_bootstrap_then_new_support7.ply,D05,1,bootstrap_then_new_support7,15,634,2,5,layer2,VISIBLE,0,mask_12_f.ply,7608,7.71,0.0,1.6183987179478947,0.0,1.12,1.24,0.0,0.0,0.0,normal,0.0,none,,,,"upper slot 5 supported by L1[5,6]"
D05_F01_bootstrap_then_new_support7.ply,D05,1,bootstrap_then_new_support7,17,502,2,7,layer2,VISIBLE,1,mask_1_f.ply,8255,10.149999999999999,0.0,1.6183987179478947,-4.0,1.12,1.24,,,,normal,0.0,none,10.089999999999998,0.03,1.6183987179478947,"upper slot 7 supported by L1[7,8]"
D05_F02_bootstrap_followup.ply,D05,2,bootstrap_followup,0,547,1,0,full_L1,VISIBLE,0,mask_10_f.ply,5835,1.0,0.0,0.62,0.0,1.22,1.34,0.0,0.0,0.0,normal,0.0,none,,,,full first-layer foundation; movement after L2 activation is collapse-risk abnormality
D05_F02_bootstrap_followup.ply,D05,2,bootstrap_followup,1,354,1,1,full_L1,VISIBLE,0,mask_12_f.ply,7608,2.2199999999999998,0.0,0.62,0.0,1.22,1.34,0.0,0.0,0.0,normal,0.0,none,,,,full first-layer foundation; movement after L2 activation is collapse-risk abnormality
D05_F02_bootstrap_followup.ply,D05,2,bootstrap_followup,2,181,1,2,full_L1,VISIBLE,0,mask_14_f.ply,7339,3.44,0.0,0.62,0.0,1.22,1.34,0.0,0.0,0.0,normal,0.0,none,,,,full first-layer foundation; movement after L2 activation is collapse-risk abnormality
D05_F02_bootstrap_followup.ply,D05,2,bootstrap_followup,3,881,1,3,full_L1,VISIBLE,0,mask_1_f.ply,8255,4.66,0.0,0.62,0.0,1.22,1.34,0.0,0.0,0.0,normal,0.0,none,,,,full first-layer foundation; movement after L2 activation is collapse-risk abnormality
D05_F02_bootstrap_followup.ply,D05,2,bootstrap_followup,4,569,1,4,full_L1,VISIBLE,0,mask_5_f.ply,8733,5.88,0.0,0.62,0.0,1.22,1.34,0.0,0.0,0.0,normal,0.0,none,,,,full first-layer foundation; movement after L2 activation is collapse-risk abnormality
D05_F02_bootstrap_followup.ply,D05,2,bootstrap_followup,5,514,1,5,full_L1,VISIBLE,0,mask_6_f.ply,6518,7.1,0.0,0.62,0.0,1.22,1.34,0.0,0.0,0.0,normal,0.0,none,,,,full first-layer foundation; movement after L2 activation is collapse-risk abnormality
D05_F02_bootstrap_followup.ply,D05,2,bootstrap_followup,6,190,1,6,full_L1,VISIBLE,0,mask_7_f.ply,7117,8.32,0.0,0.62,0.0,1.22,1.34,0.0,0.0,0.0,normal,0.0,none,,,,full first-layer foundation; movement after L2 activation is collapse-risk abnormality
D05_F02_bootstrap_followup.ply,D05,2,bootstrap_followup,7,594,1,7,full_L1,VISIBLE,0,mask_10_f.ply,5631,9.54,0.0,0.62,0.0,1.22,1.34,0.0,0.0,0.0,roll_mild,0.0,none,,,,full first-layer foundation; movement after L2 activation is collapse-risk abnormality
D05_F02_bootstrap_followup.ply,D05,2,bootstrap_followup,8,111,1,8,full_L1,VISIBLE,0,mask_12_f.ply,7608,10.76,0.0,0.62,0.0,1.22,1.34,0.0,0.0,0.0,normal,0.0,none,,,,full first-layer foundation; movement after L2 activation is collapse-risk abnormality
D05_F02_bootstrap_followup.ply,D05,2,bootstrap_followup,9,622,1,9,full_L1,VISIBLE,0,mask_14_f.ply,7339,11.98,0.0,0.62,0.0,1.22,1.34,0.0,0.0,0.0,normal,0.0,none,,,,full first-layer foundation; movement after L2 activation is collapse-risk abnormality
D05_F02_bootstrap_followup.ply,D05,2,bootstrap_followup,11,302,2,1,layer2,VISIBLE,0,mask_5_f.ply,8733,2.89,0.0,1.6183987179478947,0.0,1.12,1.24,0.03000000000000025,0.0,0.0,normal,0.0,none,,,,"upper slot 1 supported by L1[1,2]"
D05_F02_bootstrap_followup.ply,D05,2,bootstrap_followup,13,896,2,3,layer2,VISIBLE,0,mask_7_f.ply,7117,5.25,0.0,1.6183987179478947,0.0,1.12,1.24,0.020000000000000462,0.0,0.0,normal,0.0,none,,,,"upper slot 3 supported by L1[3,4]"
D05_F02_bootstrap_followup.ply,D05,2,bootstrap_followup,15,423,2,5,layer2,VISIBLE,0,mask_12_f.ply,7608,7.71,0.0,1.6183987179478947,2.0,1.12,1.24,0.0,0.0,0.0,normal,0.0,none,,,,"upper slot 5 supported by L1[5,6]"
D05_F02_bootstrap_followup.ply,D05,2,bootstrap_followup,17,642,2,7,layer2,VISIBLE,0,mask_1_f.ply,8255,10.189999999999998,0.0,1.6183987179478947,0.0,1.12,1.24,0.03999999999999915,0.0,0.0,normal,0.0,none,,,,"upper slot 7 supported by L1[7,8]"
D06_F00_bootstrap_topdown_heavy.ply,D06,0,bootstrap_topdown_heavy,0,304,1,0,full_L1,OCCLUDED,0,mask_10_f.ply,1780,1.0,0.0,0.62,0.0,1.22,1.34,,,,top_down_z+upper_occlusion,0.0,none,,,,full first-layer foundation; movement after L2 activation is collapse-risk abnormality
D06_F00_bootstrap_topdown_heavy.ply,D06,0,bootstrap_topdown_heavy,1,846,1,1,full_L1,OCCLUDED,0,mask_12_f.ply,190,2.2199999999999998,0.0,0.62,0.0,1.22,1.34,,,,top_down_z+upper_occlusion,0.0,none,,,,full first-layer foundation; movement after L2 activation is collapse-risk abnormality
D06_F00_bootstrap_topdown_heavy.ply,D06,0,bootstrap_topdown_heavy,2,702,1,2,full_L1,OCCLUDED,0,mask_14_f.ply,183,3.44,0.0,0.62,0.0,1.22,1.34,,,,top_down_z+upper_occlusion,0.0,none,,,,full first-layer foundation; movement after L2 activation is collapse-risk abnormality
D06_F00_bootstrap_topdown_heavy.ply,D06,0,bootstrap_topdown_heavy,3,111,1,3,full_L1,OCCLUDED,0,mask_1_f.ply,234,4.66,0.0,0.62,0.0,1.22,1.34,,,,top_down_z+upper_occlusion,0.0,none,,,,full first-layer foundation; movement after L2 activation is collapse-risk abnormality
D06_F00_bootstrap_topdown_heavy.ply,D06,0,bootstrap_topdown_heavy,4,289,1,4,full_L1,OCCLUDED,0,mask_5_f.ply,400,5.88,0.0,0.62,0.0,1.22,1.34,,,,top_down_z+upper_occlusion,0.0,none,,,,full first-layer foundation; movement after L2 activation is collapse-risk abnormality
D06_F00_bootstrap_topdown_heavy.ply,D06,0,bootstrap_topdown_heavy,5,378,1,5,full_L1,OCCLUDED,0,mask_6_f.ply,331,7.1,0.0,0.62,0.0,1.22,1.34,,,,top_down_z+upper_occlusion,0.0,none,,,,full first-layer foundation; movement after L2 activation is collapse-risk abnormality
D06_F00_bootstrap_topdown_heavy.ply,D06,0,bootstrap_topdown_heavy,6,635,1,6,full_L1,OCCLUDED,0,mask_7_f.ply,178,8.32,0.0,0.62,0.0,1.22,1.34,,,,top_down_z+upper_occlusion,0.0,none,,,,full first-layer foundation; movement after L2 activation is collapse-risk abnormality
D06_F00_bootstrap_topdown_heavy.ply,D06,0,bootstrap_topdown_heavy,7,596,1,7,full_L1,OCCLUDED,0,mask_10_f.ply,1446,9.54,0.0,0.62,0.0,1.22,1.34,,,,top_down_z+upper_occlusion,0.0,none,,,,full first-layer foundation; movement after L2 activation is collapse-risk abnormality
D06_F00_bootstrap_topdown_heavy.ply,D06,0,bootstrap_topdown_heavy,8,750,1,8,full_L1,VIEW_PARTIAL,0,mask_12_f.ply,4062,10.76,0.0,0.62,0.0,1.22,1.34,,,,top_down_z,0.0,none,,,,full first-layer foundation; movement after L2 activation is collapse-risk abnormality
D06_F00_bootstrap_topdown_heavy.ply,D06,0,bootstrap_topdown_heavy,9,218,1,9,full_L1,VIEW_PARTIAL,0,mask_14_f.ply,3061,11.98,0.0,0.62,0.0,1.22,1.34,,,,top_down_z,0.0,none,,,,full first-layer foundation; movement after L2 activation is collapse-risk abnormality
D06_F00_bootstrap_topdown_heavy.ply,D06,0,bootstrap_topdown_heavy,10,456,2,0,layer2,VIEW_PARTIAL,0,mask_1_f.ply,3722,1.6099999999999999,0.0,1.6183987179478947,0.0,1.12,1.24,,,,top_down_z,0.0,none,,,,"upper slot 0 supported by L1[0,1]"
D06_F00_bootstrap_topdown_heavy.ply,D06,0,bootstrap_topdown_heavy,11,211,2,1,layer2,VIEW_PARTIAL,0,mask_5_f.ply,4394,2.83,0.0,1.6183987179478947,0.0,1.12,1.24,,,,top_down_z,0.0,none,,,,"upper slot 1 supported by L1[1,2]"
D06_F00_bootstrap_topdown_heavy.ply,D06,0,bootstrap_topdown_heavy,12,225,2,2,layer2,VIEW_PARTIAL,0,mask_6_f.ply,3414,4.05,0.0,1.6183987179478947,0.0,1.12,1.24,,,,top_down_z,0.0,none,,,,"upper slot 2 supported by L1[2,3]"
D06_F00_bootstrap_topdown_heavy.ply,D06,0,bootstrap_topdown_heavy,13,830,2,3,layer2,VIEW_PARTIAL,0,mask_7_f.ply,3527,5.27,0.0,1.6183987179478947,0.0,1.12,1.24,,,,top_down_z,0.0,none,,,,"upper slot 3 supported by L1[3,4]"
D06_F00_bootstrap_topdown_heavy.ply,D06,0,bootstrap_topdown_heavy,14,665,2,4,layer2,VIEW_PARTIAL,0,mask_10_f.ply,3264,6.49,0.0,1.6183987179478947,0.0,1.12,1.24,,,,top_down_z,0.0,none,,,,"upper slot 4 supported by L1[4,5]"
D06_F00_bootstrap_topdown_heavy.ply,D06,0,bootstrap_topdown_heavy,15,799,2,5,layer2,VIEW_PARTIAL,0,mask_12_f.ply,4174,7.71,0.0,1.6183987179478947,0.0,1.12,1.24,,,,top_down_z,0.0,none,,,,"upper slot 5 supported by L1[5,6]"
D06_F00_bootstrap_topdown_heavy.ply,D06,0,bootstrap_topdown_heavy,16,322,2,6,layer2,VIEW_PARTIAL,0,mask_14_f.ply,3374,8.93,0.0,1.6183987179478947,0.0,1.12,1.24,,,,top_down_z,0.0,none,,,,"upper slot 6 supported by L1[6,7]"
D06_F01_topdown_add_eighth.ply,D06,1,topdown_add_eighth,0,684,1,0,full_L1,OCCLUDED,0,mask_10_f.ply,1927,1.0,0.0,0.62,0.0,1.22,1.34,0.0,0.0,0.0,top_down_z+upper_occlusion,0.0,none,,,,full first-layer foundation; movement after L2 activation is collapse-risk abnormality
D06_F01_topdown_add_eighth.ply,D06,1,topdown_add_eighth,1,914,1,1,full_L1,OCCLUDED,0,mask_12_f.ply,212,2.2199999999999998,0.0,0.62,0.0,1.22,1.34,0.0,0.0,0.0,top_down_z+upper_occlusion,0.0,none,,,,full first-layer foundation; movement after L2 activation is collapse-risk abnormality
D06_F01_topdown_add_eighth.ply,D06,1,topdown_add_eighth,2,892,1,2,full_L1,OCCLUDED,0,mask_14_f.ply,201,3.44,0.0,0.62,0.0,1.22,1.34,0.0,0.0,0.0,top_down_z+upper_occlusion,0.0,none,,,,full first-layer foundation; movement after L2 activation is collapse-risk abnormality
D06_F01_topdown_add_eighth.ply,D06,1,topdown_add_eighth,3,401,1,3,full_L1,OCCLUDED,0,mask_1_f.ply,253,4.66,0.0,0.62,0.0,1.22,1.34,0.0,0.0,0.0,top_down_z+upper_occlusion,0.0,none,,,,full first-layer foundation; movement after L2 activation is collapse-risk abnormality
D06_F01_topdown_add_eighth.ply,D06,1,topdown_add_eighth,4,319,1,4,full_L1,OCCLUDED,0,mask_5_f.ply,340,5.88,0.0,0.62,0.0,1.22,1.34,0.0,0.0,0.0,top_down_z+upper_occlusion,0.0,none,,,,full first-layer foundation; movement after L2 activation is collapse-risk abnormality
D06_F01_topdown_add_eighth.ply,D06,1,topdown_add_eighth,5,218,1,5,full_L1,OCCLUDED,0,mask_6_f.ply,265,7.1,0.0,0.62,0.0,1.22,1.34,0.0,0.0,0.0,top_down_z+upper_occlusion,0.0,none,,,,full first-layer foundation; movement after L2 activation is collapse-risk abnormality
D06_F01_topdown_add_eighth.ply,D06,1,topdown_add_eighth,6,733,1,6,full_L1,OCCLUDED,0,mask_7_f.ply,184,8.32,0.0,0.62,0.0,1.22,1.34,0.0,0.0,0.0,top_down_z+upper_occlusion,0.0,none,,,,full first-layer foundation; movement after L2 activation is collapse-risk abnormality
D06_F01_topdown_add_eighth.ply,D06,1,topdown_add_eighth,7,416,1,7,full_L1,OCCLUDED,0,mask_10_f.ply,197,9.54,0.0,0.62,0.0,1.22,1.34,0.0,0.0,0.0,top_down_z+upper_occlusion,0.0,none,,,,full first-layer foundation; movement after L2 activation is collapse-risk abnormality
D06_F01_topdown_add_eighth.ply,D06,1,topdown_add_eighth,8,832,1,8,full_L1,OCCLUDED,0,mask_12_f.ply,1805,10.76,0.0,0.62,0.0,1.22,1.34,0.0,0.0,0.0,top_down_z+upper_occlusion,0.0,none,,,,full first-layer foundation; movement after L2 activation is collapse-risk abnormality
D06_F01_topdown_add_eighth.ply,D06,1,topdown_add_eighth,9,273,1,9,full_L1,VIEW_PARTIAL,0,mask_14_f.ply,3304,11.98,0.0,0.62,0.0,1.22,1.34,0.0,0.0,0.0,top_down_z,0.0,none,,,,full first-layer foundation; movement after L2 activation is collapse-risk abnormality
D06_F01_topdown_add_eighth.ply,D06,1,topdown_add_eighth,10,568,2,0,layer2,VIEW_PARTIAL,0,mask_1_f.ply,3750,1.6099999999999999,0.0,1.6183987179478947,0.0,1.12,1.24,0.0,0.0,0.0,top_down_z,0.0,none,,,,"upper slot 0 supported by L1[0,1]"
D06_F01_topdown_add_eighth.ply,D06,1,topdown_add_eighth,11,215,2,1,layer2,VIEW_PARTIAL,0,mask_5_f.ply,4408,2.85,0.0,1.6183987179478947,0.0,1.12,1.24,0.020000000000000018,0.0,0.0,top_down_z,0.0,none,,,,"upper slot 1 supported by L1[1,2]"
D06_F01_topdown_add_eighth.ply,D06,1,topdown_add_eighth,12,415,2,2,layer2,VIEW_PARTIAL,0,mask_6_f.ply,3386,4.05,0.0,1.6183987179478947,0.0,1.12,1.24,0.0,0.0,0.0,top_down_z,0.0,none,,,,"upper slot 2 supported by L1[2,3]"
D06_F01_topdown_add_eighth.ply,D06,1,topdown_add_eighth,13,691,2,3,layer2,VIEW_PARTIAL,0,mask_7_f.ply,3495,5.27,0.0,1.6183987179478947,2.0,1.12,1.24,0.0,0.0,0.0,top_down_z,0.0,none,,,,"upper slot 3 supported by L1[3,4]"
D06_F01_topdown_add_eighth.ply,D06,1,topdown_add_eighth,14,348,2,4,layer2,VIEW_PARTIAL,0,mask_10_f.ply,3238,6.49,0.0,1.6183987179478947,0.0,1.12,1.24,0.0,0.0,0.0,top_down_z,0.0,none,,,,"upper slot 4 supported by L1[4,5]"
D06_F01_topdown_add_eighth.ply,D06,1,topdown_add_eighth,15,234,2,5,layer2,VIEW_PARTIAL,0,mask_12_f.ply,4157,7.68,0.0,1.6183987179478947,0.0,1.12,1.24,-0.03000000000000025,0.0,0.0,top_down_z,0.0,none,,,,"upper slot 5 supported by L1[5,6]"
D06_F01_topdown_add_eighth.ply,D06,1,topdown_add_eighth,16,986,2,6,layer2,VIEW_PARTIAL,0,mask_14_f.ply,3307,8.93,0.0,1.6183987179478947,0.0,1.12,1.24,0.0,0.0,0.0,top_down_z,0.0,none,,,,"upper slot 6 supported by L1[6,7]"
D06_F01_topdown_add_eighth.ply,D06,1,topdown_add_eighth,17,159,2,7,layer2,VIEW_PARTIAL,1,mask_1_f.ply,3709,10.149999999999999,0.0,1.6183987179478947,-3.0,1.12,1.24,,,,top_down_z,0.0,none,10.089999999999998,0.03,1.6183987179478947,"upper slot 7 supported by L1[7,8]"
D06_F02_topdown_all_eight_settle.ply,D06,2,topdown_all_eight_settle,0,547,1,0,full_L1,OCCLUDED,0,mask_10_f.ply,1986,1.0,0.0,0.62,0.0,1.22,1.34,0.0,0.0,0.0,top_down_z+upper_occlusion,0.0,none,,,,full first-layer foundation; movement after L2 activation is collapse-risk abnormality
D06_F02_topdown_all_eight_settle.ply,D06,2,topdown_all_eight_settle,1,416,1,1,full_L1,OCCLUDED,0,mask_12_f.ply,190,2.2199999999999998,0.0,0.62,0.0,1.22,1.34,0.0,0.0,0.0,top_down_z+upper_occlusion,0.0,none,,,,full first-layer foundation; movement after L2 activation is collapse-risk abnormality
D06_F02_topdown_all_eight_settle.ply,D06,2,topdown_all_eight_settle,2,754,1,2,full_L1,OCCLUDED,0,mask_14_f.ply,183,3.44,0.0,0.62,0.0,1.22,1.34,0.0,0.0,0.0,top_down_z+upper_occlusion,0.0,none,,,,full first-layer foundation; movement after L2 activation is collapse-risk abnormality
D06_F02_topdown_all_eight_settle.ply,D06,2,topdown_all_eight_settle,3,923,1,3,full_L1,OCCLUDED,0,mask_1_f.ply,269,4.66,0.0,0.62,0.0,1.22,1.34,0.0,0.0,0.0,top_down_z+upper_occlusion,0.0,none,,,,full first-layer foundation; movement after L2 activation is collapse-risk abnormality
D06_F02_topdown_all_eight_settle.ply,D06,2,topdown_all_eight_settle,4,469,1,4,full_L1,OCCLUDED,0,mask_5_f.ply,419,5.88,0.0,0.62,0.0,1.22,1.34,0.0,0.0,0.0,top_down_z+upper_occlusion,0.0,none,,,,full first-layer foundation; movement after L2 activation is collapse-risk abnormality
D06_F02_topdown_all_eight_settle.ply,D06,2,topdown_all_eight_settle,5,821,1,5,full_L1,OCCLUDED,0,mask_6_f.ply,268,7.1,0.0,0.62,0.0,1.22,1.34,0.0,0.0,0.0,top_down_z+upper_occlusion,0.0,none,,,,full first-layer foundation; movement after L2 activation is collapse-risk abnormality
D06_F02_topdown_all_eight_settle.ply,D06,2,topdown_all_eight_settle,6,822,1,6,full_L1,OCCLUDED,0,mask_7_f.ply,178,8.32,0.0,0.62,0.0,1.22,1.34,0.0,0.0,0.0,top_down_z+upper_occlusion,0.0,none,,,,full first-layer foundation; movement after L2 activation is collapse-risk abnormality
D06_F02_topdown_all_eight_settle.ply,D06,2,topdown_all_eight_settle,7,490,1,7,full_L1,OCCLUDED,0,mask_10_f.ply,142,9.54,0.0,0.62,0.0,1.22,1.34,0.0,0.0,0.0,top_down_z+upper_occlusion,0.0,none,,,,full first-layer foundation; movement after L2 activation is collapse-risk abnormality
D06_F02_topdown_all_eight_settle.ply,D06,2,topdown_all_eight_settle,8,849,1,8,full_L1,OCCLUDED,0,mask_12_f.ply,2063,10.76,0.0,0.62,0.0,1.22,1.34,0.0,0.0,0.0,top_down_z+upper_occlusion,0.0,none,,,,full first-layer foundation; movement after L2 activation is collapse-risk abnormality
D06_F02_topdown_all_eight_settle.ply,D06,2,topdown_all_eight_settle,9,715,1,9,full_L1,VIEW_PARTIAL,0,mask_14_f.ply,3382,11.98,0.0,0.62,0.0,1.22,1.34,0.0,0.0,0.0,top_down_z,0.0,none,,,,full first-layer foundation; movement after L2 activation is collapse-risk abnormality
D06_F02_topdown_all_eight_settle.ply,D06,2,topdown_all_eight_settle,10,681,2,0,layer2,VIEW_PARTIAL,0,mask_1_f.ply,3759,1.63,0.0,1.6183987179478947,0.0,1.12,1.24,0.020000000000000018,0.0,0.0,top_down_z,0.0,none,,,,"upper slot 0 supported by L1[0,1]"
D06_F02_topdown_all_eight_settle.ply,D06,2,topdown_all_eight_settle,11,933,2,1,layer2,VIEW_PARTIAL,0,mask_5_f.ply,4304,2.83,0.0,1.6183987179478947,0.0,1.12,1.24,-0.020000000000000018,0.0,0.0,top_down_z,0.0,none,,,,"upper slot 1 supported by L1[1,2]"
D06_F02_topdown_all_eight_settle.ply,D06,2,topdown_all_eight_settle,12,627,2,2,layer2,VIEW_PARTIAL,0,mask_6_f.ply,3427,4.03,0.0,1.6183987179478947,0.0,1.12,1.24,-0.019999999999999574,0.0,0.0,top_down_z,0.0,none,,,,"upper slot 2 supported by L1[2,3]"
D06_F02_topdown_all_eight_settle.ply,D06,2,topdown_all_eight_settle,13,396,2,3,layer2,VIEW_PARTIAL,0,mask_7_f.ply,3461,5.27,0.0,1.6183987179478947,0.0,1.12,1.24,0.0,0.0,0.0,top_down_z,0.0,none,,,,"upper slot 3 supported by L1[3,4]"
D06_F02_topdown_all_eight_settle.ply,D06,2,topdown_all_eight_settle,14,571,2,4,layer2,VIEW_PARTIAL,0,mask_10_f.ply,3256,6.5200000000000005,0.0,1.6183987179478947,0.0,1.12,1.24,0.03000000000000025,0.0,0.0,top_down_z,0.0,none,,,,"upper slot 4 supported by L1[4,5]"
D06_F02_topdown_all_eight_settle.ply,D06,2,topdown_all_eight_settle,15,514,2,5,layer2,VIEW_PARTIAL,0,mask_12_f.ply,4136,7.71,0.0,1.6183987179478947,0.0,1.12,1.24,0.03000000000000025,0.0,0.0,top_down_z,0.0,none,,,,"upper slot 5 supported by L1[5,6]"
D06_F02_topdown_all_eight_settle.ply,D06,2,topdown_all_eight_settle,16,250,2,6,layer2,VIEW_PARTIAL,0,mask_14_f.ply,3390,8.93,0.0,1.6183987179478947,2.0,1.12,1.24,0.0,0.0,0.0,top_down_z,0.0,none,,,,"upper slot 6 supported by L1[6,7]"
D06_F02_topdown_all_eight_settle.ply,D06,2,topdown_all_eight_settle,17,596,2,7,layer2,VIEW_PARTIAL,0,mask_1_f.ply,3711,10.12,0.0,1.6183987179478947,0.0,1.12,1.24,-0.02999999999999936,0.0,0.0,top_down_z,0.0,none,,,,"upper slot 7 supported by L1[7,8]"
D07_F00_support_identity_start.ply,D07,0,support_identity_start,0,918,1,0,full_L1,VISIBLE,0,mask_10_f.ply,5595,1.0,0.0,0.62,0.0,1.22,1.34,,,,roll_mild,0.0,none,,,,full first-layer foundation; movement after L2 activation is collapse-risk abnormality
D07_F00_support_identity_start.ply,D07,0,support_identity_start,1,714,1,1,full_L1,VISIBLE,0,mask_12_f.ply,7608,2.2199999999999998,0.0,0.62,0.0,1.22,1.34,,,,normal,0.0,none,,,,full first-layer foundation; movement after L2 activation is collapse-risk abnormality
D07_F00_support_identity_start.ply,D07,0,support_identity_start,2,676,1,2,full_L1,VISIBLE,0,mask_14_f.ply,7339,3.44,0.0,0.62,0.0,1.22,1.34,,,,normal,0.0,none,,,,full first-layer foundation; movement after L2 activation is collapse-risk abnormality
D07_F00_support_identity_start.ply,D07,0,support_identity_start,3,844,1,3,full_L1,VISIBLE,0,mask_1_f.ply,8255,4.66,0.0,0.62,0.0,1.22,1.34,,,,normal,0.0,none,,,,full first-layer foundation; movement after L2 activation is collapse-risk abnormality
D07_F00_support_identity_start.ply,D07,0,support_identity_start,4,275,1,4,full_L1,VISIBLE,0,mask_5_f.ply,8733,5.88,0.0,0.62,0.0,1.22,1.34,,,,normal,0.0,none,,,,full first-layer foundation; movement after L2 activation is collapse-risk abnormality
D07_F00_support_identity_start.ply,D07,0,support_identity_start,5,214,1,5,full_L1,VISIBLE,0,mask_6_f.ply,6518,7.1,0.0,0.62,0.0,1.22,1.34,,,,normal,0.0,none,,,,full first-layer foundation; movement after L2 activation is collapse-risk abnormality
D07_F00_support_identity_start.ply,D07,0,support_identity_start,6,179,1,6,full_L1,VISIBLE,0,mask_7_f.ply,7117,8.32,0.0,0.62,0.0,1.22,1.34,,,,normal,0.0,none,,,,full first-layer foundation; movement after L2 activation is collapse-risk abnormality
D07_F00_support_identity_start.ply,D07,0,support_identity_start,7,626,1,7,full_L1,VISIBLE,0,mask_10_f.ply,5835,9.54,0.0,0.62,0.0,1.22,1.34,,,,normal,0.0,none,,,,full first-layer foundation; movement after L2 activation is collapse-risk abnormality
D07_F00_support_identity_start.ply,D07,0,support_identity_start,8,486,1,8,full_L1,VISIBLE,0,mask_12_f.ply,7608,10.76,0.0,0.62,0.0,1.22,1.34,,,,normal,0.0,none,,,,full first-layer foundation; movement after L2 activation is collapse-risk abnormality
D07_F00_support_identity_start.ply,D07,0,support_identity_start,9,527,1,9,full_L1,VISIBLE,0,mask_14_f.ply,7089,11.98,0.0,0.62,0.0,1.22,1.34,,,,roll_mild,0.0,none,,,,full first-layer foundation; movement after L2 activation is collapse-risk abnormality
D07_F00_support_identity_start.ply,D07,0,support_identity_start,10,597,2,0,layer2,VISIBLE,0,mask_1_f.ply,8255,1.6099999999999999,0.0,1.6183987179478947,0.0,1.12,1.24,,,,normal,0.0,none,,,,"upper slot 0 supported by L1[0,1]"
D07_F00_support_identity_start.ply,D07,0,support_identity_start,12,404,2,2,layer2,VISIBLE,0,mask_6_f.ply,6518,4.05,0.0,1.6183987179478947,0.0,1.12,1.24,,,,normal,0.0,none,,,,"upper slot 2 supported by L1[2,3]"
D07_F00_support_identity_start.ply,D07,0,support_identity_start,14,773,2,4,layer2,VISIBLE,0,mask_10_f.ply,5835,6.49,0.0,1.6183987179478947,0.0,1.12,1.24,,,,normal,0.0,none,,,,"upper slot 4 supported by L1[4,5]"
D07_F00_support_identity_start.ply,D07,0,support_identity_start,16,726,2,6,layer2,VISIBLE,0,mask_14_f.ply,7339,8.93,0.0,1.6183987179478947,0.0,1.12,1.24,,,,normal,0.0,none,,,,"upper slot 6 supported by L1[6,7]"
D07_F01_support_offsets.ply,D07,1,support_offsets,0,110,1,0,full_L1,VISIBLE,0,mask_10_f.ply,5835,1.0,0.0,0.62,0.0,1.22,1.34,0.0,0.0,0.0,normal,0.0,none,,,,full first-layer foundation; movement after L2 activation is collapse-risk abnormality
D07_F01_support_offsets.ply,D07,1,support_offsets,1,741,1,1,full_L1,VISIBLE,0,mask_12_f.ply,7608,2.2199999999999998,0.0,0.62,0.0,1.22,1.34,0.0,0.0,0.0,normal,0.0,none,,,,full first-layer foundation; movement after L2 activation is collapse-risk abnormality
D07_F01_support_offsets.ply,D07,1,support_offsets,2,751,1,2,full_L1,VISIBLE,0,mask_14_f.ply,7339,3.44,0.0,0.62,0.0,1.22,1.34,0.0,0.0,0.0,normal,0.0,none,,,,full first-layer foundation; movement after L2 activation is collapse-risk abnormality
D07_F01_support_offsets.ply,D07,1,support_offsets,3,930,1,3,full_L1,VISIBLE,0,mask_1_f.ply,8255,4.66,0.0,0.62,0.0,1.22,1.34,0.0,0.0,0.0,normal,0.0,none,,,,full first-layer foundation; movement after L2 activation is collapse-risk abnormality
D07_F01_support_offsets.ply,D07,1,support_offsets,4,803,1,4,full_L1,VISIBLE,0,mask_5_f.ply,8733,5.88,0.0,0.62,0.0,1.22,1.34,0.0,0.0,0.0,normal,0.0,none,,,,full first-layer foundation; movement after L2 activation is collapse-risk abnormality
D07_F01_support_offsets.ply,D07,1,support_offsets,5,705,1,5,full_L1,VISIBLE,0,mask_6_f.ply,6518,7.1,0.0,0.62,0.0,1.22,1.34,0.0,0.0,0.0,normal,0.0,none,,,,full first-layer foundation; movement after L2 activation is collapse-risk abnormality
D07_F01_support_offsets.ply,D07,1,support_offsets,6,997,1,6,full_L1,VISIBLE,0,mask_7_f.ply,7117,8.32,0.0,0.62,0.0,1.22,1.34,0.0,0.0,0.0,normal,0.0,none,,,,full first-layer foundation; movement after L2 activation is collapse-risk abnormality
D07_F01_support_offsets.ply,D07,1,support_offsets,7,285,1,7,full_L1,VISIBLE,0,mask_10_f.ply,5835,9.54,0.0,0.62,0.0,1.22,1.34,0.0,0.0,0.0,normal,0.0,none,,,,full first-layer foundation; movement after L2 activation is collapse-risk abnormality
D07_F01_support_offsets.ply,D07,1,support_offsets,8,260,1,8,full_L1,VISIBLE,0,mask_12_f.ply,7359,10.76,0.0,0.62,0.0,1.22,1.34,0.0,0.0,0.0,roll_mild,0.0,none,,,,full first-layer foundation; movement after L2 activation is collapse-risk abnormality
D07_F01_support_offsets.ply,D07,1,support_offsets,9,584,1,9,full_L1,VISIBLE,0,mask_14_f.ply,7339,11.98,0.0,0.62,0.0,1.22,1.34,0.0,0.0,0.0,normal,0.0,none,,,,full first-layer foundation; movement after L2 activation is collapse-risk abnormality
D07_F01_support_offsets.ply,D07,1,support_offsets,10,680,2,0,layer2,VISIBLE,0,mask_1_f.ply,8255,1.95,0.0,1.6183987179478947,6.0,1.12,1.24,0.3400000000000001,0.0,0.0,normal,0.0,none,,,,"upper slot 0 supported by L1[0,1]"
D07_F01_support_offsets.ply,D07,1,support_offsets,12,488,2,2,layer2,VISIBLE,0,mask_6_f.ply,6518,3.7399999999999998,0.0,1.6183987179478947,-6.0,1.12,1.24,-0.31000000000000005,0.0,0.0,normal,0.0,none,,,,"upper slot 2 supported by L1[2,3]"
D07_F01_support_offsets.ply,D07,1,support_offsets,14,245,2,4,layer2,VISIBLE,0,mask_10_f.ply,5835,6.78,0.0,1.6183987179478947,0.0,1.12,1.24,0.29000000000000004,0.0,0.0,normal,0.0,none,,,,"upper slot 4 supported by L1[4,5]"
D07_F01_support_offsets.ply,D07,1,support_offsets,16,830,2,6,layer2,VISIBLE,0,mask_14_f.ply,7339,8.6,0.0,1.6183987179478947,0.0,1.12,1.24,-0.33000000000000007,0.0,0.0,normal,0.0,none,,,,"upper slot 6 supported by L1[6,7]"
D07_F02_support_offsets_rebound.ply,D07,2,support_offsets_rebound,0,641,1,0,full_L1,VISIBLE,0,mask_10_f.ply,5835,1.0,0.0,0.62,0.0,1.22,1.34,0.0,0.0,0.0,normal,0.0,none,,,,full first-layer foundation; movement after L2 activation is collapse-risk abnormality
D07_F02_support_offsets_rebound.ply,D07,2,support_offsets_rebound,1,141,1,1,full_L1,VISIBLE,0,mask_12_f.ply,7608,2.2199999999999998,0.0,0.62,0.0,1.22,1.34,0.0,0.0,0.0,normal,0.0,none,,,,full first-layer foundation; movement after L2 activation is collapse-risk abnormality
D07_F02_support_offsets_rebound.ply,D07,2,support_offsets_rebound,2,764,1,2,full_L1,VISIBLE,0,mask_14_f.ply,7339,3.44,0.0,0.62,0.0,1.22,1.34,0.0,0.0,0.0,normal,0.0,none,,,,full first-layer foundation; movement after L2 activation is collapse-risk abnormality
D07_F02_support_offsets_rebound.ply,D07,2,support_offsets_rebound,3,216,1,3,full_L1,VISIBLE,0,mask_1_f.ply,8255,4.66,0.0,0.62,0.0,1.22,1.34,0.0,0.0,0.0,normal,0.0,none,,,,full first-layer foundation; movement after L2 activation is collapse-risk abnormality
D07_F02_support_offsets_rebound.ply,D07,2,support_offsets_rebound,4,809,1,4,full_L1,VISIBLE,0,mask_5_f.ply,8733,5.88,0.0,0.62,0.0,1.22,1.34,0.0,0.0,0.0,normal,0.0,none,,,,full first-layer foundation; movement after L2 activation is collapse-risk abnormality
D07_F02_support_offsets_rebound.ply,D07,2,support_offsets_rebound,5,635,1,5,full_L1,VISIBLE,0,mask_6_f.ply,6518,7.1,0.0,0.62,0.0,1.22,1.34,0.0,0.0,0.0,normal,0.0,none,,,,full first-layer foundation; movement after L2 activation is collapse-risk abnormality
D07_F02_support_offsets_rebound.ply,D07,2,support_offsets_rebound,6,427,1,6,full_L1,VISIBLE,0,mask_7_f.ply,7117,8.32,0.0,0.62,0.0,1.22,1.34,0.0,0.0,0.0,normal,0.0,none,,,,full first-layer foundation; movement after L2 activation is collapse-risk abnormality
D07_F02_support_offsets_rebound.ply,D07,2,support_offsets_rebound,7,436,1,7,full_L1,VISIBLE,0,mask_10_f.ply,5613,9.54,0.0,0.62,0.0,1.22,1.34,0.0,0.0,0.0,roll_mild,0.0,none,,,,full first-layer foundation; movement after L2 activation is collapse-risk abnormality
D07_F02_support_offsets_rebound.ply,D07,2,support_offsets_rebound,8,310,1,8,full_L1,VISIBLE,0,mask_12_f.ply,7608,10.76,0.0,0.62,0.0,1.22,1.34,0.0,0.0,0.0,normal,0.0,none,,,,full first-layer foundation; movement after L2 activation is collapse-risk abnormality
D07_F02_support_offsets_rebound.ply,D07,2,support_offsets_rebound,9,294,1,9,full_L1,VISIBLE,0,mask_14_f.ply,7339,11.98,0.0,0.62,0.0,1.22,1.34,0.0,0.0,0.0,normal,0.0,none,,,,full first-layer foundation; movement after L2 activation is collapse-risk abnormality
D07_F02_support_offsets_rebound.ply,D07,2,support_offsets_rebound,10,357,2,0,layer2,VISIBLE,0,mask_1_f.ply,8255,1.71,0.0,1.6183987179478947,0.0,1.12,1.24,-0.24,0.0,0.0,normal,0.0,none,,,,"upper slot 0 supported by L1[0,1]"
D07_F02_support_offsets_rebound.ply,D07,2,support_offsets_rebound,12,609,2,2,layer2,VISIBLE,0,mask_6_f.ply,6518,3.9299999999999997,0.0,1.6183987179478947,0.0,1.12,1.24,0.18999999999999995,0.0,0.0,normal,0.0,none,,,,"upper slot 2 supported by L1[2,3]"
D07_F02_support_offsets_rebound.ply,D07,2,support_offsets_rebound,14,397,2,4,layer2,VISIBLE,0,mask_10_f.ply,5835,6.57,0.0,1.6183987179478947,3.0,1.12,1.24,-0.20999999999999996,0.0,0.0,normal,0.0,none,,,,"upper slot 4 supported by L1[4,5]"
D07_F02_support_offsets_rebound.ply,D07,2,support_offsets_rebound,16,519,2,6,layer2,VISIBLE,0,mask_14_f.ply,7339,8.84,0.0,1.6183987179478947,-3.0,1.12,1.24,0.2400000000000002,0.0,0.0,normal,0.0,none,,,,"upper slot 6 supported by L1[6,7]"
D08_F00_locked_foundation_start.ply,D08,0,locked_foundation_start,0,246,1,0,full_L1,VISIBLE,0,mask_10_f.ply,5665,1.0,0.0,0.62,0.0,1.22,1.34,,,,roll_mild,0.0,none,,,,full first-layer foundation; movement after L2 activation is collapse-risk abnormality
D08_F00_locked_foundation_start.ply,D08,0,locked_foundation_start,1,758,1,1,full_L1,VISIBLE,0,mask_12_f.ply,7608,2.2199999999999998,0.0,0.62,0.0,1.22,1.34,,,,normal,0.0,none,,,,full first-layer foundation; movement after L2 activation is collapse-risk abnormality
D08_F00_locked_foundation_start.ply,D08,0,locked_foundation_start,2,307,1,2,full_L1,VISIBLE,0,mask_14_f.ply,7339,3.44,0.0,0.62,0.0,1.22,1.34,,,,normal,0.0,none,,,,full first-layer foundation; movement after L2 activation is collapse-risk abnormality
D08_F00_locked_foundation_start.ply,D08,0,locked_foundation_start,3,288,1,3,full_L1,VISIBLE,0,mask_1_f.ply,8255,4.66,0.0,0.62,0.0,1.22,1.34,,,,normal,0.0,none,,,,full first-layer foundation; movement after L2 activation is collapse-risk abnormality
D08_F00_locked_foundation_start.ply,D08,0,locked_foundation_start,4,760,1,4,full_L1,VISIBLE,0,mask_5_f.ply,8733,5.88,0.0,0.62,0.0,1.22,1.34,,,,normal,0.0,none,,,,full first-layer foundation; movement after L2 activation is collapse-risk abnormality
D08_F00_locked_foundation_start.ply,D08,0,locked_foundation_start,5,473,1,5,full_L1,VISIBLE,0,mask_6_f.ply,6518,7.1,0.0,0.62,0.0,1.22,1.34,,,,normal,0.0,none,,,,full first-layer foundation; movement after L2 activation is collapse-risk abnormality
D08_F00_locked_foundation_start.ply,D08,0,locked_foundation_start,6,494,1,6,full_L1,VISIBLE,0,mask_7_f.ply,7117,8.32,0.0,0.62,0.0,1.22,1.34,,,,normal,0.0,none,,,,full first-layer foundation; movement after L2 activation is collapse-risk abnormality
D08_F00_locked_foundation_start.ply,D08,0,locked_foundation_start,7,776,1,7,full_L1,VISIBLE,0,mask_10_f.ply,5835,9.54,0.0,0.62,0.0,1.22,1.34,,,,normal,0.0,none,,,,full first-layer foundation; movement after L2 activation is collapse-risk abnormality
D08_F00_locked_foundation_start.ply,D08,0,locked_foundation_start,8,289,1,8,full_L1,VISIBLE,0,mask_12_f.ply,7608,10.76,0.0,0.62,0.0,1.22,1.34,,,,normal,0.0,none,,,,full first-layer foundation; movement after L2 activation is collapse-risk abnormality
D08_F00_locked_foundation_start.ply,D08,0,locked_foundation_start,9,746,1,9,full_L1,VISIBLE,0,mask_14_f.ply,7081,11.98,0.0,0.62,0.0,1.22,1.34,,,,roll_mild,0.0,none,,,,full first-layer foundation; movement after L2 activation is collapse-risk abnormality
D08_F00_locked_foundation_start.ply,D08,0,locked_foundation_start,13,945,2,3,layer2,VISIBLE,0,mask_7_f.ply,7117,5.27,0.0,1.6183987179478947,0.0,1.12,1.24,,,,normal,0.0,none,,,,"upper slot 3 supported by L1[3,4]"
D08_F00_locked_foundation_start.ply,D08,0,locked_foundation_start,15,201,2,5,layer2,VISIBLE,0,mask_12_f.ply,7608,7.71,0.0,1.6183987179478947,0.0,1.12,1.24,,,,normal,0.0,none,,,,"upper slot 5 supported by L1[5,6]"
D08_F01_foundation_hard_shift.ply,D08,1,foundation_hard_shift,0,280,1,0,full_L1,VISIBLE,0,mask_10_f.ply,5835,1.0,0.0,0.62,0.0,1.22,1.34,0.0,0.0,0.0,normal,0.0,none,,,,full first-layer foundation; movement after L2 activation is collapse-risk abnormality
D08_F01_foundation_hard_shift.ply,D08,1,foundation_hard_shift,1,288,1,1,full_L1,VISIBLE,0,mask_12_f.ply,7608,2.2199999999999998,0.0,0.62,0.0,1.22,1.34,0.0,0.0,0.0,normal,0.0,none,,,,full first-layer foundation; movement after L2 activation is collapse-risk abnormality
D08_F01_foundation_hard_shift.ply,D08,1,foundation_hard_shift,2,194,1,2,full_L1,VISIBLE,0,mask_14_f.ply,7339,3.44,0.0,0.62,0.0,1.22,1.34,0.0,0.0,0.0,normal,0.0,none,,,,full first-layer foundation; movement after L2 activation is collapse-risk abnormality
D08_F01_foundation_hard_shift.ply,D08,1,foundation_hard_shift,3,141,1,3,full_L1,VISIBLE,0,mask_1_f.ply,8255,4.66,0.0,0.62,0.0,1.22,1.34,0.0,0.0,0.0,normal,0.0,none,,,,full first-layer foundation; movement after L2 activation is collapse-risk abnormality
D08_F01_foundation_hard_shift.ply,D08,1,foundation_hard_shift,4,370,1,4,full_L1,VISIBLE,0,mask_5_f.ply,8733,6.08,0.0,0.62,0.0,1.22,1.34,0.20000000000000018,0.0,0.0,normal,0.0,none,,,,full first-layer foundation; movement after L2 activation is collapse-risk abnormality
D08_F01_foundation_hard_shift.ply,D08,1,foundation_hard_shift,5,240,1,5,full_L1,VISIBLE,0,mask_6_f.ply,6518,7.1,0.0,0.62,0.0,1.22,1.34,0.0,0.0,0.0,normal,0.0,none,,,,full first-layer foundation; movement after L2 activation is collapse-risk abnormality
D08_F01_foundation_hard_shift.ply,D08,1,foundation_hard_shift,6,786,1,6,full_L1,VISIBLE,0,mask_7_f.ply,7117,8.32,0.0,0.62,0.0,1.22,1.34,0.0,0.0,0.0,normal,0.0,none,,,,full first-layer foundation; movement after L2 activation is collapse-risk abnormality
D08_F01_foundation_hard_shift.ply,D08,1,foundation_hard_shift,7,916,1,7,full_L1,VISIBLE,0,mask_10_f.ply,5835,9.54,0.0,0.62,0.0,1.22,1.34,0.0,0.0,0.0,normal,0.0,none,,,,full first-layer foundation; movement after L2 activation is collapse-risk abnormality
D08_F01_foundation_hard_shift.ply,D08,1,foundation_hard_shift,8,683,1,8,full_L1,VISIBLE,0,mask_12_f.ply,7328,10.76,0.0,0.62,0.0,1.22,1.34,0.0,0.0,0.0,roll_mild,0.0,none,,,,full first-layer foundation; movement after L2 activation is collapse-risk abnormality
D08_F01_foundation_hard_shift.ply,D08,1,foundation_hard_shift,9,586,1,9,full_L1,VISIBLE,0,mask_14_f.ply,7339,11.98,0.0,0.62,0.0,1.22,1.34,0.0,0.0,0.0,normal,0.0,none,,,,full first-layer foundation; movement after L2 activation is collapse-risk abnormality
D08_F01_foundation_hard_shift.ply,D08,1,foundation_hard_shift,13,724,2,3,layer2,VISIBLE,0,mask_7_f.ply,7117,5.37,0.0,1.6183987179478947,0.0,1.12,1.24,0.10000000000000053,0.0,0.0,normal,0.0,none,,,,"upper slot 3 supported by L1[3,4]"
D08_F01_foundation_hard_shift.ply,D08,1,foundation_hard_shift,15,959,2,5,layer2,VISIBLE,0,mask_12_f.ply,7608,7.71,0.0,1.6183987179478947,0.0,1.12,1.24,0.0,0.0,0.0,normal,0.0,none,,,,"upper slot 5 supported by L1[5,6]"
D08_F02_foundation_returns.ply,D08,2,foundation_returns,0,401,1,0,full_L1,VISIBLE,0,mask_10_f.ply,5835,1.0,0.0,0.62,0.0,1.22,1.34,0.0,0.0,0.0,normal,0.0,none,,,,full first-layer foundation; movement after L2 activation is collapse-risk abnormality
D08_F02_foundation_returns.ply,D08,2,foundation_returns,1,783,1,1,full_L1,VISIBLE,0,mask_12_f.ply,7608,2.2199999999999998,0.0,0.62,0.0,1.22,1.34,0.0,0.0,0.0,normal,0.0,none,,,,full first-layer foundation; movement after L2 activation is collapse-risk abnormality
D08_F02_foundation_returns.ply,D08,2,foundation_returns,2,602,1,2,full_L1,VISIBLE,0,mask_14_f.ply,7339,3.44,0.0,0.62,0.0,1.22,1.34,0.0,0.0,0.0,normal,0.0,none,,,,full first-layer foundation; movement after L2 activation is collapse-risk abnormality
D08_F02_foundation_returns.ply,D08,2,foundation_returns,3,763,1,3,full_L1,VISIBLE,0,mask_1_f.ply,8255,4.66,0.0,0.62,0.0,1.22,1.34,0.0,0.0,0.0,normal,0.0,none,,,,full first-layer foundation; movement after L2 activation is collapse-risk abnormality
D08_F02_foundation_returns.ply,D08,2,foundation_returns,4,708,1,4,full_L1,VISIBLE,0,mask_5_f.ply,8733,5.88,0.0,0.62,0.0,1.22,1.34,-0.20000000000000018,0.0,0.0,normal,0.0,none,,,,full first-layer foundation; movement after L2 activation is collapse-risk abnormality
D08_F02_foundation_returns.ply,D08,2,foundation_returns,5,717,1,5,full_L1,VISIBLE,0,mask_6_f.ply,6518,7.1,0.0,0.62,0.0,1.22,1.34,0.0,0.0,0.0,normal,0.0,none,,,,full first-layer foundation; movement after L2 activation is collapse-risk abnormality
D08_F02_foundation_returns.ply,D08,2,foundation_returns,6,670,1,6,full_L1,VISIBLE,0,mask_7_f.ply,7117,8.32,0.0,0.62,0.0,1.22,1.34,0.0,0.0,0.0,normal,0.0,none,,,,full first-layer foundation; movement after L2 activation is collapse-risk abnormality
D08_F02_foundation_returns.ply,D08,2,foundation_returns,7,152,1,7,full_L1,VISIBLE,0,mask_10_f.ply,5655,9.54,0.0,0.62,0.0,1.22,1.34,0.0,0.0,0.0,roll_mild,0.0,none,,,,full first-layer foundation; movement after L2 activation is collapse-risk abnormality
D08_F02_foundation_returns.ply,D08,2,foundation_returns,8,988,1,8,full_L1,VISIBLE,0,mask_12_f.ply,7608,10.76,0.0,0.62,0.0,1.22,1.34,0.0,0.0,0.0,normal,0.0,none,,,,full first-layer foundation; movement after L2 activation is collapse-risk abnormality
D08_F02_foundation_returns.ply,D08,2,foundation_returns,9,129,1,9,full_L1,VISIBLE,0,mask_14_f.ply,7339,11.98,0.0,0.62,0.0,1.22,1.34,0.0,0.0,0.0,normal,0.0,none,,,,full first-layer foundation; movement after L2 activation is collapse-risk abnormality
D08_F02_foundation_returns.ply,D08,2,foundation_returns,13,983,2,3,layer2,VISIBLE,0,mask_7_f.ply,7117,5.289999999999999,0.0,1.6183987179478947,0.0,1.12,1.24,-0.08000000000000096,0.0,0.0,normal,0.0,none,,,,"upper slot 3 supported by L1[3,4]"
D08_F02_foundation_returns.ply,D08,2,foundation_returns,15,174,2,5,layer2,VISIBLE,0,mask_12_f.ply,7608,7.69,0.0,1.6183987179478947,0.0,1.12,1.24,-0.019999999999999574,0.0,0.0,normal,0.0,none,,,,"upper slot 5 supported by L1[5,6]"
D09_F00_upper_support_start.ply,D09,0,upper_support_start,0,300,1,0,full_L1,VISIBLE,0,mask_10_f.ply,5678,1.0,0.0,0.62,0.0,1.22,1.34,,,,roll_mild,0.0,none,,,,full first-layer foundation; movement after L2 activation is collapse-risk abnormality
D09_F00_upper_support_start.ply,D09,0,upper_support_start,1,151,1,1,full_L1,VISIBLE,0,mask_12_f.ply,7608,2.2199999999999998,0.0,0.62,0.0,1.22,1.34,,,,normal,0.0,none,,,,full first-layer foundation; movement after L2 activation is collapse-risk abnormality
D09_F00_upper_support_start.ply,D09,0,upper_support_start,2,878,1,2,full_L1,VISIBLE,0,mask_14_f.ply,7339,3.44,0.0,0.62,0.0,1.22,1.34,,,,normal,0.0,none,,,,full first-layer foundation; movement after L2 activation is collapse-risk abnormality
D09_F00_upper_support_start.ply,D09,0,upper_support_start,3,573,1,3,full_L1,VISIBLE,0,mask_1_f.ply,8255,4.66,0.0,0.62,0.0,1.22,1.34,,,,normal,0.0,none,,,,full first-layer foundation; movement after L2 activation is collapse-risk abnormality
D09_F00_upper_support_start.ply,D09,0,upper_support_start,4,846,1,4,full_L1,VISIBLE,0,mask_5_f.ply,8733,5.88,0.0,0.62,0.0,1.22,1.34,,,,normal,0.0,none,,,,full first-layer foundation; movement after L2 activation is collapse-risk abnormality
D09_F00_upper_support_start.ply,D09,0,upper_support_start,5,423,1,5,full_L1,VISIBLE,0,mask_6_f.ply,6518,7.1,0.0,0.62,0.0,1.22,1.34,,,,normal,0.0,none,,,,full first-layer foundation; movement after L2 activation is collapse-risk abnormality
D09_F00_upper_support_start.ply,D09,0,upper_support_start,6,200,1,6,full_L1,VISIBLE,0,mask_7_f.ply,7117,8.32,0.0,0.62,0.0,1.22,1.34,,,,normal,0.0,none,,,,full first-layer foundation; movement after L2 activation is collapse-risk abnormality
D09_F00_upper_support_start.ply,D09,0,upper_support_start,7,386,1,7,full_L1,VISIBLE,0,mask_10_f.ply,5835,9.54,0.0,0.62,0.0,1.22,1.34,,,,normal,0.0,none,,,,full first-layer foundation; movement after L2 activation is collapse-risk abnormality
D09_F00_upper_support_start.ply,D09,0,upper_support_start,8,206,1,8,full_L1,VISIBLE,0,mask_12_f.ply,7608,10.76,0.0,0.62,0.0,1.22,1.34,,,,normal,0.0,none,,,,full first-layer foundation; movement after L2 activation is collapse-risk abnormality
D09_F00_upper_support_start.ply,D09,0,upper_support_start,9,179,1,9,full_L1,VISIBLE,0,mask_14_f.ply,7080,11.98,0.0,0.62,0.0,1.22,1.34,,,,roll_mild,0.0,none,,,,full first-layer foundation; movement after L2 activation is collapse-risk abnormality
D09_F00_upper_support_start.ply,D09,0,upper_support_start,14,189,2,4,layer2,VISIBLE,0,mask_10_f.ply,5835,6.49,0.0,1.6183987179478947,0.0,1.12,1.24,,,,normal,0.0,none,,,,"upper slot 4 supported by L1[4,5]"
D09_F01_upper_off_support.ply,D09,1,upper_off_support,0,369,1,0,full_L1,VISIBLE,0,mask_10_f.ply,5835,1.0,0.0,0.62,0.0,1.22,1.34,0.0,0.0,0.0,normal,0.0,none,,,,full first-layer foundation; movement after L2 activation is collapse-risk abnormality
D09_F01_upper_off_support.ply,D09,1,upper_off_support,1,370,1,1,full_L1,VISIBLE,0,mask_12_f.ply,7608,2.2199999999999998,0.0,0.62,0.0,1.22,1.34,0.0,0.0,0.0,normal,0.0,none,,,,full first-layer foundation; movement after L2 activation is collapse-risk abnormality
D09_F01_upper_off_support.ply,D09,1,upper_off_support,2,673,1,2,full_L1,VISIBLE,0,mask_14_f.ply,7339,3.44,0.0,0.62,0.0,1.22,1.34,0.0,0.0,0.0,normal,0.0,none,,,,full first-layer foundation; movement after L2 activation is collapse-risk abnormality
D09_F01_upper_off_support.ply,D09,1,upper_off_support,3,277,1,3,full_L1,VISIBLE,0,mask_1_f.ply,8255,4.66,0.0,0.62,0.0,1.22,1.34,0.0,0.0,0.0,normal,0.0,none,,,,full first-layer foundation; movement after L2 activation is collapse-risk abnormality
D09_F01_upper_off_support.ply,D09,1,upper_off_support,4,767,1,4,full_L1,VISIBLE,0,mask_5_f.ply,8733,5.88,0.0,0.62,0.0,1.22,1.34,0.0,0.0,0.0,normal,0.0,none,,,,full first-layer foundation; movement after L2 activation is collapse-risk abnormality
D09_F01_upper_off_support.ply,D09,1,upper_off_support,5,367,1,5,full_L1,VISIBLE,0,mask_6_f.ply,6518,7.1,0.0,0.62,0.0,1.22,1.34,0.0,0.0,0.0,normal,0.0,none,,,,full first-layer foundation; movement after L2 activation is collapse-risk abnormality
D09_F01_upper_off_support.ply,D09,1,upper_off_support,6,885,1,6,full_L1,VISIBLE,0,mask_7_f.ply,7117,8.32,0.0,0.62,0.0,1.22,1.34,0.0,0.0,0.0,normal,0.0,none,,,,full first-layer foundation; movement after L2 activation is collapse-risk abnormality
D09_F01_upper_off_support.ply,D09,1,upper_off_support,7,366,1,7,full_L1,VISIBLE,0,mask_10_f.ply,5835,9.54,0.0,0.62,0.0,1.22,1.34,0.0,0.0,0.0,normal,0.0,none,,,,full first-layer foundation; movement after L2 activation is collapse-risk abnormality
D09_F01_upper_off_support.ply,D09,1,upper_off_support,8,449,1,8,full_L1,VISIBLE,0,mask_12_f.ply,7367,10.76,0.0,0.62,0.0,1.22,1.34,0.0,0.0,0.0,roll_mild,0.0,none,,,,full first-layer foundation; movement after L2 activation is collapse-risk abnormality
D09_F01_upper_off_support.ply,D09,1,upper_off_support,9,671,1,9,full_L1,VISIBLE,0,mask_14_f.ply,7339,11.98,0.0,0.62,0.0,1.22,1.34,0.0,0.0,0.0,normal,0.0,none,,,,full first-layer foundation; movement after L2 activation is collapse-risk abnormality
D09_F01_upper_off_support.ply,D09,1,upper_off_support,14,189,2,4,layer2,VISIBLE,0,mask_10_f.ply,5835,7.2700000000000005,0.0,1.6183987179478947,5.0,1.12,1.24,0.7800000000000002,0.0,0.0,normal,0.0,none,,,,"upper slot 4 supported by L1[4,5]"
D09_F02_upper_back_on_support.ply,D09,2,upper_back_on_support,0,102,1,0,full_L1,VISIBLE,0,mask_10_f.ply,5835,1.0,0.0,0.62,0.0,1.22,1.34,0.0,0.0,0.0,normal,0.0,none,,,,full first-layer foundation; movement after L2 activation is collapse-risk abnormality
D09_F02_upper_back_on_support.ply,D09,2,upper_back_on_support,1,880,1,1,full_L1,VISIBLE,0,mask_12_f.ply,7608,2.2199999999999998,0.0,0.62,0.0,1.22,1.34,0.0,0.0,0.0,normal,0.0,none,,,,full first-layer foundation; movement after L2 activation is collapse-risk abnormality
D09_F02_upper_back_on_support.ply,D09,2,upper_back_on_support,2,923,1,2,full_L1,VISIBLE,0,mask_14_f.ply,7339,3.44,0.0,0.62,0.0,1.22,1.34,0.0,0.0,0.0,normal,0.0,none,,,,full first-layer foundation; movement after L2 activation is collapse-risk abnormality
D09_F02_upper_back_on_support.ply,D09,2,upper_back_on_support,3,797,1,3,full_L1,VISIBLE,0,mask_1_f.ply,8255,4.66,0.0,0.62,0.0,1.22,1.34,0.0,0.0,0.0,normal,0.0,none,,,,full first-layer foundation; movement after L2 activation is collapse-risk abnormality
D09_F02_upper_back_on_support.ply,D09,2,upper_back_on_support,4,326,1,4,full_L1,VISIBLE,0,mask_5_f.ply,8733,5.88,0.0,0.62,0.0,1.22,1.34,0.0,0.0,0.0,normal,0.0,none,,,,full first-layer foundation; movement after L2 activation is collapse-risk abnormality
D09_F02_upper_back_on_support.ply,D09,2,upper_back_on_support,5,596,1,5,full_L1,VISIBLE,0,mask_6_f.ply,6518,7.1,0.0,0.62,0.0,1.22,1.34,0.0,0.0,0.0,normal,0.0,none,,,,full first-layer foundation; movement after L2 activation is collapse-risk abnormality
D09_F02_upper_back_on_support.ply,D09,2,upper_back_on_support,6,657,1,6,full_L1,VISIBLE,0,mask_7_f.ply,7117,8.32,0.0,0.62,0.0,1.22,1.34,0.0,0.0,0.0,normal,0.0,none,,,,full first-layer foundation; movement after L2 activation is collapse-risk abnormality
D09_F02_upper_back_on_support.ply,D09,2,upper_back_on_support,7,989,1,7,full_L1,VISIBLE,0,mask_10_f.ply,5636,9.54,0.0,0.62,0.0,1.22,1.34,0.0,0.0,0.0,roll_mild,0.0,none,,,,full first-layer foundation; movement after L2 activation is collapse-risk abnormality
D09_F02_upper_back_on_support.ply,D09,2,upper_back_on_support,8,590,1,8,full_L1,VISIBLE,0,mask_12_f.ply,7608,10.76,0.0,0.62,0.0,1.22,1.34,0.0,0.0,0.0,normal,0.0,none,,,,full first-layer foundation; movement after L2 activation is collapse-risk abnormality
D09_F02_upper_back_on_support.ply,D09,2,upper_back_on_support,9,878,1,9,full_L1,VISIBLE,0,mask_14_f.ply,7339,11.98,0.0,0.62,0.0,1.22,1.34,0.0,0.0,0.0,normal,0.0,none,,,,full first-layer foundation; movement after L2 activation is collapse-risk abnormality
D09_F02_upper_back_on_support.ply,D09,2,upper_back_on_support,14,779,2,4,layer2,VISIBLE,0,mask_10_f.ply,5835,6.53,0.0,1.6183987179478947,1.0,1.12,1.24,-0.7400000000000002,0.0,0.0,normal,0.0,none,,,,"upper slot 4 supported by L1[4,5]"
D10_F00_full_l1.ply,D10,0,full_l1,0,339,1,0,full_L1,VISIBLE,0,mask_10_f.ply,5656,1.0,0.0,0.62,0.0,1.22,1.34,,,,roll_mild,0.0,none,,,,full first-layer foundation; movement after L2 activation is collapse-risk abnormality
D10_F00_full_l1.ply,D10,0,full_l1,1,857,1,1,full_L1,VISIBLE,0,mask_12_f.ply,7608,2.2199999999999998,0.0,0.62,0.0,1.22,1.34,,,,normal,0.0,none,,,,full first-layer foundation; movement after L2 activation is collapse-risk abnormality
D10_F00_full_l1.ply,D10,0,full_l1,2,666,1,2,full_L1,VISIBLE,0,mask_14_f.ply,7339,3.44,0.0,0.62,0.0,1.22,1.34,,,,normal,0.0,none,,,,full first-layer foundation; movement after L2 activation is collapse-risk abnormality
D10_F00_full_l1.ply,D10,0,full_l1,3,431,1,3,full_L1,VISIBLE,0,mask_1_f.ply,8255,4.66,0.0,0.62,0.0,1.22,1.34,,,,normal,0.0,none,,,,full first-layer foundation; movement after L2 activation is collapse-risk abnormality
D10_F00_full_l1.ply,D10,0,full_l1,4,380,1,4,full_L1,VISIBLE,0,mask_5_f.ply,8733,5.88,0.0,0.62,0.0,1.22,1.34,,,,normal,0.0,none,,,,full first-layer foundation; movement after L2 activation is collapse-risk abnormality
D10_F00_full_l1.ply,D10,0,full_l1,5,213,1,5,full_L1,VISIBLE,0,mask_6_f.ply,6518,7.1,0.0,0.62,0.0,1.22,1.34,,,,normal,0.0,none,,,,full first-layer foundation; movement after L2 activation is collapse-risk abnormality
D10_F00_full_l1.ply,D10,0,full_l1,6,973,1,6,full_L1,VISIBLE,0,mask_7_f.ply,7117,8.32,0.0,0.62,0.0,1.22,1.34,,,,normal,0.0,none,,,,full first-layer foundation; movement after L2 activation is collapse-risk abnormality
D10_F00_full_l1.ply,D10,0,full_l1,7,991,1,7,full_L1,VISIBLE,0,mask_10_f.ply,5835,9.54,0.0,0.62,0.0,1.22,1.34,,,,normal,0.0,none,,,,full first-layer foundation; movement after L2 activation is collapse-risk abnormality
D10_F00_full_l1.ply,D10,0,full_l1,8,118,1,8,full_L1,VISIBLE,0,mask_12_f.ply,7608,10.76,0.0,0.62,0.0,1.22,1.34,,,,normal,0.0,none,,,,full first-layer foundation; movement after L2 activation is collapse-risk abnormality
D10_F00_full_l1.ply,D10,0,full_l1,9,530,1,9,full_L1,VISIBLE,0,mask_14_f.ply,7135,11.98,0.0,0.62,0.0,1.22,1.34,,,,roll_mild,0.0,none,,,,full first-layer foundation; movement after L2 activation is collapse-risk abnormality
D10_F01_multi_new_0_7.ply,D10,1,multi_new_0_7,0,928,1,0,full_L1,VISIBLE,0,mask_10_f.ply,5835,1.0,0.0,0.62,0.0,1.22,1.34,0.0,0.0,0.0,normal,0.0,none,,,,full first-layer foundation; movement after L2 activation is collapse-risk abnormality
D10_F01_multi_new_0_7.ply,D10,1,multi_new_0_7,1,836,1,1,full_L1,VISIBLE,0,mask_12_f.ply,7608,2.2199999999999998,0.0,0.62,0.0,1.22,1.34,0.0,0.0,0.0,normal,0.0,none,,,,full first-layer foundation; movement after L2 activation is collapse-risk abnormality
D10_F01_multi_new_0_7.ply,D10,1,multi_new_0_7,2,167,1,2,full_L1,VISIBLE,0,mask_14_f.ply,7339,3.44,0.0,0.62,0.0,1.22,1.34,0.0,0.0,0.0,normal,0.0,none,,,,full first-layer foundation; movement after L2 activation is collapse-risk abnormality
D10_F01_multi_new_0_7.ply,D10,1,multi_new_0_7,3,387,1,3,full_L1,VISIBLE,0,mask_1_f.ply,8255,4.66,0.0,0.62,0.0,1.22,1.34,0.0,0.0,0.0,normal,0.0,none,,,,full first-layer foundation; movement after L2 activation is collapse-risk abnormality
D10_F01_multi_new_0_7.ply,D10,1,multi_new_0_7,4,887,1,4,full_L1,VISIBLE,0,mask_5_f.ply,8733,5.88,0.0,0.62,0.0,1.22,1.34,0.0,0.0,0.0,normal,0.0,none,,,,full first-layer foundation; movement after L2 activation is collapse-risk abnormality
D10_F01_multi_new_0_7.ply,D10,1,multi_new_0_7,5,535,1,5,full_L1,VISIBLE,0,mask_6_f.ply,6518,7.1,0.0,0.62,0.0,1.22,1.34,0.0,0.0,0.0,normal,0.0,none,,,,full first-layer foundation; movement after L2 activation is collapse-risk abnormality
D10_F01_multi_new_0_7.ply,D10,1,multi_new_0_7,6,971,1,6,full_L1,VISIBLE,0,mask_7_f.ply,7117,8.32,0.0,0.62,0.0,1.22,1.34,0.0,0.0,0.0,normal,0.0,none,,,,full first-layer foundation; movement after L2 activation is collapse-risk abnormality
D10_F01_multi_new_0_7.ply,D10,1,multi_new_0_7,7,655,1,7,full_L1,VISIBLE,0,mask_10_f.ply,5835,9.54,0.0,0.62,0.0,1.22,1.34,0.0,0.0,0.0,normal,0.0,none,,,,full first-layer foundation; movement after L2 activation is collapse-risk abnormality
D10_F01_multi_new_0_7.ply,D10,1,multi_new_0_7,8,479,1,8,full_L1,VISIBLE,0,mask_12_f.ply,7337,10.76,0.0,0.62,0.0,1.22,1.34,0.0,0.0,0.0,roll_mild,0.0,none,,,,full first-layer foundation; movement after L2 activation is collapse-risk abnormality
D10_F01_multi_new_0_7.ply,D10,1,multi_new_0_7,9,643,1,9,full_L1,VISIBLE,0,mask_14_f.ply,7339,11.98,0.0,0.62,0.0,1.22,1.34,0.0,0.0,0.0,normal,0.0,none,,,,full first-layer foundation; movement after L2 activation is collapse-risk abnormality
D10_F01_multi_new_0_7.ply,D10,1,multi_new_0_7,10,888,2,0,layer2,VISIBLE,1,mask_1_f.ply,8255,1.6099999999999999,0.0,1.6183987179478947,0.0,1.12,1.24,,,,normal,0.0,none,1.67,0.03,1.6183987179478947,"upper slot 0 supported by L1[0,1]"
D10_F01_multi_new_0_7.ply,D10,1,multi_new_0_7,17,840,2,7,layer2,VISIBLE,1,mask_1_f.ply,8255,10.149999999999999,0.0,1.6183987179478947,0.0,1.12,1.24,,,,normal,0.0,none,10.089999999999998,0.03,1.6183987179478947,"upper slot 7 supported by L1[7,8]"
D10_F02_multi_new_1_6.ply,D10,2,multi_new_1_6,0,798,1,0,full_L1,VISIBLE,0,mask_10_f.ply,5835,1.0,0.0,0.62,0.0,1.22,1.34,0.0,0.0,0.0,normal,0.0,none,,,,full first-layer foundation; movement after L2 activation is collapse-risk abnormality
D10_F02_multi_new_1_6.ply,D10,2,multi_new_1_6,1,749,1,1,full_L1,VISIBLE,0,mask_12_f.ply,7608,2.2199999999999998,0.0,0.62,0.0,1.22,1.34,0.0,0.0,0.0,normal,0.0,none,,,,full first-layer foundation; movement after L2 activation is collapse-risk abnormality
D10_F02_multi_new_1_6.ply,D10,2,multi_new_1_6,2,223,1,2,full_L1,VISIBLE,0,mask_14_f.ply,7339,3.44,0.0,0.62,0.0,1.22,1.34,0.0,0.0,0.0,normal,0.0,none,,,,full first-layer foundation; movement after L2 activation is collapse-risk abnormality
D10_F02_multi_new_1_6.ply,D10,2,multi_new_1_6,3,397,1,3,full_L1,VISIBLE,0,mask_1_f.ply,8255,4.66,0.0,0.62,0.0,1.22,1.34,0.0,0.0,0.0,normal,0.0,none,,,,full first-layer foundation; movement after L2 activation is collapse-risk abnormality
D10_F02_multi_new_1_6.ply,D10,2,multi_new_1_6,4,335,1,4,full_L1,VISIBLE,0,mask_5_f.ply,8733,5.88,0.0,0.62,0.0,1.22,1.34,0.0,0.0,0.0,normal,0.0,none,,,,full first-layer foundation; movement after L2 activation is collapse-risk abnormality
D10_F02_multi_new_1_6.ply,D10,2,multi_new_1_6,5,519,1,5,full_L1,VISIBLE,0,mask_6_f.ply,6518,7.1,0.0,0.62,0.0,1.22,1.34,0.0,0.0,0.0,normal,0.0,none,,,,full first-layer foundation; movement after L2 activation is collapse-risk abnormality
D10_F02_multi_new_1_6.ply,D10,2,multi_new_1_6,6,496,1,6,full_L1,VISIBLE,0,mask_7_f.ply,7117,8.32,0.0,0.62,0.0,1.22,1.34,0.0,0.0,0.0,normal,0.0,none,,,,full first-layer foundation; movement after L2 activation is collapse-risk abnormality
D10_F02_multi_new_1_6.ply,D10,2,multi_new_1_6,7,124,1,7,full_L1,VISIBLE,0,mask_10_f.ply,5610,9.54,0.0,0.62,0.0,1.22,1.34,0.0,0.0,0.0,roll_mild,0.0,none,,,,full first-layer foundation; movement after L2 activation is collapse-risk abnormality
D10_F02_multi_new_1_6.ply,D10,2,multi_new_1_6,8,290,1,8,full_L1,VISIBLE,0,mask_12_f.ply,7608,10.76,0.0,0.62,0.0,1.22,1.34,0.0,0.0,0.0,normal,0.0,none,,,,full first-layer foundation; movement after L2 activation is collapse-risk abnormality
D10_F02_multi_new_1_6.ply,D10,2,multi_new_1_6,9,638,1,9,full_L1,VISIBLE,0,mask_14_f.ply,7339,11.98,0.0,0.62,0.0,1.22,1.34,0.0,0.0,0.0,normal,0.0,none,,,,full first-layer foundation; movement after L2 activation is collapse-risk abnormality
D10_F02_multi_new_1_6.ply,D10,2,multi_new_1_6,10,306,2,0,layer2,VISIBLE,0,mask_1_f.ply,8255,1.6099999999999999,0.0,1.6183987179478947,0.0,1.12,1.24,0.0,0.0,0.0,normal,0.0,none,,,,"upper slot 0 supported by L1[0,1]"
D10_F02_multi_new_1_6.ply,D10,2,multi_new_1_6,11,222,2,1,layer2,VISIBLE,1,mask_5_f.ply,8733,2.83,0.0,1.6183987179478947,2.0,1.12,1.24,,,,normal,0.0,none,2.77,0.03,1.6183987179478947,"upper slot 1 supported by L1[1,2]"
D10_F02_multi_new_1_6.ply,D10,2,multi_new_1_6,16,711,2,6,layer2,VISIBLE,1,mask_14_f.ply,7339,8.93,0.0,1.6183987179478947,-2.0,1.12,1.24,,,,normal,0.0,none,8.99,0.03,1.6183987179478947,"upper slot 6 supported by L1[6,7]"
D10_F02_multi_new_1_6.ply,D10,2,multi_new_1_6,17,516,2,7,layer2,VISIBLE,0,mask_1_f.ply,8255,10.149999999999999,0.0,1.6183987179478947,0.0,1.12,1.24,0.0,0.0,0.0,normal,0.0,none,,,,"upper slot 7 supported by L1[7,8]"
D10_F03_multi_new_2_5.ply,D10,3,multi_new_2_5,0,702,1,0,full_L1,VISIBLE,0,mask_10_f.ply,5835,1.0,0.0,0.62,0.0,1.22,1.34,0.0,0.0,0.0,normal,0.0,none,,,,full first-layer foundation; movement after L2 activation is collapse-risk abnormality
D10_F03_multi_new_2_5.ply,D10,3,multi_new_2_5,1,402,1,1,full_L1,VISIBLE,0,mask_12_f.ply,7608,2.2199999999999998,0.0,0.62,0.0,1.22,1.34,0.0,0.0,0.0,normal,0.0,none,,,,full first-layer foundation; movement after L2 activation is collapse-risk abnormality
D10_F03_multi_new_2_5.ply,D10,3,multi_new_2_5,2,116,1,2,full_L1,VISIBLE,0,mask_14_f.ply,7339,3.44,0.0,0.62,0.0,1.22,1.34,0.0,0.0,0.0,normal,0.0,none,,,,full first-layer foundation; movement after L2 activation is collapse-risk abnormality
D10_F03_multi_new_2_5.ply,D10,3,multi_new_2_5,3,940,1,3,full_L1,VISIBLE,0,mask_1_f.ply,8255,4.66,0.0,0.62,0.0,1.22,1.34,0.0,0.0,0.0,normal,0.0,none,,,,full first-layer foundation; movement after L2 activation is collapse-risk abnormality
D10_F03_multi_new_2_5.ply,D10,3,multi_new_2_5,4,671,1,4,full_L1,VISIBLE,0,mask_5_f.ply,8733,5.88,0.0,0.62,0.0,1.22,1.34,0.0,0.0,0.0,normal,0.0,none,,,,full first-layer foundation; movement after L2 activation is collapse-risk abnormality
D10_F03_multi_new_2_5.ply,D10,3,multi_new_2_5,5,121,1,5,full_L1,VISIBLE,0,mask_6_f.ply,6518,7.1,0.0,0.62,0.0,1.22,1.34,0.0,0.0,0.0,normal,0.0,none,,,,full first-layer foundation; movement after L2 activation is collapse-risk abnormality
D10_F03_multi_new_2_5.ply,D10,3,multi_new_2_5,6,743,1,6,full_L1,VISIBLE,0,mask_7_f.ply,6880,8.32,0.0,0.62,0.0,1.22,1.34,0.0,0.0,0.0,roll_mild,0.0,none,,,,full first-layer foundation; movement after L2 activation is collapse-risk abnormality
D10_F03_multi_new_2_5.ply,D10,3,multi_new_2_5,7,213,1,7,full_L1,VISIBLE,0,mask_10_f.ply,5835,9.54,0.0,0.62,0.0,1.22,1.34,0.0,0.0,0.0,normal,0.0,none,,,,full first-layer foundation; movement after L2 activation is collapse-risk abnormality
D10_F03_multi_new_2_5.ply,D10,3,multi_new_2_5,8,987,1,8,full_L1,VISIBLE,0,mask_12_f.ply,7608,10.76,0.0,0.62,0.0,1.22,1.34,0.0,0.0,0.0,normal,0.0,none,,,,full first-layer foundation; movement after L2 activation is collapse-risk abnormality
D10_F03_multi_new_2_5.ply,D10,3,multi_new_2_5,9,606,1,9,full_L1,VISIBLE,0,mask_14_f.ply,7339,11.98,0.0,0.62,0.0,1.22,1.34,0.0,0.0,0.0,normal,0.0,none,,,,full first-layer foundation; movement after L2 activation is collapse-risk abnormality
D10_F03_multi_new_2_5.ply,D10,3,multi_new_2_5,10,299,2,0,layer2,VISIBLE,0,mask_1_f.ply,8255,1.6099999999999999,0.0,1.6183987179478947,0.0,1.12,1.24,0.0,0.0,0.0,normal,0.0,none,,,,"upper slot 0 supported by L1[0,1]"
D10_F03_multi_new_2_5.ply,D10,3,multi_new_2_5,11,491,2,1,layer2,VISIBLE,0,mask_5_f.ply,8733,2.83,0.0,1.6183987179478947,0.0,1.12,1.24,0.0,0.0,0.0,normal,0.0,none,,,,"upper slot 1 supported by L1[1,2]"
D10_F03_multi_new_2_5.ply,D10,3,multi_new_2_5,12,331,2,2,layer2,VISIBLE,1,mask_6_f.ply,6518,4.05,0.0,1.6183987179478947,3.0,1.12,1.24,,,,normal,0.0,none,4.109999999999999,0.03,1.6183987179478947,"upper slot 2 supported by L1[2,3]"
D10_F03_multi_new_2_5.ply,D10,3,multi_new_2_5,15,427,2,5,layer2,VISIBLE,1,mask_12_f.ply,7608,7.71,0.0,1.6183987179478947,-3.0,1.12,1.24,,,,normal,0.0,none,7.65,0.03,1.6183987179478947,"upper slot 5 supported by L1[5,6]"
D10_F03_multi_new_2_5.ply,D10,3,multi_new_2_5,16,711,2,6,layer2,VISIBLE,0,mask_14_f.ply,7339,8.93,0.0,1.6183987179478947,0.0,1.12,1.24,0.0,0.0,0.0,normal,0.0,none,,,,"upper slot 6 supported by L1[6,7]"
D10_F03_multi_new_2_5.ply,D10,3,multi_new_2_5,17,795,2,7,layer2,VISIBLE,0,mask_1_f.ply,8255,10.149999999999999,0.0,1.6183987179478947,0.0,1.12,1.24,0.0,0.0,0.0,normal,0.0,none,,,,"upper slot 7 supported by L1[7,8]"
D10_F04_multi_new_3_4_reach8.ply,D10,4,multi_new_3_4_reach8,0,678,1,0,full_L1,VISIBLE,0,mask_10_f.ply,5835,1.0,0.0,0.62,0.0,1.22,1.34,0.0,0.0,0.0,normal,0.0,none,,,,full first-layer foundation; movement after L2 activation is collapse-risk abnormality
D10_F04_multi_new_3_4_reach8.ply,D10,4,multi_new_3_4_reach8,1,677,1,1,full_L1,VISIBLE,0,mask_12_f.ply,7608,2.2199999999999998,0.0,0.62,0.0,1.22,1.34,0.0,0.0,0.0,normal,0.0,none,,,,full first-layer foundation; movement after L2 activation is collapse-risk abnormality
D10_F04_multi_new_3_4_reach8.ply,D10,4,multi_new_3_4_reach8,2,130,1,2,full_L1,VISIBLE,0,mask_14_f.ply,7339,3.44,0.0,0.62,0.0,1.22,1.34,0.0,0.0,0.0,normal,0.0,none,,,,full first-layer foundation; movement after L2 activation is collapse-risk abnormality
D10_F04_multi_new_3_4_reach8.ply,D10,4,multi_new_3_4_reach8,3,768,1,3,full_L1,VISIBLE,0,mask_1_f.ply,8255,4.66,0.0,0.62,0.0,1.22,1.34,0.0,0.0,0.0,normal,0.0,none,,,,full first-layer foundation; movement after L2 activation is collapse-risk abnormality
D10_F04_multi_new_3_4_reach8.ply,D10,4,multi_new_3_4_reach8,4,995,1,4,full_L1,VISIBLE,0,mask_5_f.ply,8733,5.88,0.0,0.62,0.0,1.22,1.34,0.0,0.0,0.0,normal,0.0,none,,,,full first-layer foundation; movement after L2 activation is collapse-risk abnormality
D10_F04_multi_new_3_4_reach8.ply,D10,4,multi_new_3_4_reach8,5,481,1,5,full_L1,VISIBLE,0,mask_6_f.ply,6267,7.1,0.0,0.62,0.0,1.22,1.34,0.0,0.0,0.0,roll_mild,0.0,none,,,,full first-layer foundation; movement after L2 activation is collapse-risk abnormality
D10_F04_multi_new_3_4_reach8.ply,D10,4,multi_new_3_4_reach8,6,744,1,6,full_L1,VISIBLE,0,mask_7_f.ply,7117,8.32,0.0,0.62,0.0,1.22,1.34,0.0,0.0,0.0,normal,0.0,none,,,,full first-layer foundation; movement after L2 activation is collapse-risk abnormality
D10_F04_multi_new_3_4_reach8.ply,D10,4,multi_new_3_4_reach8,7,823,1,7,full_L1,VISIBLE,0,mask_10_f.ply,5835,9.54,0.0,0.62,0.0,1.22,1.34,0.0,0.0,0.0,normal,0.0,none,,,,full first-layer foundation; movement after L2 activation is collapse-risk abnormality
D10_F04_multi_new_3_4_reach8.ply,D10,4,multi_new_3_4_reach8,8,149,1,8,full_L1,VISIBLE,0,mask_12_f.ply,7608,10.76,0.0,0.62,0.0,1.22,1.34,0.0,0.0,0.0,normal,0.0,none,,,,full first-layer foundation; movement after L2 activation is collapse-risk abnormality
D10_F04_multi_new_3_4_reach8.ply,D10,4,multi_new_3_4_reach8,9,575,1,9,full_L1,VISIBLE,0,mask_14_f.ply,7339,11.98,0.0,0.62,0.0,1.22,1.34,0.0,0.0,0.0,normal,0.0,none,,,,full first-layer foundation; movement after L2 activation is collapse-risk abnormality
D10_F04_multi_new_3_4_reach8.ply,D10,4,multi_new_3_4_reach8,10,425,2,0,layer2,VISIBLE,0,mask_1_f.ply,8255,1.6099999999999999,0.0,1.6183987179478947,0.0,1.12,1.24,0.0,0.0,0.0,normal,0.0,none,,,,"upper slot 0 supported by L1[0,1]"
D10_F04_multi_new_3_4_reach8.ply,D10,4,multi_new_3_4_reach8,11,897,2,1,layer2,VISIBLE,0,mask_5_f.ply,8733,2.83,0.0,1.6183987179478947,0.0,1.12,1.24,0.0,0.0,0.0,normal,0.0,none,,,,"upper slot 1 supported by L1[1,2]"
D10_F04_multi_new_3_4_reach8.ply,D10,4,multi_new_3_4_reach8,12,320,2,2,layer2,VISIBLE,0,mask_6_f.ply,6518,4.05,0.0,1.6183987179478947,0.0,1.12,1.24,0.0,0.0,0.0,normal,0.0,none,,,,"upper slot 2 supported by L1[2,3]"
D10_F04_multi_new_3_4_reach8.ply,D10,4,multi_new_3_4_reach8,13,795,2,3,layer2,VISIBLE,1,mask_7_f.ply,7117,5.27,0.0,1.6183987179478947,4.0,1.12,1.24,,,,normal,0.0,none,5.21,0.03,1.6183987179478947,"upper slot 3 supported by L1[3,4]"
D10_F04_multi_new_3_4_reach8.ply,D10,4,multi_new_3_4_reach8,14,178,2,4,layer2,VISIBLE,1,mask_10_f.ply,5835,6.49,0.0,1.6183987179478947,-4.0,1.12,1.24,,,,normal,0.0,none,6.55,0.03,1.6183987179478947,"upper slot 4 supported by L1[4,5]"
D10_F04_multi_new_3_4_reach8.ply,D10,4,multi_new_3_4_reach8,15,462,2,5,layer2,VISIBLE,0,mask_12_f.ply,7608,7.71,0.0,1.6183987179478947,0.0,1.12,1.24,0.0,0.0,0.0,normal,0.0,none,,,,"upper slot 5 supported by L1[5,6]"
D10_F04_multi_new_3_4_reach8.ply,D10,4,multi_new_3_4_reach8,16,151,2,6,layer2,VISIBLE,0,mask_14_f.ply,7339,8.93,0.0,1.6183987179478947,0.0,1.12,1.24,0.0,0.0,0.0,normal,0.0,none,,,,"upper slot 6 supported by L1[6,7]"
D10_F04_multi_new_3_4_reach8.ply,D10,4,multi_new_3_4_reach8,17,941,2,7,layer2,VISIBLE,0,mask_1_f.ply,8255,10.149999999999999,0.0,1.6183987179478947,0.0,1.12,1.24,0.0,0.0,0.0,normal,0.0,none,,,,"upper slot 7 supported by L1[7,8]"
D10_F05_illegal_ninth_support8.ply,D10,5,illegal_ninth_support8,0,696,1,0,full_L1,VISIBLE,0,mask_10_f.ply,5835,1.0,0.0,0.62,0.0,1.22,1.34,0.0,0.0,0.0,normal,0.0,none,,,,full first-layer foundation; movement after L2 activation is collapse-risk abnormality
D10_F05_illegal_ninth_support8.ply,D10,5,illegal_ninth_support8,1,882,1,1,full_L1,VISIBLE,0,mask_12_f.ply,7608,2.2199999999999998,0.0,0.62,0.0,1.22,1.34,0.0,0.0,0.0,normal,0.0,none,,,,full first-layer foundation; movement after L2 activation is collapse-risk abnormality
D10_F05_illegal_ninth_support8.ply,D10,5,illegal_ninth_support8,2,838,1,2,full_L1,VISIBLE,0,mask_14_f.ply,7339,3.44,0.0,0.62,0.0,1.22,1.34,0.0,0.0,0.0,normal,0.0,none,,,,full first-layer foundation; movement after L2 activation is collapse-risk abnormality
D10_F05_illegal_ninth_support8.ply,D10,5,illegal_ninth_support8,3,143,1,3,full_L1,VISIBLE,0,mask_1_f.ply,8255,4.66,0.0,0.62,0.0,1.22,1.34,0.0,0.0,0.0,normal,0.0,none,,,,full first-layer foundation; movement after L2 activation is collapse-risk abnormality
D10_F05_illegal_ninth_support8.ply,D10,5,illegal_ninth_support8,4,101,1,4,full_L1,VISIBLE,0,mask_5_f.ply,8436,5.88,0.0,0.62,0.0,1.22,1.34,0.0,0.0,0.0,roll_mild,0.0,none,,,,full first-layer foundation; movement after L2 activation is collapse-risk abnormality
D10_F05_illegal_ninth_support8.ply,D10,5,illegal_ninth_support8,5,232,1,5,full_L1,VISIBLE,0,mask_6_f.ply,6518,7.1,0.0,0.62,0.0,1.22,1.34,0.0,0.0,0.0,normal,0.0,none,,,,full first-layer foundation; movement after L2 activation is collapse-risk abnormality
D10_F05_illegal_ninth_support8.ply,D10,5,illegal_ninth_support8,6,636,1,6,full_L1,VISIBLE,0,mask_7_f.ply,7117,8.32,0.0,0.62,0.0,1.22,1.34,0.0,0.0,0.0,normal,0.0,none,,,,full first-layer foundation; movement after L2 activation is collapse-risk abnormality
D10_F05_illegal_ninth_support8.ply,D10,5,illegal_ninth_support8,7,158,1,7,full_L1,VISIBLE,0,mask_10_f.ply,5835,9.54,0.0,0.62,0.0,1.22,1.34,0.0,0.0,0.0,normal,0.0,none,,,,full first-layer foundation; movement after L2 activation is collapse-risk abnormality
D10_F05_illegal_ninth_support8.ply,D10,5,illegal_ninth_support8,8,972,1,8,full_L1,VISIBLE,0,mask_12_f.ply,7608,10.76,0.0,0.62,0.0,1.22,1.34,0.0,0.0,0.0,normal,0.0,none,,,,full first-layer foundation; movement after L2 activation is collapse-risk abnormality
D10_F05_illegal_ninth_support8.ply,D10,5,illegal_ninth_support8,9,986,1,9,full_L1,VISIBLE,0,mask_14_f.ply,7339,11.98,0.0,0.62,0.0,1.22,1.34,0.0,0.0,0.0,normal,0.0,none,,,,full first-layer foundation; movement after L2 activation is collapse-risk abnormality
D10_F05_illegal_ninth_support8.ply,D10,5,illegal_ninth_support8,10,870,2,0,layer2,VISIBLE,0,mask_1_f.ply,8255,1.6099999999999999,0.0,1.6183987179478947,0.0,1.12,1.24,0.0,0.0,0.0,normal,0.0,none,,,,"upper slot 0 supported by L1[0,1]"
D10_F05_illegal_ninth_support8.ply,D10,5,illegal_ninth_support8,11,340,2,1,layer2,VISIBLE,0,mask_5_f.ply,8733,2.83,0.0,1.6183987179478947,0.0,1.12,1.24,0.0,0.0,0.0,normal,0.0,none,,,,"upper slot 1 supported by L1[1,2]"
D10_F05_illegal_ninth_support8.ply,D10,5,illegal_ninth_support8,12,931,2,2,layer2,VISIBLE,0,mask_6_f.ply,6518,4.05,0.0,1.6183987179478947,0.0,1.12,1.24,0.0,0.0,0.0,normal,0.0,none,,,,"upper slot 2 supported by L1[2,3]"
D10_F05_illegal_ninth_support8.ply,D10,5,illegal_ninth_support8,13,599,2,3,layer2,VISIBLE,0,mask_7_f.ply,7117,5.27,0.0,1.6183987179478947,0.0,1.12,1.24,0.0,0.0,0.0,normal,0.0,none,,,,"upper slot 3 supported by L1[3,4]"
D10_F05_illegal_ninth_support8.ply,D10,5,illegal_ninth_support8,14,497,2,4,layer2,VISIBLE,0,mask_10_f.ply,5835,6.49,0.0,1.6183987179478947,0.0,1.12,1.24,0.0,0.0,0.0,normal,0.0,none,,,,"upper slot 4 supported by L1[4,5]"
D10_F05_illegal_ninth_support8.ply,D10,5,illegal_ninth_support8,15,809,2,5,layer2,VISIBLE,0,mask_12_f.ply,7608,7.71,0.0,1.6183987179478947,0.0,1.12,1.24,0.0,0.0,0.0,normal,0.0,none,,,,"upper slot 5 supported by L1[5,6]"
D10_F05_illegal_ninth_support8.ply,D10,5,illegal_ninth_support8,16,467,2,6,layer2,VISIBLE,0,mask_14_f.ply,7339,8.93,0.0,1.6183987179478947,0.0,1.12,1.24,0.0,0.0,0.0,normal,0.0,none,,,,"upper slot 6 supported by L1[6,7]"
D10_F05_illegal_ninth_support8.ply,D10,5,illegal_ninth_support8,17,424,2,7,layer2,VISIBLE,0,mask_1_f.ply,8255,10.149999999999999,0.0,1.6183987179478947,0.0,1.12,1.24,0.0,0.0,0.0,normal,0.0,none,,,,"upper slot 7 supported by L1[7,8]"
D10_F05_illegal_ninth_support8.ply,D10,5,illegal_ninth_support8,18,815,2,8,layer2,VISIBLE,1,mask_5_f.ply,8733,11.370000000000001,0.0,1.6183987179478947,5.0,1.12,1.24,,,,normal,0.0,none,11.430000000000001,0.03,1.6183987179478947,"upper slot 8 supported by L1[8,9]"
