file,sequence_id,frame_index,layer,cluster,left_global_id,right_global_id,left_slot,right_slot,slot_delta,center_dx_m,center_dy_m,center_xy_distance_m,model_surface_gap_x_m,relation
C01_F00_left_complex_start.ply,C01,0,1,left,0,1,0,1,1,1.223,0.02,1.2231635213658067,0.024750064000000238,DIRECT_CLUSTER_NEIGHBOR
C01_F00_left_complex_start.ply,C01,0,1,left,1,2,1,2,1,1.248,-0.03,1.248360524848491,0.024750027999999924,DIRECT_CLUSTER_NEIGHBOR
C01_F01_far_gap_new_yaw.ply,C01,1,1,left,0,1,0,1,1,1.263,-0.03,1.2633562442953292,0.06475006400000005,DIRECT_CLUSTER_NEIGHBOR
C01_F01_far_gap_new_yaw.ply,C01,1,1,left,1,2,1,2,1,1.3379999999999999,0.04,1.3385977737916643,0.11475002799999978,DIRECT_CLUSTER_NEIGHBOR
C01_F01_far_gap_new_yaw.ply,C01,1,1,left,2,3,2,3,1,1.6899999190000004,0.03,1.6902661702288215,0.4800000000000004,DIRECT_CLUSTER_NEIGHBOR
C01_F02_new_plus_partial_all_move.ply,C01,2,1,left,0,1,0,1,1,1.293,0.0,1.293,0.09475006400000008,DIRECT_CLUSTER_NEIGHBOR
C01_F02_new_plus_partial_all_move.ply,C01,2,1,left,1,2,1,2,1,1.388,0.0,1.388,0.16475002799999983,DIRECT_CLUSTER_NEIGHBOR
C01_F02_new_plus_partial_all_move.ply,C01,2,1,left,2,3,2,3,1,1.7799999189999998,0.019999999999999997,1.7801122750096428,0.5699999999999998,DIRECT_CLUSTER_NEIGHBOR
C01_F02_new_plus_partial_all_move.ply,C01,2,1,left,3,4,3,4,1,1.3099999380000007,-0.08,1.3124404129559581,0.12000000000000077,DIRECT_CLUSTER_NEIGHBOR
C01_F03_third_new_large_gap.ply,C01,3,1,left,0,1,0,1,1,1.313,0.0,1.313,0.1147500640000001,DIRECT_CLUSTER_NEIGHBOR
C01_F03_third_new_large_gap.ply,C01,3,1,left,1,2,1,2,1,1.4280000000000002,0.02,1.4281400491548442,0.20475002800000008,DIRECT_CLUSTER_NEIGHBOR
C01_F03_third_new_large_gap.ply,C01,3,1,left,2,3,2,3,1,1.8399999190000003,0.0,1.8399999190000003,0.6300000000000003,DIRECT_CLUSTER_NEIGHBOR
C01_F03_third_new_large_gap.ply,C01,3,1,left,3,4,3,4,1,1.3999999379999997,-0.11000000000000001,1.4043147177182196,0.20999999999999974,DIRECT_CLUSTER_NEIGHBOR
C01_F03_third_new_large_gap.ply,C01,3,1,left,4,5,4,5,1,1.5099999980000005,0.15000000000000002,1.5174320393216962,0.3200000000000005,DIRECT_CLUSTER_NEIGHBOR
C01_F04_settling_rebound.ply,C01,4,1,left,0,1,0,1,1,1.303,-0.03,1.3033453111129067,0.10475006400000009,DIRECT_CLUSTER_NEIGHBOR
C01_F04_settling_rebound.ply,C01,4,1,left,1,2,1,2,1,1.408,0.06,1.4092778292444679,0.18475002799999984,DIRECT_CLUSTER_NEIGHBOR
C01_F04_settling_rebound.ply,C01,4,1,left,2,3,2,3,1,1.8099999190000005,-0.03,1.8102485207230548,0.6000000000000005,DIRECT_CLUSTER_NEIGHBOR
C01_F04_settling_rebound.ply,C01,4,1,left,3,4,3,4,1,1.3699999379999994,-0.07,1.3717870935826748,0.1799999999999995,DIRECT_CLUSTER_NEIGHBOR
C01_F04_settling_rebound.ply,C01,4,1,left,4,5,4,5,1,1.4599999980000007,0.08,1.4621901361177356,0.2700000000000007,DIRECT_CLUSTER_NEIGHBOR
C02_F00_right_complex_start.ply,C02,0,1,right,7,8,7,8,1,1.2479999999999993,-0.03,1.2483605248484904,0.04975006399999948,DIRECT_CLUSTER_NEIGHBOR
C02_F00_right_complex_start.ply,C02,0,1,right,8,9,8,9,1,1.2230000000000008,0.04,1.223653954351475,-0.00024997199999932107,DIRECT_CLUSTER_NEIGHBOR
C02_F01_right_far_gap_new.ply,C02,1,1,right,6,7,6,7,1,1.6567504240000002,0.09,1.659193167604116,0.42000000000000015,DIRECT_CLUSTER_NEIGHBOR
C02_F01_right_far_gap_new.ply,C02,1,1,right,7,8,7,8,1,1.3079999999999998,-0.08,1.3104441994987805,0.10975006399999998,DIRECT_CLUSTER_NEIGHBOR
C02_F01_right_far_gap_new.ply,C02,1,1,right,8,9,8,9,1,1.2530000000000001,0.07,1.2549537840095946,0.02975002800000004,DIRECT_CLUSTER_NEIGHBOR
C02_F02_right_new_partial.ply,C02,2,1,right,5,6,5,6,1,1.391750429,-0.11000000000000001,1.3960907050122797,0.15999999999999992,DIRECT_CLUSTER_NEIGHBOR
C02_F02_right_new_partial.ply,C02,2,1,right,6,7,6,7,1,1.7267504240000005,0.07,1.7281686916456336,0.49000000000000044,DIRECT_CLUSTER_NEIGHBOR
C02_F02_right_new_partial.ply,C02,2,1,right,7,8,7,8,1,1.3580000000000005,-0.05,1.3589201595384481,0.1597500640000007,DIRECT_CLUSTER_NEIGHBOR
C02_F02_right_new_partial.ply,C02,2,1,right,8,9,8,9,1,1.2929999999999993,0.03,1.2933479810167092,0.06975002799999919,DIRECT_CLUSTER_NEIGHBOR
C02_F03_right_third_new_yaw.ply,C02,3,1,right,4,5,4,5,1,1.489999997,0.12,1.494824401413089,0.29999999899999996,DIRECT_CLUSTER_NEIGHBOR
C02_F03_right_third_new_yaw.ply,C02,3,1,right,5,6,5,6,1,1.431750429000001,-0.06,1.433007079864467,0.20000000000000084,DIRECT_CLUSTER_NEIGHBOR
C02_F03_right_third_new_yaw.ply,C02,3,1,right,6,7,6,7,1,1.7667504239999996,0.07,1.7681366069125366,0.5299999999999996,DIRECT_CLUSTER_NEIGHBOR
C02_F03_right_third_new_yaw.ply,C02,3,1,right,7,8,7,8,1,1.4079999999999995,-0.08,1.4102708959628991,0.20975006399999963,DIRECT_CLUSTER_NEIGHBOR
C02_F03_right_third_new_yaw.ply,C02,3,1,right,8,9,8,9,1,1.3230000000000004,0.04,1.3236045481940597,0.09975002800000032,DIRECT_CLUSTER_NEIGHBOR
C02_F04_right_settling.ply,C02,4,1,right,4,5,4,5,1,1.4899999970000009,0.1,1.493351931414696,0.29999999900000085,DIRECT_CLUSTER_NEIGHBOR
C02_F04_right_settling.ply,C02,4,1,right,5,6,5,6,1,1.4317504289999992,-0.04,1.4323090766107998,0.19999999999999907,DIRECT_CLUSTER_NEIGHBOR
C02_F04_right_settling.ply,C02,4,1,right,6,7,6,7,1,1.746750424,0.05,1.747465892011681,0.51,DIRECT_CLUSTER_NEIGHBOR
C02_F04_right_settling.ply,C02,4,1,right,7,8,7,8,1,1.4079999999999995,-0.06,1.4092778292444674,0.20975006399999963,DIRECT_CLUSTER_NEIGHBOR
C02_F04_right_settling.ply,C02,4,1,right,8,9,8,9,1,1.3230000000000004,0.02,1.3231511629439778,0.09975002800000032,DIRECT_CLUSTER_NEIGHBOR
C03_F00_two_side_complex_start.ply,C03,0,1,left,0,1,0,1,1,1.223,0.02,1.2231635213658067,0.024750064000000238,DIRECT_CLUSTER_NEIGHBOR
C03_F00_two_side_complex_start.ply,C03,0,1,right,8,9,8,9,1,1.2249999999999996,0.02,1.2251632544277513,0.0017500279999995705,DIRECT_CLUSTER_NEIGHBOR
C03_F01_left_new_far_gap.ply,C03,1,1,left,0,1,0,1,1,1.283,-0.01,1.2830389705694834,0.08475006400000007,DIRECT_CLUSTER_NEIGHBOR
C03_F01_left_new_far_gap.ply,C03,1,1,left,1,2,1,2,1,1.523249972,0.05,1.5240703649103609,0.2999999999999998,DIRECT_CLUSTER_NEIGHBOR
C03_F01_left_new_far_gap.ply,C03,1,1,right,8,9,8,9,1,1.2550000000000008,-0.01,1.25503984000509,0.03175002800000071,DIRECT_CLUSTER_NEIGHBOR
C03_F02_right_new_partial_left.ply,C03,2,1,left,0,1,0,1,1,1.313,0.01,1.3130380801789412,0.1147500640000001,DIRECT_CLUSTER_NEIGHBOR
C03_F02_right_new_partial_left.ply,C03,2,1,left,1,2,1,2,1,1.593249972,0.0,1.593249972,0.3699999999999999,DIRECT_CLUSTER_NEIGHBOR
C03_F02_right_new_partial_left.ply,C03,2,1,right,7,8,7,8,1,1.3982499359999991,0.030000000000000002,1.3985717298458458,0.1999999999999993,DIRECT_CLUSTER_NEIGHBOR
C03_F02_right_new_partial_left.ply,C03,2,1,right,8,9,8,9,1,1.3149999999999995,0.02,1.3151520824604273,0.09175002799999943,DIRECT_CLUSTER_NEIGHBOR
C03_F03_two_new_both_sides.ply,C03,3,1,left,0,1,0,1,1,1.3329999999999997,0.02,1.3331500290664962,0.1347500639999999,DIRECT_CLUSTER_NEIGHBOR
C03_F03_two_new_both_sides.ply,C03,3,1,left,1,2,1,2,1,1.6132499720000002,0.009999999999999998,1.6132809650392586,0.3900000000000001,DIRECT_CLUSTER_NEIGHBOR
C03_F03_two_new_both_sides.ply,C03,3,1,left,2,3,2,3,1,1.3099999189999996,0.05,1.3109537702680463,0.09999999999999964,DIRECT_CLUSTER_NEIGHBOR
C03_F03_two_new_both_sides.ply,C03,3,1,right,6,7,6,7,1,1.576750424,0.03,1.5770357952767529,0.3400000000000001,DIRECT_CLUSTER_NEIGHBOR
C03_F03_two_new_both_sides.ply,C03,3,1,right,7,8,7,8,1,1.4132499359999997,0.04,1.413815893815034,0.21499999999999986,DIRECT_CLUSTER_NEIGHBOR
C03_F03_two_new_both_sides.ply,C03,3,1,right,8,9,8,9,1,1.33,0.0,1.33,0.106750028,DIRECT_CLUSTER_NEIGHBOR
C03_F04_two_side_with_occluded.ply,C03,4,1,left,0,1,0,1,1,1.3329999999999997,0.04,1.3336000149970002,0.1347500639999999,DIRECT_CLUSTER_NEIGHBOR
C03_F04_two_side_with_occluded.ply,C03,4,1,left,1,2,1,2,1,1.6132499720000002,-0.009999999999999998,1.6132809650392586,0.3900000000000001,DIRECT_CLUSTER_NEIGHBOR
C03_F04_two_side_with_occluded.ply,C03,4,1,left,2,3,2,3,1,1.309999919,0.06999999999999999,1.3118688150040028,0.10000000000000009,DIRECT_CLUSTER_NEIGHBOR
C03_F04_two_side_with_occluded.ply,C03,4,1,right,6,7,6,7,1,1.576750424,0.049999999999999996,1.57754299452794,0.3400000000000001,DIRECT_CLUSTER_NEIGHBOR
C03_F04_two_side_with_occluded.ply,C03,4,1,right,7,8,7,8,1,1.4132499360000015,0.02,1.4133914466997486,0.21500000000000163,DIRECT_CLUSTER_NEIGHBOR
C03_F04_two_side_with_occluded.ply,C03,4,1,right,8,9,8,9,1,1.33,0.02,1.3301503674397117,0.106750028,DIRECT_CLUSTER_NEIGHBOR
C03_F05_occluded_return_partial.ply,C03,5,1,left,0,1,0,1,1,1.3330000000000002,0.04,1.3336000149970006,0.13475006400000034,DIRECT_CLUSTER_NEIGHBOR
C03_F05_occluded_return_partial.ply,C03,5,1,left,1,2,1,2,1,1.6132499719999998,-0.009999999999999998,1.613280965039258,0.3899999999999997,DIRECT_CLUSTER_NEIGHBOR
C03_F05_occluded_return_partial.ply,C03,5,1,left,2,3,2,3,1,1.3099999190000005,0.06999999999999999,1.3118688150040032,0.10000000000000053,DIRECT_CLUSTER_NEIGHBOR
C03_F05_occluded_return_partial.ply,C03,5,1,right,6,7,6,7,1,1.576750424,0.049999999999999996,1.57754299452794,0.3400000000000001,DIRECT_CLUSTER_NEIGHBOR
C03_F05_occluded_return_partial.ply,C03,5,1,right,7,8,7,8,1,1.4132499359999997,0.02,1.4133914466997468,0.21499999999999986,DIRECT_CLUSTER_NEIGHBOR
C03_F05_occluded_return_partial.ply,C03,5,1,right,8,9,8,9,1,1.33,0.02,1.3301503674397117,0.106750028,DIRECT_CLUSTER_NEIGHBOR
C04_F00_same_geom_start.ply,C04,0,1,left,0,1,0,1,1,1.2349999999999999,0.0,1.2349999999999999,0.02850006599999988,DIRECT_CLUSTER_NEIGHBOR
C04_F00_same_geom_start.ply,C04,0,1,left,1,2,1,2,1,1.235,0.0,1.235,0.0285000660000001,DIRECT_CLUSTER_NEIGHBOR
C04_F00_same_geom_start.ply,C04,0,1,left,2,3,2,3,1,1.2350000000000003,0.0,1.2350000000000003,0.028500066000000324,DIRECT_CLUSTER_NEIGHBOR
C04_F00_same_geom_start.ply,C04,0,1,left,3,4,3,4,1,1.2349999999999994,0.0,1.2349999999999994,0.028500065999999435,DIRECT_CLUSTER_NEIGHBOR
C04_F00_same_geom_start.ply,C04,0,1,left,4,5,4,5,1,1.2350000000000003,0.0,1.2350000000000003,0.028500066000000324,DIRECT_CLUSTER_NEIGHBOR
C04_F01_nearest_neighbor_trap.ply,C04,1,1,left,0,1,0,1,1,1.2349999999999999,0.04,1.2356476034857187,0.02850006599999988,DIRECT_CLUSTER_NEIGHBOR
C04_F01_nearest_neighbor_trap.ply,C04,1,1,left,1,2,1,2,1,1.2349999999999999,-0.04,1.2356476034857187,0.02850006599999988,DIRECT_CLUSTER_NEIGHBOR
C04_F01_nearest_neighbor_trap.ply,C04,1,1,left,2,3,2,3,1,1.2350000000000003,0.04,1.2356476034857191,0.028500066000000324,DIRECT_CLUSTER_NEIGHBOR
C04_F01_nearest_neighbor_trap.ply,C04,1,1,left,3,4,3,4,1,1.2349999999999994,-0.04,1.2356476034857182,0.028500065999999435,DIRECT_CLUSTER_NEIGHBOR
C04_F01_nearest_neighbor_trap.ply,C04,1,1,left,4,5,4,5,1,1.2350000000000003,0.04,1.2356476034857191,0.028500066000000324,DIRECT_CLUSTER_NEIGHBOR
C04_F02_same_spec_new_after_shift.ply,C04,2,1,left,0,1,0,1,1,1.2349999999999999,0.05,1.2360117313359125,0.02850006599999988,DIRECT_CLUSTER_NEIGHBOR
C04_F02_same_spec_new_after_shift.ply,C04,2,1,left,1,2,1,2,1,1.2350000000000003,-0.03,1.235364318733547,0.028500066000000324,DIRECT_CLUSTER_NEIGHBOR
C04_F02_same_spec_new_after_shift.ply,C04,2,1,left,2,3,2,3,1,1.2349999999999994,0.02,1.235161932703562,0.028500065999999435,DIRECT_CLUSTER_NEIGHBOR
C04_F02_same_spec_new_after_shift.ply,C04,2,1,left,3,4,3,4,1,1.2350000000000003,-0.03,1.235364318733547,0.028500066000000324,DIRECT_CLUSTER_NEIGHBOR
C04_F02_same_spec_new_after_shift.ply,C04,2,1,left,4,5,4,5,1,1.2350000000000003,0.05,1.236011731335913,0.028500066000000324,DIRECT_CLUSTER_NEIGHBOR
C04_F02_same_spec_new_after_shift.ply,C04,2,1,left,5,6,5,6,1,1.4264999339999989,-0.08,1.4287414257667483,0.21999999999999886,DIRECT_CLUSTER_NEIGHBOR
C04_F03_same_geom_partial_center.ply,C04,3,1,left,0,1,0,1,1,1.2550000000000003,0.03,1.2553585145288182,0.04850006600000034,DIRECT_CLUSTER_NEIGHBOR
C04_F03_same_geom_partial_center.ply,C04,3,1,left,1,2,1,2,1,1.255,-0.01,1.255039840005089,0.0485000659999999,DIRECT_CLUSTER_NEIGHBOR
C04_F03_same_geom_partial_center.ply,C04,3,1,left,2,3,2,3,1,1.255,0.0,1.255,0.0485000659999999,DIRECT_CLUSTER_NEIGHBOR
C04_F03_same_geom_partial_center.ply,C04,3,1,left,3,4,3,4,1,1.255,-0.01,1.255039840005089,0.0485000659999999,DIRECT_CLUSTER_NEIGHBOR
C04_F03_same_geom_partial_center.ply,C04,3,1,left,4,5,4,5,1,1.255,0.03,1.2553585145288177,0.0485000659999999,DIRECT_CLUSTER_NEIGHBOR
C04_F03_same_geom_partial_center.ply,C04,3,1,left,5,6,5,6,1,1.4464999340000002,-0.06,1.4477437822563788,0.2400000000000002,DIRECT_CLUSTER_NEIGHBOR
C04_F04_same_geom_occluded.ply,C04,4,1,left,0,1,0,1,1,1.255,0.03,1.2553585145288177,0.0485000659999999,DIRECT_CLUSTER_NEIGHBOR
C04_F04_same_geom_occluded.ply,C04,4,1,left,1,2,1,2,1,1.255,-0.01,1.255039840005089,0.0485000659999999,DIRECT_CLUSTER_NEIGHBOR
C04_F04_same_geom_occluded.ply,C04,4,1,left,2,3,2,3,1,1.255,0.0,1.255,0.0485000659999999,DIRECT_CLUSTER_NEIGHBOR
C04_F04_same_geom_occluded.ply,C04,4,1,left,3,4,3,4,1,1.255,-0.01,1.255039840005089,0.0485000659999999,DIRECT_CLUSTER_NEIGHBOR
C04_F04_same_geom_occluded.ply,C04,4,1,left,4,5,4,5,1,1.2550000000000008,0.03,1.2553585145288186,0.048500066000000785,DIRECT_CLUSTER_NEIGHBOR
C04_F04_same_geom_occluded.ply,C04,4,1,left,5,6,5,6,1,1.4464999340000002,-0.06,1.4477437822563788,0.2400000000000002,DIRECT_CLUSTER_NEIGHBOR
C05_F00_combo_start.ply,C05,0,1,left,0,1,0,1,1,1.223,0.02,1.2231635213658067,0.024750064000000238,DIRECT_CLUSTER_NEIGHBOR
C05_F00_combo_start.ply,C05,0,1,left,1,2,1,2,1,1.248,-0.02,1.2481602461222678,0.024750027999999924,DIRECT_CLUSTER_NEIGHBOR
C05_F00_combo_start.ply,C05,0,1,left,2,3,2,3,1,1.2350000000000003,0.02,1.2351619327035628,0.025000081000000396,DIRECT_CLUSTER_NEIGHBOR
C05_F01_new_and_occluded_far_gap.ply,C05,1,1,left,0,1,0,1,1,1.273,-0.02,1.2731570994971515,0.07475006400000006,DIRECT_CLUSTER_NEIGHBOR
C05_F01_new_and_occluded_far_gap.ply,C05,1,1,left,1,2,1,2,1,1.3279999999999998,0.03,1.3283388122011641,0.10475002799999977,DIRECT_CLUSTER_NEIGHBOR
C05_F01_new_and_occluded_far_gap.ply,C05,1,1,left,2,3,2,3,1,1.335,-0.03,1.3353370361073642,0.12500008100000004,DIRECT_CLUSTER_NEIGHBOR
C05_F01_new_and_occluded_far_gap.ply,C05,1,1,left,3,4,3,4,1,1.6899999380000006,0.09,1.6923946910930694,0.5000000000000007,DIRECT_CLUSTER_NEIGHBOR
C05_F02_occluded_returns_partial.ply,C05,2,1,left,0,1,0,1,1,1.303,0.01,1.303038372420398,0.10475006400000009,DIRECT_CLUSTER_NEIGHBOR
C05_F02_occluded_returns_partial.ply,C05,2,1,left,1,2,1,2,1,1.388,-0.01,1.38803602258731,0.16475002799999983,DIRECT_CLUSTER_NEIGHBOR
C05_F02_occluded_returns_partial.ply,C05,2,1,left,2,3,2,3,1,1.375,0.0,1.375,0.16500008100000008,DIRECT_CLUSTER_NEIGHBOR
C05_F02_occluded_returns_partial.ply,C05,2,1,left,3,4,3,4,1,1.7499999380000002,0.05,1.7507140780264505,0.5600000000000003,DIRECT_CLUSTER_NEIGHBOR
C05_F03_continued_loading_partial.ply,C05,3,1,left,0,1,0,1,1,1.323,0.03,1.3233400923421008,0.1247500640000001,DIRECT_CLUSTER_NEIGHBOR
C05_F03_continued_loading_partial.ply,C05,3,1,left,1,2,1,2,1,1.4080000000000004,-0.03,1.408319566007659,0.1847500280000003,DIRECT_CLUSTER_NEIGHBOR
C05_F03_continued_loading_partial.ply,C05,3,1,left,2,3,2,3,1,1.3949999999999996,0.02,1.3951433618091005,0.18500008099999965,DIRECT_CLUSTER_NEIGHBOR
C05_F03_continued_loading_partial.ply,C05,3,1,left,3,4,3,4,1,1.7699999380000007,0.03,1.7702541570407357,0.5800000000000007,DIRECT_CLUSTER_NEIGHBOR
C05_F03_continued_loading_partial.ply,C05,3,1,left,4,5,4,5,1,1.409999998,-0.09,1.4128694187220558,0.21999999999999997,DIRECT_CLUSTER_NEIGHBOR
C05_F04_combo_recovered.ply,C05,4,1,left,0,1,0,1,1,1.3130000000000002,0.04,1.3136091503944392,0.11475006400000032,DIRECT_CLUSTER_NEIGHBOR
C05_F04_combo_recovered.ply,C05,4,1,left,1,2,1,2,1,1.3980000000000001,-0.02,1.398143054197245,0.17475002800000006,DIRECT_CLUSTER_NEIGHBOR
C05_F04_combo_recovered.ply,C05,4,1,left,2,3,2,3,1,1.3849999999999998,0.0,1.3849999999999998,0.17500008099999986,DIRECT_CLUSTER_NEIGHBOR
C05_F04_combo_recovered.ply,C05,4,1,left,3,4,3,4,1,1.759999938,0.04,1.760454424789237,0.5700000000000001,DIRECT_CLUSTER_NEIGHBOR
C05_F04_combo_recovered.ply,C05,4,1,left,4,5,4,5,1,1.3999999980000002,-0.08,1.402283849439906,0.2100000000000002,DIRECT_CLUSTER_NEIGHBOR
C06_F00_full_l1_start.ply,C06,0,1,full_L1,0,1,0,1,1,1.223,0.0,1.223,0.024750064000000238,DIRECT_CLUSTER_NEIGHBOR
C06_F00_full_l1_start.ply,C06,0,1,full_L1,1,2,1,2,1,1.248,0.0,1.248,0.024750027999999924,DIRECT_CLUSTER_NEIGHBOR
C06_F00_full_l1_start.ply,C06,0,1,full_L1,2,3,2,3,1,1.2350000000000003,0.0,1.2350000000000003,0.025000081000000396,DIRECT_CLUSTER_NEIGHBOR
C06_F00_full_l1_start.ply,C06,0,1,full_L1,3,4,3,4,1,1.2149999999999999,0.0,1.2149999999999999,0.025000061999999934,DIRECT_CLUSTER_NEIGHBOR
C06_F00_full_l1_start.ply,C06,0,1,full_L1,4,5,4,5,1,1.2149999999999999,0.0,1.2149999999999999,0.025000001999999855,DIRECT_CLUSTER_NEIGHBOR
C06_F00_full_l1_start.ply,C06,0,1,full_L1,5,6,5,6,1,1.2570000000000006,0.0,1.2570000000000006,0.02524957100000047,DIRECT_CLUSTER_NEIGHBOR
C06_F00_full_l1_start.ply,C06,0,1,full_L1,6,7,6,7,1,1.2619999999999987,0.0,1.2619999999999987,0.025249575999998664,DIRECT_CLUSTER_NEIGHBOR
C06_F00_full_l1_start.ply,C06,0,1,full_L1,7,8,7,8,1,1.2230000000000008,0.0,1.2230000000000008,0.024750064000000904,DIRECT_CLUSTER_NEIGHBOR
C06_F00_full_l1_start.ply,C06,0,1,full_L1,8,9,8,9,1,1.2490000000000006,0.0,1.2490000000000006,0.02575002800000048,DIRECT_CLUSTER_NEIGHBOR
C06_F01_layer2_new_yaw.ply,C06,1,1,full_L1,0,1,0,1,1,1.229,0.01,1.2290406828091576,0.030750064000000243,DIRECT_CLUSTER_NEIGHBOR
C06_F01_layer2_new_yaw.ply,C06,1,1,full_L1,1,2,1,2,1,1.2539999999999998,-0.01,1.2540398717744183,0.030750027999999707,DIRECT_CLUSTER_NEIGHBOR
C06_F01_layer2_new_yaw.ply,C06,1,1,full_L1,2,3,2,3,1,1.241,0.01,1.241040289434634,0.03100008100000018,DIRECT_CLUSTER_NEIGHBOR
C06_F01_layer2_new_yaw.ply,C06,1,1,full_L1,3,4,3,4,1,1.221,-0.01,1.2210409493542795,0.03100006200000016,DIRECT_CLUSTER_NEIGHBOR
C06_F01_layer2_new_yaw.ply,C06,1,1,full_L1,4,5,4,5,1,1.221,0.01,1.2210409493542795,0.031000002000000082,DIRECT_CLUSTER_NEIGHBOR
C06_F01_layer2_new_yaw.ply,C06,1,1,full_L1,5,6,5,6,1,1.263,-0.01,1.2630395876614477,0.03124957099999981,DIRECT_CLUSTER_NEIGHBOR
C06_F01_layer2_new_yaw.ply,C06,1,1,full_L1,6,7,6,7,1,1.2680000000000007,0.01,1.2680394315635464,0.031249576000000667,DIRECT_CLUSTER_NEIGHBOR
C06_F01_layer2_new_yaw.ply,C06,1,1,full_L1,7,8,7,8,1,1.2289999999999992,-0.01,1.2290406828091567,0.030750063999999355,DIRECT_CLUSTER_NEIGHBOR
C06_F01_layer2_new_yaw.ply,C06,1,1,full_L1,8,9,8,9,1,1.2550000000000008,0.01,1.25503984000509,0.03175002800000071,DIRECT_CLUSTER_NEIGHBOR
C06_F02_second_layer2_new.ply,C06,2,1,full_L1,0,1,0,1,1,1.2249999999999999,0.002,1.225001632651973,0.026750064000000018,DIRECT_CLUSTER_NEIGHBOR
C06_F02_second_layer2_new.ply,C06,2,1,full_L1,1,2,1,2,1,1.25,-0.002,1.250001599998976,0.026750027999999926,DIRECT_CLUSTER_NEIGHBOR
C06_F02_second_layer2_new.ply,C06,2,1,full_L1,2,3,2,3,1,1.237,0.002,1.2370016168138183,0.027000081000000176,DIRECT_CLUSTER_NEIGHBOR
C06_F02_second_layer2_new.ply,C06,2,1,full_L1,3,4,3,4,1,1.2169999999999996,-0.002,1.2170016433842639,0.027000061999999714,DIRECT_CLUSTER_NEIGHBOR
C06_F02_second_layer2_new.ply,C06,2,1,full_L1,4,5,4,5,1,1.2170000000000005,0.002,1.2170016433842648,0.027000002000000523,DIRECT_CLUSTER_NEIGHBOR
C06_F02_second_layer2_new.ply,C06,2,1,full_L1,5,6,5,6,1,1.2589999999999995,-0.002,1.2590015885613484,0.027249570999999362,DIRECT_CLUSTER_NEIGHBOR
C06_F02_second_layer2_new.ply,C06,2,1,full_L1,6,7,6,7,1,1.2640000000000011,0.002,1.2640015822774917,0.027249576000001108,DIRECT_CLUSTER_NEIGHBOR
C06_F02_second_layer2_new.ply,C06,2,1,full_L1,7,8,7,8,1,1.2249999999999996,-0.002,1.2250016326519728,0.026750063999999796,DIRECT_CLUSTER_NEIGHBOR
C06_F02_second_layer2_new.ply,C06,2,1,full_L1,8,9,8,9,1,1.2509999999999994,0.002,1.2510015987200012,0.02775002799999937,DIRECT_CLUSTER_NEIGHBOR
C06_F02_second_layer2_new.ply,C06,2,2,layer2,20,21,0,1,1,2.34,-0.07,2.34104677441524,1.141750064,DIRECT_CLUSTER_NEIGHBOR
C06_F03_layer2_new_lower_occluded.ply,C06,3,1,full_L1,0,1,0,1,1,1.225,0.006,1.2250146937894255,0.02675006400000024,DIRECT_CLUSTER_NEIGHBOR
C06_F03_layer2_new_lower_occluded.ply,C06,3,1,full_L1,1,2,1,2,1,1.2499999999999998,-0.006,1.2500143999170568,0.026750027999999704,DIRECT_CLUSTER_NEIGHBOR
C06_F03_layer2_new_lower_occluded.ply,C06,3,1,full_L1,2,3,2,3,1,1.237,0.006,1.2370145512482869,0.027000081000000176,DIRECT_CLUSTER_NEIGHBOR
C06_F03_layer2_new_lower_occluded.ply,C06,3,1,full_L1,3,4,3,4,1,1.2170000000000005,-0.006,1.2170147903784905,0.027000062000000602,DIRECT_CLUSTER_NEIGHBOR
C06_F03_layer2_new_lower_occluded.ply,C06,3,1,full_L1,4,5,4,5,1,1.2169999999999996,0.006,1.2170147903784896,0.027000001999999634,DIRECT_CLUSTER_NEIGHBOR
C06_F03_layer2_new_lower_occluded.ply,C06,3,1,full_L1,5,6,5,6,1,1.2590000000000003,-0.006,1.259014296979983,0.02724957100000025,DIRECT_CLUSTER_NEIGHBOR
C06_F03_layer2_new_lower_occluded.ply,C06,3,1,full_L1,6,7,6,7,1,1.2639999999999993,0.006,1.264014240426111,0.02724957599999933,DIRECT_CLUSTER_NEIGHBOR
C06_F03_layer2_new_lower_occluded.ply,C06,3,1,full_L1,7,8,7,8,1,1.2249999999999996,-0.006,1.225014693789425,0.026750063999999796,DIRECT_CLUSTER_NEIGHBOR
C06_F03_layer2_new_lower_occluded.ply,C06,3,1,full_L1,8,9,8,9,1,1.2510000000000012,0.006,1.2510143884064655,0.027750028000001148,DIRECT_CLUSTER_NEIGHBOR
C06_F03_layer2_new_lower_occluded.ply,C06,3,2,layer2,20,21,0,1,1,2.34,-0.09,2.3417301296263835,1.141750064,DIRECT_CLUSTER_NEIGHBOR
C06_F03_layer2_new_lower_occluded.ply,C06,3,2,layer2,21,22,1,2,1,2.41,0.12,2.412985702402731,1.186750028,DIRECT_CLUSTER_NEIGHBOR
C06_F04_layer2_motion_lower_return.ply,C06,4,1,full_L1,0,1,0,1,1,1.225,0.006,1.2250146937894255,0.02675006400000024,DIRECT_CLUSTER_NEIGHBOR
C06_F04_layer2_motion_lower_return.ply,C06,4,1,full_L1,1,2,1,2,1,1.25,-0.006,1.250014399917057,0.026750027999999926,DIRECT_CLUSTER_NEIGHBOR
C06_F04_layer2_motion_lower_return.ply,C06,4,1,full_L1,2,3,2,3,1,1.237,0.006,1.2370145512482869,0.027000081000000176,DIRECT_CLUSTER_NEIGHBOR
C06_F04_layer2_motion_lower_return.ply,C06,4,1,full_L1,3,4,3,4,1,1.2169999999999996,-0.006,1.2170147903784896,0.027000061999999714,DIRECT_CLUSTER_NEIGHBOR
C06_F04_layer2_motion_lower_return.ply,C06,4,1,full_L1,4,5,4,5,1,1.2170000000000005,0.006,1.2170147903784905,0.027000002000000523,DIRECT_CLUSTER_NEIGHBOR
C06_F04_layer2_motion_lower_return.ply,C06,4,1,full_L1,5,6,5,6,1,1.2590000000000003,-0.006,1.259014296979983,0.02724957100000025,DIRECT_CLUSTER_NEIGHBOR
C06_F04_layer2_motion_lower_return.ply,C06,4,1,full_L1,6,7,6,7,1,1.2639999999999993,0.006,1.264014240426111,0.02724957599999933,DIRECT_CLUSTER_NEIGHBOR
C06_F04_layer2_motion_lower_return.ply,C06,4,1,full_L1,7,8,7,8,1,1.2249999999999996,-0.006,1.225014693789425,0.026750063999999796,DIRECT_CLUSTER_NEIGHBOR
C06_F04_layer2_motion_lower_return.ply,C06,4,1,full_L1,8,9,8,9,1,1.2510000000000012,0.006,1.2510143884064655,0.027750028000001148,DIRECT_CLUSTER_NEIGHBOR
C06_F04_layer2_motion_lower_return.ply,C06,4,2,layer2,20,21,0,1,1,2.35,-0.09000000000000001,2.3517227727774377,1.1517500640000002,DIRECT_CLUSTER_NEIGHBOR
C06_F04_layer2_motion_lower_return.ply,C06,4,2,layer2,21,22,1,2,1,2.42,0.12000000000000001,2.4229733799610758,1.1967500279999999,DIRECT_CLUSTER_NEIGHBOR
C06_F05_fourth_layer2_new.ply,C06,5,1,full_L1,0,1,0,1,1,1.229,0.01,1.2290406828091576,0.030750064000000243,DIRECT_CLUSTER_NEIGHBOR
C06_F05_fourth_layer2_new.ply,C06,5,1,full_L1,1,2,1,2,1,1.254,-0.01,1.2540398717744186,0.03075002799999993,DIRECT_CLUSTER_NEIGHBOR
C06_F05_fourth_layer2_new.ply,C06,5,1,full_L1,2,3,2,3,1,1.2289999999999996,0.01,1.2290406828091571,0.019000080999999724,DIRECT_CLUSTER_NEIGHBOR
C06_F05_fourth_layer2_new.ply,C06,5,1,full_L1,3,4,3,4,1,1.221,-0.01,1.2210409493542795,0.03100006200000016,DIRECT_CLUSTER_NEIGHBOR
C06_F05_fourth_layer2_new.ply,C06,5,1,full_L1,4,5,4,5,1,1.221,0.01,1.2210409493542795,0.031000002000000082,DIRECT_CLUSTER_NEIGHBOR
C06_F05_fourth_layer2_new.ply,C06,5,1,full_L1,5,6,5,6,1,1.2510000000000003,-0.01,1.2510399673871337,0.019249571000000243,DIRECT_CLUSTER_NEIGHBOR
C06_F05_fourth_layer2_new.ply,C06,5,1,full_L1,6,7,6,7,1,1.2680000000000007,0.01,1.2680394315635464,0.031249576000000667,DIRECT_CLUSTER_NEIGHBOR
C06_F05_fourth_layer2_new.ply,C06,5,1,full_L1,7,8,7,8,1,1.2289999999999992,-0.01,1.2290406828091567,0.030750063999999355,DIRECT_CLUSTER_NEIGHBOR
C06_F05_fourth_layer2_new.ply,C06,5,1,full_L1,8,9,8,9,1,1.2430000000000003,0.01,1.243040224610612,0.019750028000000253,DIRECT_CLUSTER_NEIGHBOR
C06_F05_fourth_layer2_new.ply,C06,5,2,layer2,20,21,0,1,1,2.35,-0.09000000000000001,2.3517227727774377,1.1517500640000002,DIRECT_CLUSTER_NEIGHBOR
C06_F05_fourth_layer2_new.ply,C06,5,2,layer2,21,22,1,2,1,2.42,0.12000000000000001,2.4229733799610758,1.1967500279999999,DIRECT_CLUSTER_NEIGHBOR
C06_F05_fourth_layer2_new.ply,C06,5,2,layer2,22,23,2,3,1,2.29,-0.09,2.2917678765529463,1.0800000810000001,DIRECT_CLUSTER_NEIGHBOR
C07_F00_multi_new_start.ply,C07,0,1,left,0,1,0,1,1,1.223,0.02,1.2231635213658067,0.024750064000000238,DIRECT_CLUSTER_NEIGHBOR
C07_F00_multi_new_start.ply,C07,0,1,right,8,9,8,9,1,1.2249999999999996,0.02,1.2251632544277513,0.0017500279999995705,DIRECT_CLUSTER_NEIGHBOR
C07_F01_two_new_far_gaps_yaw.ply,C07,1,1,left,0,1,0,1,1,1.293,-0.01,1.2930386691820164,0.09475006400000008,DIRECT_CLUSTER_NEIGHBOR
C07_F01_two_new_far_gaps_yaw.ply,C07,1,1,left,1,2,1,2,1,1.603249972,0.08,1.60524467690069,0.3799999999999999,DIRECT_CLUSTER_NEIGHBOR
C07_F01_two_new_far_gaps_yaw.ply,C07,1,1,right,7,8,7,8,1,1.6282499360000013,0.08,1.6302140516153112,0.4300000000000015,DIRECT_CLUSTER_NEIGHBOR
C07_F01_two_new_far_gaps_yaw.ply,C07,1,1,right,8,9,8,9,1,1.2850000000000001,-0.01,1.2850389099167387,0.06175002800000007,DIRECT_CLUSTER_NEIGHBOR
C07_F02_second_multi_new.ply,C07,2,1,left,0,1,0,1,1,1.313,0.01,1.3130380801789412,0.1147500640000001,DIRECT_CLUSTER_NEIGHBOR
C07_F02_second_multi_new.ply,C07,2,1,left,1,2,1,2,1,1.6232499720000002,0.060000000000000005,1.6243584800154187,0.40000000000000013,DIRECT_CLUSTER_NEIGHBOR
C07_F02_second_multi_new.ply,C07,2,1,left,2,3,2,3,1,1.3699999189999996,-0.030000000000000006,1.3703283468059784,0.1599999999999997,DIRECT_CLUSTER_NEIGHBOR
C07_F02_second_multi_new.ply,C07,2,1,right,6,7,6,7,1,1.4567504240000009,-0.030000000000000006,1.4570592979780137,0.22000000000000086,DIRECT_CLUSTER_NEIGHBOR
C07_F02_second_multi_new.ply,C07,2,1,right,7,8,7,8,1,1.6382499359999994,0.060000000000000005,1.639348301247786,0.4399999999999995,DIRECT_CLUSTER_NEIGHBOR
C07_F02_second_multi_new.ply,C07,2,1,right,8,9,8,9,1,1.295,0.01,1.2950386094630537,0.07175002799999985,DIRECT_CLUSTER_NEIGHBOR
C07_F03_multi_new_then_occlusion.ply,C07,3,1,left,0,1,0,1,1,1.3129999999999997,0.01,1.313038080178941,0.11475006399999987,DIRECT_CLUSTER_NEIGHBOR
C07_F03_multi_new_then_occlusion.ply,C07,3,1,left,1,2,1,2,1,1.623249972,0.060000000000000005,1.6243584800154185,0.3999999999999999,DIRECT_CLUSTER_NEIGHBOR
C07_F03_multi_new_then_occlusion.ply,C07,3,1,left,2,3,2,3,1,1.3699999190000005,-0.030000000000000006,1.3703283468059793,0.1600000000000006,DIRECT_CLUSTER_NEIGHBOR
C07_F03_multi_new_then_occlusion.ply,C07,3,1,right,6,7,6,7,1,1.456750423999999,-0.030000000000000006,1.457059297978012,0.21999999999999909,DIRECT_CLUSTER_NEIGHBOR
C07_F03_multi_new_then_occlusion.ply,C07,3,1,right,7,8,7,8,1,1.6382499359999994,0.060000000000000005,1.639348301247786,0.4399999999999995,DIRECT_CLUSTER_NEIGHBOR
C07_F03_multi_new_then_occlusion.ply,C07,3,1,right,8,9,8,9,1,1.295,0.01,1.2950386094630537,0.07175002799999985,DIRECT_CLUSTER_NEIGHBOR
C07_F04_multi_new_occlusion_return.ply,C07,4,1,left,0,1,0,1,1,1.3130000000000002,0.03,1.313342681861821,0.11475006400000032,DIRECT_CLUSTER_NEIGHBOR
C07_F04_multi_new_occlusion_return.ply,C07,4,1,left,1,2,1,2,1,1.623249972,0.039999999999999994,1.6237427356567298,0.3999999999999999,DIRECT_CLUSTER_NEIGHBOR
C07_F04_multi_new_occlusion_return.ply,C07,4,1,left,2,3,2,3,1,1.3699999189999996,-0.009999999999999995,1.37003641486641,0.1599999999999997,DIRECT_CLUSTER_NEIGHBOR
C07_F04_multi_new_occlusion_return.ply,C07,4,1,right,6,7,6,7,1,1.4567504240000009,-0.009999999999999995,1.4567847465649078,0.22000000000000086,DIRECT_CLUSTER_NEIGHBOR
C07_F04_multi_new_occlusion_return.ply,C07,4,1,right,7,8,7,8,1,1.6382499359999994,0.039999999999999994,1.6387381892187665,0.4399999999999995,DIRECT_CLUSTER_NEIGHBOR
C07_F04_multi_new_occlusion_return.ply,C07,4,1,right,8,9,8,9,1,1.295,0.03,1.2953474437385515,0.07175002799999985,DIRECT_CLUSTER_NEIGHBOR
C08_F00_hint_motion_start.ply,C08,0,1,left,0,1,0,1,1,1.223,0.04,1.2236539543514744,0.024750064000000238,DIRECT_CLUSTER_NEIGHBOR
C08_F00_hint_motion_start.ply,C08,0,1,left,1,2,1,2,1,1.248,-0.04,1.2486408610965765,0.024750027999999924,DIRECT_CLUSTER_NEIGHBOR
C08_F00_hint_motion_start.ply,C08,0,1,left,2,3,2,3,1,1.2350000000000003,0.04,1.2356476034857191,0.025000081000000396,DIRECT_CLUSTER_NEIGHBOR
C08_F01_imperfect_hint_large_move.ply,C08,1,1,left,0,1,0,1,1,1.3030000000000002,-0.14,1.3104995230827061,0.10475006400000031,DIRECT_CLUSTER_NEIGHBOR
C08_F01_imperfect_hint_large_move.ply,C08,1,1,left,1,2,1,2,1,1.3279999999999998,0.18,1.3401432759223917,0.10475002799999977,DIRECT_CLUSTER_NEIGHBOR
C08_F01_imperfect_hint_large_move.ply,C08,1,1,left,2,3,2,3,1,1.3249999999999997,-0.16,1.334625415612935,0.11500008099999981,DIRECT_CLUSTER_NEIGHBOR
C08_F01_imperfect_hint_large_move.ply,C08,1,1,left,3,4,3,4,1,1.6399999379999999,0.2,1.6521500527010262,0.44999999999999996,DIRECT_CLUSTER_NEIGHBOR
C08_F02_second_imperfect_hint_group_shift.ply,C08,2,1,left,0,1,0,1,1,1.3279999999999998,-0.12,1.33341066442413,0.129750064,DIRECT_CLUSTER_NEIGHBOR
C08_F02_second_imperfect_hint_group_shift.ply,C08,2,1,left,1,2,1,2,1,1.3530000000000002,0.2,1.3677020874444845,0.12975002800000013,DIRECT_CLUSTER_NEIGHBOR
C08_F02_second_imperfect_hint_group_shift.ply,C08,2,1,left,2,3,2,3,1,1.3499999999999996,-0.2,1.3647344063956177,0.14000008099999972,DIRECT_CLUSTER_NEIGHBOR
C08_F02_second_imperfect_hint_group_shift.ply,C08,2,1,left,3,4,3,4,1,1.6649999380000002,0.22,1.6794715816410841,0.4750000000000003,DIRECT_CLUSTER_NEIGHBOR
C08_F02_second_imperfect_hint_group_shift.ply,C08,2,1,left,4,5,4,5,1,1.3099999980000003,-0.22999999999999998,1.3300375914837899,0.12000000000000033,DIRECT_CLUSTER_NEIGHBOR
C08_F03_near_roi_group_translation.ply,C08,3,1,left,0,1,0,1,1,1.3280000000000003,0.0,1.3280000000000003,0.12975006400000044,DIRECT_CLUSTER_NEIGHBOR
C08_F03_near_roi_group_translation.ply,C08,3,1,left,1,2,1,2,1,1.3529999999999998,0.08,1.3553630509940868,0.12975002799999968,DIRECT_CLUSTER_NEIGHBOR
C08_F03_near_roi_group_translation.ply,C08,3,1,left,2,3,2,3,1,1.3500000000000005,-0.08,1.3523682930326344,0.1400000810000006,DIRECT_CLUSTER_NEIGHBOR
C08_F03_near_roi_group_translation.ply,C08,3,1,left,3,4,3,4,1,1.6649999380000002,0.1,1.6680002378716872,0.4750000000000003,DIRECT_CLUSTER_NEIGHBOR
C08_F03_near_roi_group_translation.ply,C08,3,1,left,4,5,4,5,1,1.3099999979999986,-0.11,1.3146102063957956,0.11999999999999855,DIRECT_CLUSTER_NEIGHBOR
C08_F04_large_motion_rebound.ply,C08,4,1,left,0,1,0,1,1,1.3279999999999998,-0.06,1.329354730687035,0.129750064,DIRECT_CLUSTER_NEIGHBOR
C08_F04_large_motion_rebound.ply,C08,4,1,left,1,2,1,2,1,1.3530000000000002,0.14,1.3602238786317495,0.12975002800000013,DIRECT_CLUSTER_NEIGHBOR
C08_F04_large_motion_rebound.ply,C08,4,1,left,2,3,2,3,1,1.3499999999999996,-0.14,1.3572398461583712,0.14000008099999972,DIRECT_CLUSTER_NEIGHBOR
C08_F04_large_motion_rebound.ply,C08,4,1,left,3,4,3,4,1,1.6649999380000002,0.16,1.6726699595377459,0.4750000000000003,DIRECT_CLUSTER_NEIGHBOR
C08_F04_large_motion_rebound.ply,C08,4,1,left,4,5,4,5,1,1.3099999979999994,-0.16999999999999998,1.320984479378921,0.11999999999999944,DIRECT_CLUSTER_NEIGHBOR
C09_F00_visibility_complex_start.ply,C09,0,1,left,0,1,0,1,1,1.223,0.0,1.223,0.024750064000000238,DIRECT_CLUSTER_NEIGHBOR
C09_F00_visibility_complex_start.ply,C09,0,1,left,1,2,1,2,1,1.248,0.0,1.248,0.024750027999999924,DIRECT_CLUSTER_NEIGHBOR
C09_F00_visibility_complex_start.ply,C09,0,1,left,2,3,2,3,1,1.2350000000000003,0.0,1.2350000000000003,0.025000081000000396,DIRECT_CLUSTER_NEIGHBOR
C09_F00_visibility_complex_start.ply,C09,0,1,left,3,4,3,4,1,1.2149999999999999,0.0,1.2149999999999999,0.025000061999999934,DIRECT_CLUSTER_NEIGHBOR
C09_F00_visibility_complex_start.ply,C09,0,1,left,4,5,4,5,1,1.2149999999999999,0.0,1.2149999999999999,0.025000001999999855,DIRECT_CLUSTER_NEIGHBOR
C09_F01_multi_partial_all_move.ply,C09,1,1,left,0,1,0,1,1,1.253,0.03,1.2533590866148454,0.05475006400000004,DIRECT_CLUSTER_NEIGHBOR
C09_F01_multi_partial_all_move.ply,C09,1,1,left,1,2,1,2,1,1.278,-0.03,1.2783520641826336,0.05475002799999995,DIRECT_CLUSTER_NEIGHBOR
C09_F01_multi_partial_all_move.ply,C09,1,1,left,2,3,2,3,1,1.2649999999999997,0.03,1.2653556812216868,0.055000080999999756,DIRECT_CLUSTER_NEIGHBOR
C09_F01_multi_partial_all_move.ply,C09,1,1,left,3,4,3,4,1,1.245,-0.03,1.2453613933312693,0.05500006200000018,DIRECT_CLUSTER_NEIGHBOR
C09_F01_multi_partial_all_move.ply,C09,1,1,left,4,5,4,5,1,1.245,0.03,1.2453613933312693,0.0550000020000001,DIRECT_CLUSTER_NEIGHBOR
C09_F02_one_occluded_one_partial.ply,C09,2,1,left,0,1,0,1,1,1.233,0.01,1.2330405508335889,0.03475006400000025,DIRECT_CLUSTER_NEIGHBOR
C09_F02_one_occluded_one_partial.ply,C09,2,1,left,1,2,1,2,1,1.258,-0.01,1.258039745000133,0.03475002799999993,DIRECT_CLUSTER_NEIGHBOR
C09_F02_one_occluded_one_partial.ply,C09,2,1,left,2,3,2,3,1,1.2449999999999997,0.01,1.245040159994849,0.03500008099999974,DIRECT_CLUSTER_NEIGHBOR
C09_F02_one_occluded_one_partial.ply,C09,2,1,left,3,4,3,4,1,1.2250000000000005,-0.01,1.225040815646565,0.03500006200000061,DIRECT_CLUSTER_NEIGHBOR
C09_F02_one_occluded_one_partial.ply,C09,2,1,left,4,5,4,5,1,1.2249999999999996,0.01,1.2250408156465642,0.03500000199999964,DIRECT_CLUSTER_NEIGHBOR
C09_F03_return_plus_new.ply,C09,3,1,left,0,1,0,1,1,1.243,0.02,1.2431608906332279,0.044750064000000256,DIRECT_CLUSTER_NEIGHBOR
C09_F03_return_plus_new.ply,C09,3,1,left,1,2,1,2,1,1.2679999999999998,0.0,1.2679999999999998,0.04475002799999972,DIRECT_CLUSTER_NEIGHBOR
C09_F03_return_plus_new.ply,C09,3,1,left,2,3,2,3,1,1.2550000000000003,-0.01,1.2550398400050895,0.045000081000000414,DIRECT_CLUSTER_NEIGHBOR
C09_F03_return_plus_new.ply,C09,3,1,left,3,4,3,4,1,1.2349999999999994,0.0,1.2349999999999994,0.04500006199999951,DIRECT_CLUSTER_NEIGHBOR
C09_F03_return_plus_new.ply,C09,3,1,left,4,5,4,5,1,1.2350000000000003,0.02,1.2351619327035628,0.045000002000000316,DIRECT_CLUSTER_NEIGHBOR
C09_F03_return_plus_new.ply,C09,3,1,left,5,6,5,6,1,1.5017504289999994,0.085,1.5041540316741775,0.26999999999999935,DIRECT_CLUSTER_NEIGHBOR
C09_F04_visibility_recovered.ply,C09,4,1,left,0,1,0,1,1,1.238,0.02,1.238161540349239,0.03975006400000014,DIRECT_CLUSTER_NEIGHBOR
C09_F04_visibility_recovered.ply,C09,4,1,left,1,2,1,2,1,1.263,0.0,1.263,0.039750027999999826,DIRECT_CLUSTER_NEIGHBOR
C09_F04_visibility_recovered.ply,C09,4,1,left,2,3,2,3,1,1.25,-0.01,1.2500399993600204,0.040000081000000076,DIRECT_CLUSTER_NEIGHBOR
C09_F04_visibility_recovered.ply,C09,4,1,left,3,4,3,4,1,1.2299999999999995,0.0,1.2299999999999995,0.040000061999999614,DIRECT_CLUSTER_NEIGHBOR
C09_F04_visibility_recovered.ply,C09,4,1,left,4,5,4,5,1,1.2300000000000004,0.02,1.2301625908797589,0.04000000200000042,DIRECT_CLUSTER_NEIGHBOR
C09_F04_visibility_recovered.ply,C09,4,1,left,5,6,5,6,1,1.4967504290000004,0.085,1.4991620481828125,0.26500000000000035,DIRECT_CLUSTER_NEIGHBOR
C10_F00_rebound_start.ply,C10,0,1,left,0,1,0,1,1,1.223,0.0,1.223,0.024750064000000238,DIRECT_CLUSTER_NEIGHBOR
C10_F00_rebound_start.ply,C10,0,1,left,1,2,1,2,1,1.248,0.0,1.248,0.024750027999999924,DIRECT_CLUSTER_NEIGHBOR
C10_F00_rebound_start.ply,C10,0,1,left,2,3,2,3,1,1.2350000000000003,0.0,1.2350000000000003,0.025000081000000396,DIRECT_CLUSTER_NEIGHBOR
C10_F00_rebound_start.ply,C10,0,1,left,3,4,3,4,1,1.2149999999999999,0.0,1.2149999999999999,0.025000061999999934,DIRECT_CLUSTER_NEIGHBOR
C10_F01_push_forward_xy_yaw.ply,C10,1,1,left,0,1,0,1,1,1.2729999999999997,0.12,1.2786434217560418,0.07475006399999984,DIRECT_CLUSTER_NEIGHBOR
C10_F01_push_forward_xy_yaw.ply,C10,1,1,left,1,2,1,2,1,1.298,-0.12,1.3035351932341528,0.07475002799999997,DIRECT_CLUSTER_NEIGHBOR
C10_F01_push_forward_xy_yaw.ply,C10,1,1,left,2,3,2,3,1,1.2850000000000001,0.12,1.290590949914031,0.07500008100000022,DIRECT_CLUSTER_NEIGHBOR
C10_F01_push_forward_xy_yaw.ply,C10,1,1,left,3,4,3,4,1,1.2649999999999997,-0.12,1.270678952371526,0.07500006199999976,DIRECT_CLUSTER_NEIGHBOR
C10_F02_rebound_reverse.ply,C10,2,1,left,0,1,0,1,1,1.238,0.04,1.2386460349914337,0.03975006400000014,DIRECT_CLUSTER_NEIGHBOR
C10_F02_rebound_reverse.ply,C10,2,1,left,1,2,1,2,1,1.263,-0.04,1.263633253756801,0.039750027999999826,DIRECT_CLUSTER_NEIGHBOR
C10_F02_rebound_reverse.ply,C10,2,1,left,2,3,2,3,1,1.25,0.04,1.2506398362438325,0.040000081000000076,DIRECT_CLUSTER_NEIGHBOR
C10_F02_rebound_reverse.ply,C10,2,1,left,3,4,3,4,1,1.2300000000000004,-0.04,1.2306502346320831,0.0400000620000005,DIRECT_CLUSTER_NEIGHBOR
C10_F03_rebound_then_far_new.ply,C10,3,1,left,0,1,0,1,1,1.258,0.06,1.2594300298150747,0.05975006400000016,DIRECT_CLUSTER_NEIGHBOR
C10_F03_rebound_then_far_new.ply,C10,3,1,left,1,2,1,2,1,1.2830000000000001,-0.02,1.283155875176512,0.059750028000000066,DIRECT_CLUSTER_NEIGHBOR
C10_F03_rebound_then_far_new.ply,C10,3,1,left,2,3,2,3,1,1.27,-0.0,1.27,0.060000081000000094,DIRECT_CLUSTER_NEIGHBOR
C10_F03_rebound_then_far_new.ply,C10,3,1,left,3,4,3,4,1,1.25,-0.02,1.2501599897613105,0.060000062000000076,DIRECT_CLUSTER_NEIGHBOR
C10_F03_rebound_then_far_new.ply,C10,3,1,left,4,5,4,5,1,1.739999998,-0.08,1.741838107586351,0.55,DIRECT_CLUSTER_NEIGHBOR
C10_F04_rebound_final_settle.ply,C10,4,1,left,0,1,0,1,1,1.258,0.08,1.2605411536320423,0.05975006400000016,DIRECT_CLUSTER_NEIGHBOR
C10_F04_rebound_final_settle.ply,C10,4,1,left,1,2,1,2,1,1.283,-0.04,1.283623387135027,0.059750027999999844,DIRECT_CLUSTER_NEIGHBOR
C10_F04_rebound_final_settle.ply,C10,4,1,left,2,3,2,3,1,1.27,0.02,1.2701574705523722,0.060000081000000094,DIRECT_CLUSTER_NEIGHBOR
C10_F04_rebound_final_settle.ply,C10,4,1,left,3,4,3,4,1,1.25,-0.04,1.2506398362438325,0.060000062000000076,DIRECT_CLUSTER_NEIGHBOR
C10_F04_rebound_final_settle.ply,C10,4,1,left,4,5,4,5,1,1.739999998,-0.06,1.741034173426817,0.55,DIRECT_CLUSTER_NEIGHBOR
S01_F00_left_growth_3.ply,S01,0,1,left,0,1,0,1,1,1.2232499361038207,0.0,1.2232499361038207,0.02499999999999991,DIRECT_CLUSTER_NEIGHBOR
S01_F00_left_growth_3.ply,S01,0,1,left,1,2,1,2,1,1.2482499718666074,0.0,1.2482499718666074,0.02499999999999969,DIRECT_CLUSTER_NEIGHBOR
S01_F01_left_growth_4.ply,S01,1,1,left,0,1,0,1,1,1.2632499361038207,0.0,1.2632499361038207,0.06499999999999995,DIRECT_CLUSTER_NEIGHBOR
S01_F01_left_growth_4.ply,S01,1,1,left,1,2,1,2,1,1.2682499718666078,0.0,1.2682499718666078,0.04500000000000015,DIRECT_CLUSTER_NEIGHBOR
S01_F01_left_growth_4.ply,S01,1,1,left,2,3,2,3,1,1.2349999189376835,0.0,1.2349999189376835,0.025000000000000355,DIRECT_CLUSTER_NEIGHBOR
S01_F02_left_growth_5.ply,S01,2,1,left,0,1,0,1,1,1.2832499361038208,0.0,1.2832499361038208,0.08499999999999996,DIRECT_CLUSTER_NEIGHBOR
S01_F02_left_growth_5.ply,S01,2,1,left,1,2,1,2,1,1.2882499718666076,0.0,1.2882499718666076,0.06499999999999995,DIRECT_CLUSTER_NEIGHBOR
S01_F02_left_growth_5.ply,S01,2,1,left,2,3,2,3,1,1.254999918937683,0.0,1.254999918937683,0.04499999999999993,DIRECT_CLUSTER_NEIGHBOR
S01_F02_left_growth_5.ply,S01,2,1,left,3,4,3,4,1,1.2149999380111698,0.0,1.2149999380111698,0.025000000000000355,DIRECT_CLUSTER_NEIGHBOR
S01_F03_left_growth_6.ply,S01,3,1,left,0,1,0,1,1,1.3032499361038208,0.0,1.3032499361038208,0.10499999999999998,DIRECT_CLUSTER_NEIGHBOR
S01_F03_left_growth_6.ply,S01,3,1,left,1,2,1,2,1,1.3082499718666076,0.0,1.3082499718666076,0.08499999999999996,DIRECT_CLUSTER_NEIGHBOR
S01_F03_left_growth_6.ply,S01,3,1,left,2,3,2,3,1,1.274999918937684,0.0,1.274999918937684,0.06500000000000083,DIRECT_CLUSTER_NEIGHBOR
S01_F03_left_growth_6.ply,S01,3,1,left,3,4,3,4,1,1.2349999380111694,0.0,1.2349999380111694,0.04499999999999993,DIRECT_CLUSTER_NEIGHBOR
S01_F03_left_growth_6.ply,S01,3,1,left,4,5,4,5,1,1.2149999976158146,0.0,1.2149999976158146,0.025000000000000355,DIRECT_CLUSTER_NEIGHBOR
S02_F00_right_growth_3.ply,S02,0,1,right,7,8,7,8,1,1.248249971866608,0.0,1.248249971866608,0.025000000000000355,DIRECT_CLUSTER_NEIGHBOR
S02_F00_right_growth_3.ply,S02,0,1,right,8,9,8,9,1,1.2232499361038212,0.0,1.2232499361038212,0.025000000000000355,DIRECT_CLUSTER_NEIGHBOR
S02_F01_right_growth_4.ply,S02,1,1,right,6,7,6,7,1,1.2349999189376835,0.0,1.2349999189376835,0.025000000000000355,DIRECT_CLUSTER_NEIGHBOR
S02_F01_right_growth_4.ply,S02,1,1,right,7,8,7,8,1,1.248249971866608,0.0,1.248249971866608,0.025000000000000355,DIRECT_CLUSTER_NEIGHBOR
S02_F01_right_growth_4.ply,S02,1,1,right,8,9,8,9,1,1.2232499361038212,0.0,1.2232499361038212,0.025000000000000355,DIRECT_CLUSTER_NEIGHBOR
S02_F02_right_growth_5.ply,S02,2,1,right,5,6,5,6,1,1.2149999380111698,0.0,1.2149999380111698,0.025000000000000355,DIRECT_CLUSTER_NEIGHBOR
S02_F02_right_growth_5.ply,S02,2,1,right,6,7,6,7,1,1.2349999189376835,0.0,1.2349999189376835,0.025000000000000355,DIRECT_CLUSTER_NEIGHBOR
S02_F02_right_growth_5.ply,S02,2,1,right,7,8,7,8,1,1.248249971866608,0.0,1.248249971866608,0.025000000000000355,DIRECT_CLUSTER_NEIGHBOR
S02_F02_right_growth_5.ply,S02,2,1,right,8,9,8,9,1,1.2232499361038212,0.0,1.2232499361038212,0.025000000000000355,DIRECT_CLUSTER_NEIGHBOR
S03_F00_two_sides_4.ply,S03,0,1,left,0,1,0,1,1,1.2232499361038207,0.0,1.2232499361038207,0.02499999999999991,DIRECT_CLUSTER_NEIGHBOR
S03_F00_two_sides_4.ply,S03,0,1,right,8,9,8,9,1,1.261750423908234,0.0,1.261750423908234,0.025000000000000355,DIRECT_CLUSTER_NEIGHBOR
S03_F01_two_sides_5.ply,S03,1,1,left,0,1,0,1,1,1.2232499361038207,0.0,1.2232499361038207,0.02499999999999991,DIRECT_CLUSTER_NEIGHBOR
S03_F01_two_sides_5.ply,S03,1,1,left,1,2,1,2,1,1.2482499718666074,0.0,1.2482499718666074,0.02499999999999969,DIRECT_CLUSTER_NEIGHBOR
S03_F01_two_sides_5.ply,S03,1,1,right,8,9,8,9,1,1.261750423908234,0.0,1.261750423908234,0.025000000000000355,DIRECT_CLUSTER_NEIGHBOR
S03_F02_two_sides_6.ply,S03,2,1,left,0,1,0,1,1,1.2232499361038207,0.0,1.2232499361038207,0.02499999999999991,DIRECT_CLUSTER_NEIGHBOR
S03_F02_two_sides_6.ply,S03,2,1,left,1,2,1,2,1,1.2482499718666074,0.0,1.2482499718666074,0.02499999999999969,DIRECT_CLUSTER_NEIGHBOR
S03_F02_two_sides_6.ply,S03,2,1,right,7,8,7,8,1,1.2567504286766056,0.0,1.2567504286766056,0.025000000000000355,DIRECT_CLUSTER_NEIGHBOR
S03_F02_two_sides_6.ply,S03,2,1,right,8,9,8,9,1,1.261750423908234,0.0,1.261750423908234,0.025000000000000355,DIRECT_CLUSTER_NEIGHBOR
S03_F03_two_sides_7.ply,S03,3,1,left,0,1,0,1,1,1.2232499361038207,0.0,1.2232499361038207,0.02499999999999991,DIRECT_CLUSTER_NEIGHBOR
S03_F03_two_sides_7.ply,S03,3,1,left,1,2,1,2,1,1.2482499718666074,0.0,1.2482499718666074,0.02499999999999969,DIRECT_CLUSTER_NEIGHBOR
S03_F03_two_sides_7.ply,S03,3,1,left,2,3,2,3,1,1.234999918937684,0.0,1.234999918937684,0.0250000000000008,DIRECT_CLUSTER_NEIGHBOR
S03_F03_two_sides_7.ply,S03,3,1,right,7,8,7,8,1,1.2567504286766056,0.0,1.2567504286766056,0.025000000000000355,DIRECT_CLUSTER_NEIGHBOR
S03_F03_two_sides_7.ply,S03,3,1,right,8,9,8,9,1,1.261750423908234,0.0,1.261750423908234,0.025000000000000355,DIRECT_CLUSTER_NEIGHBOR
S03_F04_two_sides_8.ply,S03,4,1,left,0,1,0,1,1,1.2232499361038207,0.0,1.2232499361038207,0.02499999999999991,DIRECT_CLUSTER_NEIGHBOR
S03_F04_two_sides_8.ply,S03,4,1,left,1,2,1,2,1,1.2482499718666074,0.0,1.2482499718666074,0.02499999999999969,DIRECT_CLUSTER_NEIGHBOR
S03_F04_two_sides_8.ply,S03,4,1,left,2,3,2,3,1,1.234999918937684,0.0,1.234999918937684,0.0250000000000008,DIRECT_CLUSTER_NEIGHBOR
S03_F04_two_sides_8.ply,S03,4,1,right,6,7,6,7,1,1.2149999976158146,0.0,1.2149999976158146,0.025000000000000355,DIRECT_CLUSTER_NEIGHBOR
S03_F04_two_sides_8.ply,S03,4,1,right,7,8,7,8,1,1.2567504286766056,0.0,1.2567504286766056,0.025000000000000355,DIRECT_CLUSTER_NEIGHBOR
S03_F04_two_sides_8.ply,S03,4,1,right,8,9,8,9,1,1.261750423908234,0.0,1.261750423908234,0.025000000000000355,DIRECT_CLUSTER_NEIGHBOR
S04_F00_internal_gap_02cm.ply,S04,0,1,left,0,1,0,1,1,1.2232499361038207,0.0,1.2232499361038207,0.02499999999999991,DIRECT_CLUSTER_NEIGHBOR
S04_F00_internal_gap_02cm.ply,S04,0,1,left,1,2,1,2,1,1.2482499718666074,0.0,1.2482499718666074,0.02499999999999969,DIRECT_CLUSTER_NEIGHBOR
S04_F00_internal_gap_02cm.ply,S04,0,1,left,2,3,2,3,1,1.234999918937684,0.0,1.234999918937684,0.0250000000000008,DIRECT_CLUSTER_NEIGHBOR
S04_F00_internal_gap_02cm.ply,S04,0,1,left,3,4,3,4,1,1.2149999380111698,0.0,1.2149999380111698,0.025000000000000355,DIRECT_CLUSTER_NEIGHBOR
S04_F01_internal_gap_10cm.ply,S04,1,1,left,0,1,0,1,1,1.2232499361038207,0.0,1.2232499361038207,0.02499999999999991,DIRECT_CLUSTER_NEIGHBOR
S04_F01_internal_gap_10cm.ply,S04,1,1,left,1,2,1,2,1,1.2482499718666074,0.0,1.2482499718666074,0.02499999999999969,DIRECT_CLUSTER_NEIGHBOR
S04_F01_internal_gap_10cm.ply,S04,1,1,left,2,3,2,3,1,1.3099999189376832,0.0,1.3099999189376832,0.10000000000000009,DIRECT_CLUSTER_NEIGHBOR
S04_F01_internal_gap_10cm.ply,S04,1,1,left,3,4,3,4,1,1.2149999380111698,0.0,1.2149999380111698,0.025000000000000355,DIRECT_CLUSTER_NEIGHBOR
S04_F02_internal_gap_28cm.ply,S04,2,1,left,0,1,0,1,1,1.2232499361038207,0.0,1.2232499361038207,0.02499999999999991,DIRECT_CLUSTER_NEIGHBOR
S04_F02_internal_gap_28cm.ply,S04,2,1,left,1,2,1,2,1,1.2482499718666074,0.0,1.2482499718666074,0.02499999999999969,DIRECT_CLUSTER_NEIGHBOR
S04_F02_internal_gap_28cm.ply,S04,2,1,left,2,3,2,3,1,1.4899999189376838,0.0,1.4899999189376838,0.2800000000000007,DIRECT_CLUSTER_NEIGHBOR
S04_F02_internal_gap_28cm.ply,S04,2,1,left,3,4,3,4,1,1.2149999380111698,0.0,1.2149999380111698,0.025000000000000355,DIRECT_CLUSTER_NEIGHBOR
S04_F03_internal_gap_45cm.ply,S04,3,1,left,0,1,0,1,1,1.2232499361038207,0.0,1.2232499361038207,0.02499999999999991,DIRECT_CLUSTER_NEIGHBOR
S04_F03_internal_gap_45cm.ply,S04,3,1,left,1,2,1,2,1,1.2482499718666074,0.0,1.2482499718666074,0.02499999999999969,DIRECT_CLUSTER_NEIGHBOR
S04_F03_internal_gap_45cm.ply,S04,3,1,left,2,3,2,3,1,1.6599999189376837,0.0,1.6599999189376837,0.4500000000000006,DIRECT_CLUSTER_NEIGHBOR
S04_F03_internal_gap_45cm.ply,S04,3,1,left,3,4,3,4,1,1.2149999380111698,0.0,1.2149999380111698,0.025000000000000355,DIRECT_CLUSTER_NEIGHBOR
S05_F00_yaw_motion_0.ply,S05,0,1,left,0,1,0,1,1,1.2232499361038207,-0.0,1.2232499361038207,0.02499999999999991,DIRECT_CLUSTER_NEIGHBOR
S05_F00_yaw_motion_0.ply,S05,0,1,left,1,2,1,2,1,1.2482499718666074,0.0,1.2482499718666074,0.02499999999999969,DIRECT_CLUSTER_NEIGHBOR
S05_F00_yaw_motion_0.ply,S05,0,1,left,2,3,2,3,1,1.234999918937684,-0.0,1.234999918937684,0.0250000000000008,DIRECT_CLUSTER_NEIGHBOR
S05_F00_yaw_motion_0.ply,S05,0,1,left,3,4,3,4,1,1.2149999380111698,0.0,1.2149999380111698,0.025000000000000355,DIRECT_CLUSTER_NEIGHBOR
S05_F00_yaw_motion_0.ply,S05,0,1,left,4,5,4,5,1,1.2149999976158146,-0.0,1.2149999976158146,0.025000000000000355,DIRECT_CLUSTER_NEIGHBOR
S05_F01_yaw_motion_1.ply,S05,1,1,left,0,1,0,1,1,1.2232499361038207,-0.025,1.2235053764401698,0.02499999999999991,DIRECT_CLUSTER_NEIGHBOR
S05_F01_yaw_motion_1.ply,S05,1,1,left,1,2,1,2,1,1.2482499718666076,0.025,1.2485002972626744,0.02499999999999991,DIRECT_CLUSTER_NEIGHBOR
S05_F01_yaw_motion_1.ply,S05,1,1,left,2,3,2,3,1,1.2599999189376838,-0.025,1.260247910421981,0.05000000000000071,DIRECT_CLUSTER_NEIGHBOR
S05_F01_yaw_motion_1.ply,S05,1,1,left,3,4,3,4,1,1.2149999380111698,0.025,1.215257112452812,0.025000000000000355,DIRECT_CLUSTER_NEIGHBOR
S05_F01_yaw_motion_1.ply,S05,1,1,left,4,5,4,5,1,1.2149999976158146,-0.025,1.215257172044843,0.025000000000000355,DIRECT_CLUSTER_NEIGHBOR
S05_F02_yaw_motion_2.ply,S05,2,1,left,0,1,0,1,1,1.2232499361038207,-0.05,1.2242713776683671,0.02499999999999991,DIRECT_CLUSTER_NEIGHBOR
S05_F02_yaw_motion_2.ply,S05,2,1,left,1,2,1,2,1,1.2482499718666071,0.05,1.2492509724891094,0.024999999999999467,DIRECT_CLUSTER_NEIGHBOR
S05_F02_yaw_motion_2.ply,S05,2,1,left,2,3,2,3,1,1.2849999189376842,-0.05,1.2859723137260206,0.07500000000000107,DIRECT_CLUSTER_NEIGHBOR
S05_F02_yaw_motion_2.ply,S05,2,1,left,3,4,3,4,1,1.2149999380111698,0.05,1.216028309443142,0.025000000000000355,DIRECT_CLUSTER_NEIGHBOR
S05_F02_yaw_motion_2.ply,S05,2,1,left,4,5,4,5,1,1.2149999976158146,-0.05,1.2160283689973805,0.025000000000000355,DIRECT_CLUSTER_NEIGHBOR
S05_F03_yaw_motion_3.ply,S05,3,1,left,0,1,0,1,1,1.2232499361038207,-0.075,1.2255469824441663,0.02499999999999991,DIRECT_CLUSTER_NEIGHBOR
S05_F03_yaw_motion_3.ply,S05,3,1,left,1,2,1,2,1,1.2482499718666074,0.075,1.2505010964669268,0.02499999999999969,DIRECT_CLUSTER_NEIGHBOR
S05_F03_yaw_motion_3.ply,S05,3,1,left,2,3,2,3,1,1.309999918937684,-0.075,1.3121451092073386,0.10000000000000098,DIRECT_CLUSTER_NEIGHBOR
S05_F03_yaw_motion_3.ply,S05,3,1,left,3,4,3,4,1,1.2149999380111698,0.075,1.2173125520453432,0.025000000000000355,DIRECT_CLUSTER_NEIGHBOR
S05_F03_yaw_motion_3.ply,S05,3,1,left,4,5,4,5,1,1.2149999976158146,-0.075,1.217312611536753,0.025000000000000355,DIRECT_CLUSTER_NEIGHBOR
S06_F00_all_visible.ply,S06,0,1,left,0,1,0,1,1,1.2232499361038207,0.0,1.2232499361038207,0.02499999999999991,DIRECT_CLUSTER_NEIGHBOR
S06_F00_all_visible.ply,S06,0,1,left,1,2,1,2,1,1.2482499718666074,0.0,1.2482499718666074,0.02499999999999969,DIRECT_CLUSTER_NEIGHBOR
S06_F00_all_visible.ply,S06,0,1,left,2,3,2,3,1,1.234999918937684,0.0,1.234999918937684,0.0250000000000008,DIRECT_CLUSTER_NEIGHBOR
S06_F00_all_visible.ply,S06,0,1,left,3,4,3,4,1,1.2149999380111698,0.0,1.2149999380111698,0.025000000000000355,DIRECT_CLUSTER_NEIGHBOR
S06_F00_all_visible.ply,S06,0,1,left,4,5,4,5,1,1.2149999976158146,0.0,1.2149999976158146,0.025000000000000355,DIRECT_CLUSTER_NEIGHBOR
S06_F01_id2_partial.ply,S06,1,1,left,0,1,0,1,1,1.2232499361038207,0.0,1.2232499361038207,0.02499999999999991,DIRECT_CLUSTER_NEIGHBOR
S06_F01_id2_partial.ply,S06,1,1,left,1,2,1,2,1,1.2482499718666074,0.0,1.2482499718666074,0.02499999999999969,DIRECT_CLUSTER_NEIGHBOR
S06_F01_id2_partial.ply,S06,1,1,left,2,3,2,3,1,1.234999918937684,0.0,1.234999918937684,0.0250000000000008,DIRECT_CLUSTER_NEIGHBOR
S06_F01_id2_partial.ply,S06,1,1,left,3,4,3,4,1,1.2149999380111698,0.0,1.2149999380111698,0.025000000000000355,DIRECT_CLUSTER_NEIGHBOR
S06_F01_id2_partial.ply,S06,1,1,left,4,5,4,5,1,1.2149999976158146,0.0,1.2149999976158146,0.025000000000000355,DIRECT_CLUSTER_NEIGHBOR
S06_F02_id2_occluded.ply,S06,2,1,left,0,1,0,1,1,1.2232499361038207,0.0,1.2232499361038207,0.02499999999999991,DIRECT_CLUSTER_NEIGHBOR
S06_F02_id2_occluded.ply,S06,2,1,left,1,2,1,2,1,1.2482499718666074,0.0,1.2482499718666074,0.02499999999999969,DIRECT_CLUSTER_NEIGHBOR
S06_F02_id2_occluded.ply,S06,2,1,left,2,3,2,3,1,1.234999918937684,0.0,1.234999918937684,0.0250000000000008,DIRECT_CLUSTER_NEIGHBOR
S06_F02_id2_occluded.ply,S06,2,1,left,3,4,3,4,1,1.2149999380111698,0.0,1.2149999380111698,0.025000000000000355,DIRECT_CLUSTER_NEIGHBOR
S06_F02_id2_occluded.ply,S06,2,1,left,4,5,4,5,1,1.2149999976158146,0.0,1.2149999976158146,0.025000000000000355,DIRECT_CLUSTER_NEIGHBOR
S06_F03_id2_return_partial.ply,S06,3,1,left,0,1,0,1,1,1.2232499361038207,0.0,1.2232499361038207,0.02499999999999991,DIRECT_CLUSTER_NEIGHBOR
S06_F03_id2_return_partial.ply,S06,3,1,left,1,2,1,2,1,1.2482499718666074,0.0,1.2482499718666074,0.02499999999999969,DIRECT_CLUSTER_NEIGHBOR
S06_F03_id2_return_partial.ply,S06,3,1,left,2,3,2,3,1,1.234999918937684,0.0,1.234999918937684,0.0250000000000008,DIRECT_CLUSTER_NEIGHBOR
S06_F03_id2_return_partial.ply,S06,3,1,left,3,4,3,4,1,1.2149999380111698,0.0,1.2149999380111698,0.025000000000000355,DIRECT_CLUSTER_NEIGHBOR
S06_F03_id2_return_partial.ply,S06,3,1,left,4,5,4,5,1,1.2149999976158146,0.0,1.2149999976158146,0.025000000000000355,DIRECT_CLUSTER_NEIGHBOR
S06_F04_recovered.ply,S06,4,1,left,0,1,0,1,1,1.2232499361038207,0.0,1.2232499361038207,0.02499999999999991,DIRECT_CLUSTER_NEIGHBOR
S06_F04_recovered.ply,S06,4,1,left,1,2,1,2,1,1.2482499718666074,0.0,1.2482499718666074,0.02499999999999969,DIRECT_CLUSTER_NEIGHBOR
S06_F04_recovered.ply,S06,4,1,left,2,3,2,3,1,1.234999918937684,0.0,1.234999918937684,0.0250000000000008,DIRECT_CLUSTER_NEIGHBOR
S06_F04_recovered.ply,S06,4,1,left,3,4,3,4,1,1.2149999380111698,0.0,1.2149999380111698,0.025000000000000355,DIRECT_CLUSTER_NEIGHBOR
S06_F04_recovered.ply,S06,4,1,left,4,5,4,5,1,1.2149999976158146,0.0,1.2149999976158146,0.025000000000000355,DIRECT_CLUSTER_NEIGHBOR
S07_F00_baseline.ply,S07,0,1,left,0,1,0,1,1,1.2232499361038207,0.0,1.2232499361038207,0.02499999999999991,DIRECT_CLUSTER_NEIGHBOR
S07_F00_baseline.ply,S07,0,1,right,7,8,7,8,1,1.2232499361038212,0.0,1.2232499361038212,0.025000000000000355,DIRECT_CLUSTER_NEIGHBOR
S07_F00_baseline.ply,S07,0,1,right,8,9,8,9,1,1.248249971866608,0.0,1.248249971866608,0.025000000000000355,DIRECT_CLUSTER_NEIGHBOR
S07_F01_new_plus_occluded.ply,S07,1,1,left,0,1,0,1,1,1.2232499361038207,0.0,1.2232499361038207,0.02499999999999991,DIRECT_CLUSTER_NEIGHBOR
S07_F01_new_plus_occluded.ply,S07,1,1,left,1,2,1,2,1,1.2482499718666074,0.0,1.2482499718666074,0.02499999999999969,DIRECT_CLUSTER_NEIGHBOR
S07_F01_new_plus_occluded.ply,S07,1,1,right,7,8,7,8,1,1.2232499361038212,0.0,1.2232499361038212,0.025000000000000355,DIRECT_CLUSTER_NEIGHBOR
S07_F01_new_plus_occluded.ply,S07,1,1,right,8,9,8,9,1,1.248249971866608,0.0,1.248249971866608,0.025000000000000355,DIRECT_CLUSTER_NEIGHBOR
S08_F00_two_layer_base.ply,S08,0,1,left,0,1,0,1,1,1.2232499361038207,0.0,1.2232499361038207,0.02499999999999991,DIRECT_CLUSTER_NEIGHBOR
S08_F00_two_layer_base.ply,S08,0,1,left,1,2,1,2,1,1.2482499718666074,0.0,1.2482499718666074,0.02499999999999969,DIRECT_CLUSTER_NEIGHBOR
S08_F00_two_layer_base.ply,S08,0,1,left,2,3,2,3,1,1.234999918937684,0.0,1.234999918937684,0.0250000000000008,DIRECT_CLUSTER_NEIGHBOR
S08_F00_two_layer_base.ply,S08,0,1,left,3,4,3,4,1,1.2149999380111698,0.0,1.2149999380111698,0.025000000000000355,DIRECT_CLUSTER_NEIGHBOR
S08_F00_two_layer_base.ply,S08,0,1,left,4,5,4,5,1,1.2149999976158146,0.0,1.2149999976158146,0.025000000000000355,DIRECT_CLUSTER_NEIGHBOR
S08_F00_two_layer_base.ply,S08,0,1,left,5,6,5,6,1,1.2567504286766056,0.0,1.2567504286766056,0.025000000000000355,DIRECT_CLUSTER_NEIGHBOR
S08_F00_two_layer_base.ply,S08,0,2,layer2,10,11,0,1,1,2.4666248738765724,0.0,2.4666248738765724,1.2683749377727516,DIRECT_CLUSTER_NEIGHBOR
S08_F01_add_layer2.ply,S08,1,1,left,0,1,0,1,1,1.2232499361038207,0.0,1.2232499361038207,0.02499999999999991,DIRECT_CLUSTER_NEIGHBOR
S08_F01_add_layer2.ply,S08,1,1,left,1,2,1,2,1,1.2482499718666074,0.0,1.2482499718666074,0.02499999999999969,DIRECT_CLUSTER_NEIGHBOR
S08_F01_add_layer2.ply,S08,1,1,left,2,3,2,3,1,1.234999918937684,0.0,1.234999918937684,0.0250000000000008,DIRECT_CLUSTER_NEIGHBOR
S08_F01_add_layer2.ply,S08,1,1,left,3,4,3,4,1,1.2149999380111698,0.0,1.2149999380111698,0.025000000000000355,DIRECT_CLUSTER_NEIGHBOR
S08_F01_add_layer2.ply,S08,1,1,left,4,5,4,5,1,1.2149999976158146,0.0,1.2149999976158146,0.025000000000000355,DIRECT_CLUSTER_NEIGHBOR
S08_F01_add_layer2.ply,S08,1,1,left,5,6,5,6,1,1.2567504286766056,0.0,1.2567504286766056,0.025000000000000355,DIRECT_CLUSTER_NEIGHBOR
S08_F01_add_layer2.ply,S08,1,2,layer2,10,11,0,1,1,2.4666248738765724,0.0,2.4666248738765724,1.2683749377727516,DIRECT_CLUSTER_NEIGHBOR
S08_F01_add_layer2.ply,S08,1,2,layer2,11,12,1,2,1,2.4508751809597022,0.0,2.4508751809597022,1.2276252090930946,DIRECT_CLUSTER_NEIGHBOR
S08_F02_two_layer_rollobs.ply,S08,2,1,left,0,1,0,1,1,1.2232499361038207,0.0,1.2232499361038207,0.02499999999999991,DIRECT_CLUSTER_NEIGHBOR
S08_F02_two_layer_rollobs.ply,S08,2,1,left,1,2,1,2,1,1.2482499718666074,0.0,1.2482499718666074,0.02499999999999969,DIRECT_CLUSTER_NEIGHBOR
S08_F02_two_layer_rollobs.ply,S08,2,1,left,2,3,2,3,1,1.234999918937684,0.0,1.234999918937684,0.0250000000000008,DIRECT_CLUSTER_NEIGHBOR
S08_F02_two_layer_rollobs.ply,S08,2,1,left,3,4,3,4,1,1.2149999380111698,0.0,1.2149999380111698,0.025000000000000355,DIRECT_CLUSTER_NEIGHBOR
S08_F02_two_layer_rollobs.ply,S08,2,1,left,4,5,4,5,1,1.2149999976158146,0.0,1.2149999976158146,0.025000000000000355,DIRECT_CLUSTER_NEIGHBOR
S08_F02_two_layer_rollobs.ply,S08,2,1,left,5,6,5,6,1,1.2567504286766056,0.0,1.2567504286766056,0.025000000000000355,DIRECT_CLUSTER_NEIGHBOR
S08_F02_two_layer_rollobs.ply,S08,2,2,layer2,10,11,0,1,1,2.4666248738765724,0.0,2.4666248738765724,1.2683749377727516,DIRECT_CLUSTER_NEIGHBOR
S08_F02_two_layer_rollobs.ply,S08,2,2,layer2,11,12,1,2,1,2.4508751809597022,0.0,2.4508751809597022,1.2276252090930946,DIRECT_CLUSTER_NEIGHBOR
S09_F00_before_two_new.ply,S09,0,1,left,0,1,0,1,1,1.2232499361038207,0.0,1.2232499361038207,0.02499999999999991,DIRECT_CLUSTER_NEIGHBOR
S09_F00_before_two_new.ply,S09,0,1,right,8,9,8,9,1,1.248249971866608,0.0,1.248249971866608,0.025000000000000355,DIRECT_CLUSTER_NEIGHBOR
S09_F01_two_new_simultaneous.ply,S09,1,1,left,0,1,0,1,1,1.2232499361038207,0.0,1.2232499361038207,0.02499999999999991,DIRECT_CLUSTER_NEIGHBOR
S09_F01_two_new_simultaneous.ply,S09,1,1,left,1,2,1,2,1,1.2482499718666074,0.0,1.2482499718666074,0.02499999999999969,DIRECT_CLUSTER_NEIGHBOR
S09_F01_two_new_simultaneous.ply,S09,1,1,right,7,8,7,8,1,1.2232499361038212,0.0,1.2232499361038212,0.025000000000000355,DIRECT_CLUSTER_NEIGHBOR
S09_F01_two_new_simultaneous.ply,S09,1,1,right,8,9,8,9,1,1.248249971866608,0.0,1.248249971866608,0.025000000000000355,DIRECT_CLUSTER_NEIGHBOR
S10_F00_same_geometry_stress_0.ply,S10,0,1,left,0,1,0,1,1,1.231499934196472,0.0,1.231499934196472,0.02499999999999991,DIRECT_CLUSTER_NEIGHBOR
S10_F00_same_geometry_stress_0.ply,S10,0,1,left,1,2,1,2,1,1.2314999341964719,0.0,1.2314999341964719,0.02499999999999969,DIRECT_CLUSTER_NEIGHBOR
S10_F00_same_geometry_stress_0.ply,S10,0,1,left,2,3,2,3,1,1.231499934196473,0.0,1.231499934196473,0.0250000000000008,DIRECT_CLUSTER_NEIGHBOR
S10_F00_same_geometry_stress_0.ply,S10,0,1,left,3,4,3,4,1,1.2314999341964725,0.0,1.2314999341964725,0.025000000000000355,DIRECT_CLUSTER_NEIGHBOR
S10_F00_same_geometry_stress_0.ply,S10,0,1,left,4,5,4,5,1,1.2314999341964725,0.0,1.2314999341964725,0.025000000000000355,DIRECT_CLUSTER_NEIGHBOR
S10_F01_same_geometry_stress_1.ply,S10,1,1,left,0,1,0,1,1,1.231499934196472,0.0,1.231499934196472,0.02499999999999991,DIRECT_CLUSTER_NEIGHBOR
S10_F01_same_geometry_stress_1.ply,S10,1,1,left,1,2,1,2,1,1.267499934196472,0.0,1.267499934196472,0.06099999999999972,DIRECT_CLUSTER_NEIGHBOR
S10_F01_same_geometry_stress_1.ply,S10,1,1,left,2,3,2,3,1,1.2314999341964725,0.0,1.2314999341964725,0.025000000000000355,DIRECT_CLUSTER_NEIGHBOR
S10_F01_same_geometry_stress_1.ply,S10,1,1,left,3,4,3,4,1,1.2314999341964725,0.0,1.2314999341964725,0.025000000000000355,DIRECT_CLUSTER_NEIGHBOR
S10_F01_same_geometry_stress_1.ply,S10,1,1,left,4,5,4,5,1,1.2314999341964725,0.0,1.2314999341964725,0.025000000000000355,DIRECT_CLUSTER_NEIGHBOR
S10_F02_same_geometry_stress_2.ply,S10,2,1,left,0,1,0,1,1,1.231499934196472,0.0,1.231499934196472,0.02499999999999991,DIRECT_CLUSTER_NEIGHBOR
S10_F02_same_geometry_stress_2.ply,S10,2,1,left,1,2,1,2,1,1.303499934196472,0.0,1.303499934196472,0.09699999999999975,DIRECT_CLUSTER_NEIGHBOR
S10_F02_same_geometry_stress_2.ply,S10,2,1,left,2,3,2,3,1,1.231499934196473,0.0,1.231499934196473,0.0250000000000008,DIRECT_CLUSTER_NEIGHBOR
S10_F02_same_geometry_stress_2.ply,S10,2,1,left,3,4,3,4,1,1.2314999341964725,0.0,1.2314999341964725,0.025000000000000355,DIRECT_CLUSTER_NEIGHBOR
S10_F02_same_geometry_stress_2.ply,S10,2,1,left,4,5,4,5,1,1.2314999341964725,0.0,1.2314999341964725,0.025000000000000355,DIRECT_CLUSTER_NEIGHBOR
S11_F00_L1_full_10.ply,S11,0,1,full_L1,0,1,0,1,1,1.2232499361038207,0.0,1.2232499361038207,0.02499999999999991,DIRECT_CLUSTER_NEIGHBOR
S11_F00_L1_full_10.ply,S11,0,1,full_L1,1,2,1,2,1,1.2482499718666074,0.0,1.2482499718666074,0.02499999999999969,DIRECT_CLUSTER_NEIGHBOR
S11_F00_L1_full_10.ply,S11,0,1,full_L1,2,3,2,3,1,1.234999918937684,0.0,1.234999918937684,0.0250000000000008,DIRECT_CLUSTER_NEIGHBOR
S11_F00_L1_full_10.ply,S11,0,1,full_L1,3,4,3,4,1,1.2149999380111698,0.0,1.2149999380111698,0.025000000000000355,DIRECT_CLUSTER_NEIGHBOR
S11_F00_L1_full_10.ply,S11,0,1,full_L1,4,5,4,5,1,1.2149999976158146,0.0,1.2149999976158146,0.025000000000000355,DIRECT_CLUSTER_NEIGHBOR
S11_F00_L1_full_10.ply,S11,0,1,full_L1,5,6,5,6,1,1.2567504286766056,0.0,1.2567504286766056,0.025000000000000355,DIRECT_CLUSTER_NEIGHBOR
S11_F00_L1_full_10.ply,S11,0,1,full_L1,6,7,6,7,1,1.261750423908234,0.0,1.261750423908234,0.025000000000000355,DIRECT_CLUSTER_NEIGHBOR
S11_F00_L1_full_10.ply,S11,0,1,full_L1,7,8,7,8,1,1.2232499361038212,0.0,1.2232499361038212,0.025000000000000355,DIRECT_CLUSTER_NEIGHBOR
S11_F00_L1_full_10.ply,S11,0,1,full_L1,8,9,8,9,1,1.248249971866608,0.0,1.248249971866608,0.025000000000000355,DIRECT_CLUSTER_NEIGHBOR
S11_F01_L1_full_then_L2_new.ply,S11,1,1,full_L1,0,1,0,1,1,1.2232499361038207,0.0,1.2232499361038207,0.02499999999999991,DIRECT_CLUSTER_NEIGHBOR
S11_F01_L1_full_then_L2_new.ply,S11,1,1,full_L1,1,2,1,2,1,1.2482499718666074,0.0,1.2482499718666074,0.02499999999999969,DIRECT_CLUSTER_NEIGHBOR
S11_F01_L1_full_then_L2_new.ply,S11,1,1,full_L1,2,3,2,3,1,1.234999918937684,0.0,1.234999918937684,0.0250000000000008,DIRECT_CLUSTER_NEIGHBOR
S11_F01_L1_full_then_L2_new.ply,S11,1,1,full_L1,3,4,3,4,1,1.2149999380111698,0.0,1.2149999380111698,0.025000000000000355,DIRECT_CLUSTER_NEIGHBOR
S11_F01_L1_full_then_L2_new.ply,S11,1,1,full_L1,4,5,4,5,1,1.2149999976158146,0.0,1.2149999976158146,0.025000000000000355,DIRECT_CLUSTER_NEIGHBOR
S11_F01_L1_full_then_L2_new.ply,S11,1,1,full_L1,5,6,5,6,1,1.2567504286766056,0.0,1.2567504286766056,0.025000000000000355,DIRECT_CLUSTER_NEIGHBOR
S11_F01_L1_full_then_L2_new.ply,S11,1,1,full_L1,6,7,6,7,1,1.261750423908234,0.0,1.261750423908234,0.025000000000000355,DIRECT_CLUSTER_NEIGHBOR
S11_F01_L1_full_then_L2_new.ply,S11,1,1,full_L1,7,8,7,8,1,1.2232499361038212,0.0,1.2232499361038212,0.025000000000000355,DIRECT_CLUSTER_NEIGHBOR
S11_F01_L1_full_then_L2_new.ply,S11,1,1,full_L1,8,9,8,9,1,1.248249971866608,0.0,1.248249971866608,0.025000000000000355,DIRECT_CLUSTER_NEIGHBOR
S12_F00_view_clean.ply,S12,0,1,left,0,1,0,1,1,1.2232499361038207,0.0,1.2232499361038207,0.02499999999999991,DIRECT_CLUSTER_NEIGHBOR
S12_F00_view_clean.ply,S12,0,1,left,1,2,1,2,1,1.2482499718666074,0.0,1.2482499718666074,0.02499999999999969,DIRECT_CLUSTER_NEIGHBOR
S12_F00_view_clean.ply,S12,0,1,right,7,8,7,8,1,1.2232499361038212,0.0,1.2232499361038212,0.025000000000000355,DIRECT_CLUSTER_NEIGHBOR
S12_F00_view_clean.ply,S12,0,1,right,8,9,8,9,1,1.248249971866608,0.0,1.248249971866608,0.025000000000000355,DIRECT_CLUSTER_NEIGHBOR
S12_F01_view_top_view.ply,S12,1,1,left,0,1,0,1,1,1.2232499361038207,0.0,1.2232499361038207,0.02499999999999991,DIRECT_CLUSTER_NEIGHBOR
S12_F01_view_top_view.ply,S12,1,1,left,1,2,1,2,1,1.2482499718666074,0.0,1.2482499718666074,0.02499999999999969,DIRECT_CLUSTER_NEIGHBOR
S12_F01_view_top_view.ply,S12,1,1,right,7,8,7,8,1,1.2232499361038212,0.0,1.2232499361038212,0.025000000000000355,DIRECT_CLUSTER_NEIGHBOR
S12_F01_view_top_view.ply,S12,1,1,right,8,9,8,9,1,1.248249971866608,0.0,1.248249971866608,0.025000000000000355,DIRECT_CLUSTER_NEIGHBOR
S12_F02_view_side_view.ply,S12,2,1,left,0,1,0,1,1,1.2232499361038207,0.0,1.2232499361038207,0.02499999999999991,DIRECT_CLUSTER_NEIGHBOR
S12_F02_view_side_view.ply,S12,2,1,left,1,2,1,2,1,1.2482499718666074,0.0,1.2482499718666074,0.02499999999999969,DIRECT_CLUSTER_NEIGHBOR
S12_F02_view_side_view.ply,S12,2,1,right,7,8,7,8,1,1.2232499361038212,0.0,1.2232499361038212,0.025000000000000355,DIRECT_CLUSTER_NEIGHBOR
S12_F02_view_side_view.ply,S12,2,1,right,8,9,8,9,1,1.248249971866608,0.0,1.248249971866608,0.025000000000000355,DIRECT_CLUSTER_NEIGHBOR
S12_F03_view_degraded.ply,S12,3,1,left,0,1,0,1,1,1.2232499361038207,0.0,1.2232499361038207,0.02499999999999991,DIRECT_CLUSTER_NEIGHBOR
S12_F03_view_degraded.ply,S12,3,1,left,1,2,1,2,1,1.2482499718666074,0.0,1.2482499718666074,0.02499999999999969,DIRECT_CLUSTER_NEIGHBOR
S12_F03_view_degraded.ply,S12,3,1,right,7,8,7,8,1,1.2232499361038212,0.0,1.2232499361038212,0.025000000000000355,DIRECT_CLUSTER_NEIGHBOR
S12_F03_view_degraded.ply,S12,3,1,right,8,9,8,9,1,1.248249971866608,0.0,1.248249971866608,0.025000000000000355,DIRECT_CLUSTER_NEIGHBOR
S13_F00_full_10_plus_8_100k.ply,S13,0,1,full_L1,0,1,0,1,1,1.2232499361038207,0.0,1.2232499361038207,0.02499999999999991,DIRECT_CLUSTER_NEIGHBOR
S13_F00_full_10_plus_8_100k.ply,S13,0,1,full_L1,1,2,1,2,1,1.2482499718666074,0.0,1.2482499718666074,0.02499999999999969,DIRECT_CLUSTER_NEIGHBOR
S13_F00_full_10_plus_8_100k.ply,S13,0,1,full_L1,2,3,2,3,1,1.234999918937684,0.0,1.234999918937684,0.0250000000000008,DIRECT_CLUSTER_NEIGHBOR
S13_F00_full_10_plus_8_100k.ply,S13,0,1,full_L1,3,4,3,4,1,1.2149999380111698,0.0,1.2149999380111698,0.025000000000000355,DIRECT_CLUSTER_NEIGHBOR
S13_F00_full_10_plus_8_100k.ply,S13,0,1,full_L1,4,5,4,5,1,1.2149999976158146,0.0,1.2149999976158146,0.025000000000000355,DIRECT_CLUSTER_NEIGHBOR
S13_F00_full_10_plus_8_100k.ply,S13,0,1,full_L1,5,6,5,6,1,1.2567504286766056,0.0,1.2567504286766056,0.025000000000000355,DIRECT_CLUSTER_NEIGHBOR
S13_F00_full_10_plus_8_100k.ply,S13,0,1,full_L1,6,7,6,7,1,1.261750423908234,0.0,1.261750423908234,0.025000000000000355,DIRECT_CLUSTER_NEIGHBOR
S13_F00_full_10_plus_8_100k.ply,S13,0,1,full_L1,7,8,7,8,1,1.2232499361038212,0.0,1.2232499361038212,0.025000000000000355,DIRECT_CLUSTER_NEIGHBOR
S13_F00_full_10_plus_8_100k.ply,S13,0,1,full_L1,8,9,8,9,1,1.248249971866608,0.0,1.248249971866608,0.025000000000000355,DIRECT_CLUSTER_NEIGHBOR
S13_F00_full_10_plus_8_100k.ply,S13,0,2,layer2,30,31,0,1,1,1.2357499539852141,0.0,1.2357499539852141,0.04575001597404471,DIRECT_CLUSTER_NEIGHBOR
S13_F00_full_10_plus_8_100k.ply,S13,0,2,layer2,31,32,1,2,1,1.2416249454021457,0.0,1.2416249454021457,0.05162494778633153,DIRECT_CLUSTER_NEIGHBOR
S13_F00_full_10_plus_8_100k.ply,S13,0,2,layer2,32,33,2,3,1,1.2249999284744266,0.0,1.2249999284744266,-0.0067505002021786,DIRECT_CLUSTER_NEIGHBOR
S13_F00_full_10_plus_8_100k.ply,S13,0,2,layer2,33,34,3,4,1,1.2149999678134922,0.0,1.2149999678134922,-0.021750456094741466,DIRECT_CLUSTER_NEIGHBOR
S13_F00_full_10_plus_8_100k.ply,S13,0,2,layer2,34,35,4,5,1,1.23587521314621,0.0,1.23587521314621,0.03762527704238927,DIRECT_CLUSTER_NEIGHBOR
S13_F00_full_10_plus_8_100k.ply,S13,0,2,layer2,35,36,5,6,1,1.2592504262924207,0.0,1.2592504262924207,0.03600045442581301,DIRECT_CLUSTER_NEIGHBOR
S13_F00_full_10_plus_8_100k.ply,S13,0,2,layer2,36,37,6,7,1,1.2425001800060258,0.0,1.2425001800060258,0.032500261068342695,DIRECT_CLUSTER_NEIGHBOR
S14_F00_combo_new_yaw_occ_gap.ply,S14,0,1,left,0,1,0,1,1,1.2232499361038207,0.0,1.2232499361038207,0.02499999999999991,DIRECT_CLUSTER_NEIGHBOR
S14_F00_combo_new_yaw_occ_gap.ply,S14,0,1,left,1,2,1,2,1,1.3832499718666076,0.0,1.3832499718666076,0.15999999999999992,DIRECT_CLUSTER_NEIGHBOR
S14_F00_combo_new_yaw_occ_gap.ply,S14,0,1,left,2,3,2,3,1,1.2399999737739567,0.0,1.2399999737739567,0.025000000000000355,DIRECT_CLUSTER_NEIGHBOR
S14_F00_combo_new_yaw_occ_gap.ply,S14,0,1,left,3,10,3,4,1,1.148249936103821,0.0,1.148249936103821,-0.04999999999999982,DIRECT_CLUSTER_NEIGHBOR
S14_F00_combo_new_yaw_occ_gap.ply,S14,0,1,right,6,7,6,7,1,1.2232499361038212,0.0,1.2232499361038212,0.025000000000000355,DIRECT_CLUSTER_NEIGHBOR
S14_F00_combo_new_yaw_occ_gap.ply,S14,0,1,right,7,8,7,8,1,1.253249971866607,0.0,1.253249971866607,0.02999999999999936,DIRECT_CLUSTER_NEIGHBOR
S14_F00_combo_new_yaw_occ_gap.ply,S14,0,1,right,8,9,8,9,1,1.2399999737739567,0.0,1.2399999737739567,0.025000000000000355,DIRECT_CLUSTER_NEIGHBOR
Z01_F00_topdown_yaw_motion_0.ply,Z01,0,1,left,0,1,0,1,1,1.2232499361038207,-0.0,1.2232499361038207,0.02499999999999991,DIRECT_CLUSTER_NEIGHBOR
Z01_F00_topdown_yaw_motion_0.ply,Z01,0,1,left,1,2,1,2,1,1.2482499718666074,0.0,1.2482499718666074,0.02499999999999969,DIRECT_CLUSTER_NEIGHBOR
Z01_F00_topdown_yaw_motion_0.ply,Z01,0,1,left,2,3,2,3,1,1.234999918937684,-0.0,1.234999918937684,0.0250000000000008,DIRECT_CLUSTER_NEIGHBOR
Z01_F00_topdown_yaw_motion_0.ply,Z01,0,1,left,3,4,3,4,1,1.2149999380111698,0.0,1.2149999380111698,0.025000000000000355,DIRECT_CLUSTER_NEIGHBOR
Z01_F00_topdown_yaw_motion_0.ply,Z01,0,1,left,4,5,4,5,1,1.2149999976158146,-0.0,1.2149999976158146,0.025000000000000355,DIRECT_CLUSTER_NEIGHBOR
Z01_F01_topdown_yaw_motion_1.ply,Z01,1,1,left,0,1,0,1,1,1.2232499361038207,-0.025,1.2235053764401698,0.02499999999999991,DIRECT_CLUSTER_NEIGHBOR
Z01_F01_topdown_yaw_motion_1.ply,Z01,1,1,left,1,2,1,2,1,1.2482499718666076,0.025,1.2485002972626744,0.02499999999999991,DIRECT_CLUSTER_NEIGHBOR
Z01_F01_topdown_yaw_motion_1.ply,Z01,1,1,left,2,3,2,3,1,1.2599999189376838,-0.025,1.260247910421981,0.05000000000000071,DIRECT_CLUSTER_NEIGHBOR
Z01_F01_topdown_yaw_motion_1.ply,Z01,1,1,left,3,4,3,4,1,1.2149999380111698,0.025,1.215257112452812,0.025000000000000355,DIRECT_CLUSTER_NEIGHBOR
Z01_F01_topdown_yaw_motion_1.ply,Z01,1,1,left,4,5,4,5,1,1.2149999976158146,-0.025,1.215257172044843,0.025000000000000355,DIRECT_CLUSTER_NEIGHBOR
Z01_F02_topdown_yaw_motion_2.ply,Z01,2,1,left,0,1,0,1,1,1.2232499361038207,-0.05,1.2242713776683671,0.02499999999999991,DIRECT_CLUSTER_NEIGHBOR
Z01_F02_topdown_yaw_motion_2.ply,Z01,2,1,left,1,2,1,2,1,1.2482499718666071,0.05,1.2492509724891094,0.024999999999999467,DIRECT_CLUSTER_NEIGHBOR
Z01_F02_topdown_yaw_motion_2.ply,Z01,2,1,left,2,3,2,3,1,1.2849999189376842,-0.05,1.2859723137260206,0.07500000000000107,DIRECT_CLUSTER_NEIGHBOR
Z01_F02_topdown_yaw_motion_2.ply,Z01,2,1,left,3,4,3,4,1,1.2149999380111698,0.05,1.216028309443142,0.025000000000000355,DIRECT_CLUSTER_NEIGHBOR
Z01_F02_topdown_yaw_motion_2.ply,Z01,2,1,left,4,5,4,5,1,1.2149999976158146,-0.05,1.2160283689973805,0.025000000000000355,DIRECT_CLUSTER_NEIGHBOR
Z01_F03_topdown_yaw_motion_3.ply,Z01,3,1,left,0,1,0,1,1,1.2232499361038207,-0.075,1.2255469824441663,0.02499999999999991,DIRECT_CLUSTER_NEIGHBOR
Z01_F03_topdown_yaw_motion_3.ply,Z01,3,1,left,1,2,1,2,1,1.2482499718666074,0.075,1.2505010964669268,0.02499999999999969,DIRECT_CLUSTER_NEIGHBOR
Z01_F03_topdown_yaw_motion_3.ply,Z01,3,1,left,2,3,2,3,1,1.309999918937684,-0.075,1.3121451092073386,0.10000000000000098,DIRECT_CLUSTER_NEIGHBOR
Z01_F03_topdown_yaw_motion_3.ply,Z01,3,1,left,3,4,3,4,1,1.2149999380111698,0.075,1.2173125520453432,0.025000000000000355,DIRECT_CLUSTER_NEIGHBOR
Z01_F03_topdown_yaw_motion_3.ply,Z01,3,1,left,4,5,4,5,1,1.2149999976158146,-0.075,1.217312611536753,0.025000000000000355,DIRECT_CLUSTER_NEIGHBOR
Z02_F00_topdown_two_side_complex_start.ply,Z02,0,1,left,0,1,0,1,1,1.223,0.02,1.2231635213658067,0.024750064000000238,DIRECT_CLUSTER_NEIGHBOR
Z02_F00_topdown_two_side_complex_start.ply,Z02,0,1,right,8,9,8,9,1,1.2249999999999996,0.02,1.2251632544277513,0.0017500279999995705,DIRECT_CLUSTER_NEIGHBOR
Z02_F01_topdown_left_new_far_gap.ply,Z02,1,1,left,0,1,0,1,1,1.283,-0.01,1.2830389705694834,0.08475006400000007,DIRECT_CLUSTER_NEIGHBOR
Z02_F01_topdown_left_new_far_gap.ply,Z02,1,1,left,1,2,1,2,1,1.523249972,0.05,1.5240703649103609,0.2999999999999998,DIRECT_CLUSTER_NEIGHBOR
Z02_F01_topdown_left_new_far_gap.ply,Z02,1,1,right,8,9,8,9,1,1.2550000000000008,-0.01,1.25503984000509,0.03175002800000071,DIRECT_CLUSTER_NEIGHBOR
Z02_F02_topdown_right_new_partial_left.ply,Z02,2,1,left,0,1,0,1,1,1.313,0.01,1.3130380801789412,0.1147500640000001,DIRECT_CLUSTER_NEIGHBOR
Z02_F02_topdown_right_new_partial_left.ply,Z02,2,1,left,1,2,1,2,1,1.593249972,0.0,1.593249972,0.3699999999999999,DIRECT_CLUSTER_NEIGHBOR
Z02_F02_topdown_right_new_partial_left.ply,Z02,2,1,right,7,8,7,8,1,1.3982499359999991,0.030000000000000002,1.3985717298458458,0.1999999999999993,DIRECT_CLUSTER_NEIGHBOR
Z02_F02_topdown_right_new_partial_left.ply,Z02,2,1,right,8,9,8,9,1,1.3149999999999995,0.02,1.3151520824604273,0.09175002799999943,DIRECT_CLUSTER_NEIGHBOR
Z02_F03_topdown_two_new_both_sides.ply,Z02,3,1,left,0,1,0,1,1,1.3329999999999997,0.02,1.3331500290664962,0.1347500639999999,DIRECT_CLUSTER_NEIGHBOR
Z02_F03_topdown_two_new_both_sides.ply,Z02,3,1,left,1,2,1,2,1,1.6132499720000002,0.009999999999999998,1.6132809650392586,0.3900000000000001,DIRECT_CLUSTER_NEIGHBOR
Z02_F03_topdown_two_new_both_sides.ply,Z02,3,1,left,2,3,2,3,1,1.3099999189999996,0.05,1.3109537702680463,0.09999999999999964,DIRECT_CLUSTER_NEIGHBOR
Z02_F03_topdown_two_new_both_sides.ply,Z02,3,1,right,6,7,6,7,1,1.576750424,0.03,1.5770357952767529,0.3400000000000001,DIRECT_CLUSTER_NEIGHBOR
Z02_F03_topdown_two_new_both_sides.ply,Z02,3,1,right,7,8,7,8,1,1.4132499359999997,0.04,1.413815893815034,0.21499999999999986,DIRECT_CLUSTER_NEIGHBOR
Z02_F03_topdown_two_new_both_sides.ply,Z02,3,1,right,8,9,8,9,1,1.33,0.0,1.33,0.106750028,DIRECT_CLUSTER_NEIGHBOR
Z02_F04_topdown_two_side_with_occluded.ply,Z02,4,1,left,0,1,0,1,1,1.3329999999999997,0.04,1.3336000149970002,0.1347500639999999,DIRECT_CLUSTER_NEIGHBOR
Z02_F04_topdown_two_side_with_occluded.ply,Z02,4,1,left,1,2,1,2,1,1.6132499720000002,-0.009999999999999998,1.6132809650392586,0.3900000000000001,DIRECT_CLUSTER_NEIGHBOR
Z02_F04_topdown_two_side_with_occluded.ply,Z02,4,1,left,2,3,2,3,1,1.309999919,0.06999999999999999,1.3118688150040028,0.10000000000000009,DIRECT_CLUSTER_NEIGHBOR
Z02_F04_topdown_two_side_with_occluded.ply,Z02,4,1,right,6,7,6,7,1,1.576750424,0.049999999999999996,1.57754299452794,0.3400000000000001,DIRECT_CLUSTER_NEIGHBOR
Z02_F04_topdown_two_side_with_occluded.ply,Z02,4,1,right,7,8,7,8,1,1.4132499360000015,0.02,1.4133914466997486,0.21500000000000163,DIRECT_CLUSTER_NEIGHBOR
Z02_F04_topdown_two_side_with_occluded.ply,Z02,4,1,right,8,9,8,9,1,1.33,0.02,1.3301503674397117,0.106750028,DIRECT_CLUSTER_NEIGHBOR
Z02_F05_topdown_occluded_return_partial.ply,Z02,5,1,left,0,1,0,1,1,1.3330000000000002,0.04,1.3336000149970006,0.13475006400000034,DIRECT_CLUSTER_NEIGHBOR
Z02_F05_topdown_occluded_return_partial.ply,Z02,5,1,left,1,2,1,2,1,1.6132499719999998,-0.009999999999999998,1.613280965039258,0.3899999999999997,DIRECT_CLUSTER_NEIGHBOR
Z02_F05_topdown_occluded_return_partial.ply,Z02,5,1,left,2,3,2,3,1,1.3099999190000005,0.06999999999999999,1.3118688150040032,0.10000000000000053,DIRECT_CLUSTER_NEIGHBOR
Z02_F05_topdown_occluded_return_partial.ply,Z02,5,1,right,6,7,6,7,1,1.576750424,0.049999999999999996,1.57754299452794,0.3400000000000001,DIRECT_CLUSTER_NEIGHBOR
Z02_F05_topdown_occluded_return_partial.ply,Z02,5,1,right,7,8,7,8,1,1.4132499359999997,0.02,1.4133914466997468,0.21499999999999986,DIRECT_CLUSTER_NEIGHBOR
Z02_F05_topdown_occluded_return_partial.ply,Z02,5,1,right,8,9,8,9,1,1.33,0.02,1.3301503674397117,0.106750028,DIRECT_CLUSTER_NEIGHBOR
Z03_F00_topdown_full_l1_start.ply,Z03,0,1,full_L1,0,1,0,1,1,1.223,0.0,1.223,0.024750064000000238,DIRECT_CLUSTER_NEIGHBOR
Z03_F00_topdown_full_l1_start.ply,Z03,0,1,full_L1,1,2,1,2,1,1.248,0.0,1.248,0.024750027999999924,DIRECT_CLUSTER_NEIGHBOR
Z03_F00_topdown_full_l1_start.ply,Z03,0,1,full_L1,2,3,2,3,1,1.2350000000000003,0.0,1.2350000000000003,0.025000081000000396,DIRECT_CLUSTER_NEIGHBOR
Z03_F00_topdown_full_l1_start.ply,Z03,0,1,full_L1,3,4,3,4,1,1.2149999999999999,0.0,1.2149999999999999,0.025000061999999934,DIRECT_CLUSTER_NEIGHBOR
Z03_F00_topdown_full_l1_start.ply,Z03,0,1,full_L1,4,5,4,5,1,1.2149999999999999,0.0,1.2149999999999999,0.025000001999999855,DIRECT_CLUSTER_NEIGHBOR
Z03_F00_topdown_full_l1_start.ply,Z03,0,1,full_L1,5,6,5,6,1,1.2570000000000006,0.0,1.2570000000000006,0.02524957100000047,DIRECT_CLUSTER_NEIGHBOR
Z03_F00_topdown_full_l1_start.ply,Z03,0,1,full_L1,6,7,6,7,1,1.2619999999999987,0.0,1.2619999999999987,0.025249575999998664,DIRECT_CLUSTER_NEIGHBOR
Z03_F00_topdown_full_l1_start.ply,Z03,0,1,full_L1,7,8,7,8,1,1.2230000000000008,0.0,1.2230000000000008,0.024750064000000904,DIRECT_CLUSTER_NEIGHBOR
Z03_F00_topdown_full_l1_start.ply,Z03,0,1,full_L1,8,9,8,9,1,1.2490000000000006,0.0,1.2490000000000006,0.02575002800000048,DIRECT_CLUSTER_NEIGHBOR
Z03_F01_topdown_layer2_new_yaw.ply,Z03,1,1,full_L1,0,1,0,1,1,1.229,0.01,1.2290406828091576,0.030750064000000243,DIRECT_CLUSTER_NEIGHBOR
Z03_F01_topdown_layer2_new_yaw.ply,Z03,1,1,full_L1,1,2,1,2,1,1.2539999999999998,-0.01,1.2540398717744183,0.030750027999999707,DIRECT_CLUSTER_NEIGHBOR
Z03_F01_topdown_layer2_new_yaw.ply,Z03,1,1,full_L1,2,3,2,3,1,1.241,0.01,1.241040289434634,0.03100008100000018,DIRECT_CLUSTER_NEIGHBOR
Z03_F01_topdown_layer2_new_yaw.ply,Z03,1,1,full_L1,3,4,3,4,1,1.221,-0.01,1.2210409493542795,0.03100006200000016,DIRECT_CLUSTER_NEIGHBOR
Z03_F01_topdown_layer2_new_yaw.ply,Z03,1,1,full_L1,4,5,4,5,1,1.221,0.01,1.2210409493542795,0.031000002000000082,DIRECT_CLUSTER_NEIGHBOR
Z03_F01_topdown_layer2_new_yaw.ply,Z03,1,1,full_L1,5,6,5,6,1,1.263,-0.01,1.2630395876614477,0.03124957099999981,DIRECT_CLUSTER_NEIGHBOR
Z03_F01_topdown_layer2_new_yaw.ply,Z03,1,1,full_L1,6,7,6,7,1,1.2680000000000007,0.01,1.2680394315635464,0.031249576000000667,DIRECT_CLUSTER_NEIGHBOR
Z03_F01_topdown_layer2_new_yaw.ply,Z03,1,1,full_L1,7,8,7,8,1,1.2289999999999992,-0.01,1.2290406828091567,0.030750063999999355,DIRECT_CLUSTER_NEIGHBOR
Z03_F01_topdown_layer2_new_yaw.ply,Z03,1,1,full_L1,8,9,8,9,1,1.2550000000000008,0.01,1.25503984000509,0.03175002800000071,DIRECT_CLUSTER_NEIGHBOR
Z03_F02_topdown_second_layer2_new.ply,Z03,2,1,full_L1,0,1,0,1,1,1.2249999999999999,0.002,1.225001632651973,0.026750064000000018,DIRECT_CLUSTER_NEIGHBOR
Z03_F02_topdown_second_layer2_new.ply,Z03,2,1,full_L1,1,2,1,2,1,1.25,-0.002,1.250001599998976,0.026750027999999926,DIRECT_CLUSTER_NEIGHBOR
Z03_F02_topdown_second_layer2_new.ply,Z03,2,1,full_L1,2,3,2,3,1,1.237,0.002,1.2370016168138183,0.027000081000000176,DIRECT_CLUSTER_NEIGHBOR
Z03_F02_topdown_second_layer2_new.ply,Z03,2,1,full_L1,3,4,3,4,1,1.2169999999999996,-0.002,1.2170016433842639,0.027000061999999714,DIRECT_CLUSTER_NEIGHBOR
Z03_F02_topdown_second_layer2_new.ply,Z03,2,1,full_L1,4,5,4,5,1,1.2170000000000005,0.002,1.2170016433842648,0.027000002000000523,DIRECT_CLUSTER_NEIGHBOR
Z03_F02_topdown_second_layer2_new.ply,Z03,2,1,full_L1,5,6,5,6,1,1.2589999999999995,-0.002,1.2590015885613484,0.027249570999999362,DIRECT_CLUSTER_NEIGHBOR
Z03_F02_topdown_second_layer2_new.ply,Z03,2,1,full_L1,6,7,6,7,1,1.2640000000000011,0.002,1.2640015822774917,0.027249576000001108,DIRECT_CLUSTER_NEIGHBOR
Z03_F02_topdown_second_layer2_new.ply,Z03,2,1,full_L1,7,8,7,8,1,1.2249999999999996,-0.002,1.2250016326519728,0.026750063999999796,DIRECT_CLUSTER_NEIGHBOR
Z03_F02_topdown_second_layer2_new.ply,Z03,2,1,full_L1,8,9,8,9,1,1.2509999999999994,0.002,1.2510015987200012,0.02775002799999937,DIRECT_CLUSTER_NEIGHBOR
Z03_F02_topdown_second_layer2_new.ply,Z03,2,2,layer2,20,21,0,1,1,2.34,-0.07,2.34104677441524,1.141750064,DIRECT_CLUSTER_NEIGHBOR
Z03_F03_topdown_layer2_new_lower_occluded.ply,Z03,3,1,full_L1,0,1,0,1,1,1.225,0.006,1.2250146937894255,0.02675006400000024,DIRECT_CLUSTER_NEIGHBOR
Z03_F03_topdown_layer2_new_lower_occluded.ply,Z03,3,1,full_L1,1,2,1,2,1,1.2499999999999998,-0.006,1.2500143999170568,0.026750027999999704,DIRECT_CLUSTER_NEIGHBOR
Z03_F03_topdown_layer2_new_lower_occluded.ply,Z03,3,1,full_L1,2,3,2,3,1,1.237,0.006,1.2370145512482869,0.027000081000000176,DIRECT_CLUSTER_NEIGHBOR
Z03_F03_topdown_layer2_new_lower_occluded.ply,Z03,3,1,full_L1,3,4,3,4,1,1.2170000000000005,-0.006,1.2170147903784905,0.027000062000000602,DIRECT_CLUSTER_NEIGHBOR
Z03_F03_topdown_layer2_new_lower_occluded.ply,Z03,3,1,full_L1,4,5,4,5,1,1.2169999999999996,0.006,1.2170147903784896,0.027000001999999634,DIRECT_CLUSTER_NEIGHBOR
Z03_F03_topdown_layer2_new_lower_occluded.ply,Z03,3,1,full_L1,5,6,5,6,1,1.2590000000000003,-0.006,1.259014296979983,0.02724957100000025,DIRECT_CLUSTER_NEIGHBOR
Z03_F03_topdown_layer2_new_lower_occluded.ply,Z03,3,1,full_L1,6,7,6,7,1,1.2639999999999993,0.006,1.264014240426111,0.02724957599999933,DIRECT_CLUSTER_NEIGHBOR
Z03_F03_topdown_layer2_new_lower_occluded.ply,Z03,3,1,full_L1,7,8,7,8,1,1.2249999999999996,-0.006,1.225014693789425,0.026750063999999796,DIRECT_CLUSTER_NEIGHBOR
Z03_F03_topdown_layer2_new_lower_occluded.ply,Z03,3,1,full_L1,8,9,8,9,1,1.2510000000000012,0.006,1.2510143884064655,0.027750028000001148,DIRECT_CLUSTER_NEIGHBOR
Z03_F03_topdown_layer2_new_lower_occluded.ply,Z03,3,2,layer2,20,21,0,1,1,2.34,-0.09,2.3417301296263835,1.141750064,DIRECT_CLUSTER_NEIGHBOR
Z03_F03_topdown_layer2_new_lower_occluded.ply,Z03,3,2,layer2,21,22,1,2,1,2.41,0.12,2.412985702402731,1.186750028,DIRECT_CLUSTER_NEIGHBOR
Z03_F04_topdown_layer2_motion_lower_return.ply,Z03,4,1,full_L1,0,1,0,1,1,1.225,0.006,1.2250146937894255,0.02675006400000024,DIRECT_CLUSTER_NEIGHBOR
Z03_F04_topdown_layer2_motion_lower_return.ply,Z03,4,1,full_L1,1,2,1,2,1,1.25,-0.006,1.250014399917057,0.026750027999999926,DIRECT_CLUSTER_NEIGHBOR
Z03_F04_topdown_layer2_motion_lower_return.ply,Z03,4,1,full_L1,2,3,2,3,1,1.237,0.006,1.2370145512482869,0.027000081000000176,DIRECT_CLUSTER_NEIGHBOR
Z03_F04_topdown_layer2_motion_lower_return.ply,Z03,4,1,full_L1,3,4,3,4,1,1.2169999999999996,-0.006,1.2170147903784896,0.027000061999999714,DIRECT_CLUSTER_NEIGHBOR
Z03_F04_topdown_layer2_motion_lower_return.ply,Z03,4,1,full_L1,4,5,4,5,1,1.2170000000000005,0.006,1.2170147903784905,0.027000002000000523,DIRECT_CLUSTER_NEIGHBOR
Z03_F04_topdown_layer2_motion_lower_return.ply,Z03,4,1,full_L1,5,6,5,6,1,1.2590000000000003,-0.006,1.259014296979983,0.02724957100000025,DIRECT_CLUSTER_NEIGHBOR
Z03_F04_topdown_layer2_motion_lower_return.ply,Z03,4,1,full_L1,6,7,6,7,1,1.2639999999999993,0.006,1.264014240426111,0.02724957599999933,DIRECT_CLUSTER_NEIGHBOR
Z03_F04_topdown_layer2_motion_lower_return.ply,Z03,4,1,full_L1,7,8,7,8,1,1.2249999999999996,-0.006,1.225014693789425,0.026750063999999796,DIRECT_CLUSTER_NEIGHBOR
Z03_F04_topdown_layer2_motion_lower_return.ply,Z03,4,1,full_L1,8,9,8,9,1,1.2510000000000012,0.006,1.2510143884064655,0.027750028000001148,DIRECT_CLUSTER_NEIGHBOR
Z03_F04_topdown_layer2_motion_lower_return.ply,Z03,4,2,layer2,20,21,0,1,1,2.35,-0.09000000000000001,2.3517227727774377,1.1517500640000002,DIRECT_CLUSTER_NEIGHBOR
Z03_F04_topdown_layer2_motion_lower_return.ply,Z03,4,2,layer2,21,22,1,2,1,2.42,0.12000000000000001,2.4229733799610758,1.1967500279999999,DIRECT_CLUSTER_NEIGHBOR
Z03_F05_topdown_fourth_layer2_new.ply,Z03,5,1,full_L1,0,1,0,1,1,1.229,0.01,1.2290406828091576,0.030750064000000243,DIRECT_CLUSTER_NEIGHBOR
Z03_F05_topdown_fourth_layer2_new.ply,Z03,5,1,full_L1,1,2,1,2,1,1.254,-0.01,1.2540398717744186,0.03075002799999993,DIRECT_CLUSTER_NEIGHBOR
Z03_F05_topdown_fourth_layer2_new.ply,Z03,5,1,full_L1,2,3,2,3,1,1.2289999999999996,0.01,1.2290406828091571,0.019000080999999724,DIRECT_CLUSTER_NEIGHBOR
Z03_F05_topdown_fourth_layer2_new.ply,Z03,5,1,full_L1,3,4,3,4,1,1.221,-0.01,1.2210409493542795,0.03100006200000016,DIRECT_CLUSTER_NEIGHBOR
Z03_F05_topdown_fourth_layer2_new.ply,Z03,5,1,full_L1,4,5,4,5,1,1.221,0.01,1.2210409493542795,0.031000002000000082,DIRECT_CLUSTER_NEIGHBOR
Z03_F05_topdown_fourth_layer2_new.ply,Z03,5,1,full_L1,5,6,5,6,1,1.2510000000000003,-0.01,1.2510399673871337,0.019249571000000243,DIRECT_CLUSTER_NEIGHBOR
Z03_F05_topdown_fourth_layer2_new.ply,Z03,5,1,full_L1,6,7,6,7,1,1.2680000000000007,0.01,1.2680394315635464,0.031249576000000667,DIRECT_CLUSTER_NEIGHBOR
Z03_F05_topdown_fourth_layer2_new.ply,Z03,5,1,full_L1,7,8,7,8,1,1.2289999999999992,-0.01,1.2290406828091567,0.030750063999999355,DIRECT_CLUSTER_NEIGHBOR
Z03_F05_topdown_fourth_layer2_new.ply,Z03,5,1,full_L1,8,9,8,9,1,1.2430000000000003,0.01,1.243040224610612,0.019750028000000253,DIRECT_CLUSTER_NEIGHBOR
Z03_F05_topdown_fourth_layer2_new.ply,Z03,5,2,layer2,20,21,0,1,1,2.35,-0.09000000000000001,2.3517227727774377,1.1517500640000002,DIRECT_CLUSTER_NEIGHBOR
Z03_F05_topdown_fourth_layer2_new.ply,Z03,5,2,layer2,21,22,1,2,1,2.42,0.12000000000000001,2.4229733799610758,1.1967500279999999,DIRECT_CLUSTER_NEIGHBOR
Z03_F05_topdown_fourth_layer2_new.ply,Z03,5,2,layer2,22,23,2,3,1,2.29,-0.09,2.2917678765529463,1.0800000810000001,DIRECT_CLUSTER_NEIGHBOR
Z04_F00_topdown_same_geom_start.ply,Z04,0,1,left,0,1,0,1,1,1.2349999999999999,0.0,1.2349999999999999,0.02850006599999988,DIRECT_CLUSTER_NEIGHBOR
Z04_F00_topdown_same_geom_start.ply,Z04,0,1,left,1,2,1,2,1,1.235,0.0,1.235,0.0285000660000001,DIRECT_CLUSTER_NEIGHBOR
Z04_F00_topdown_same_geom_start.ply,Z04,0,1,left,2,3,2,3,1,1.2350000000000003,0.0,1.2350000000000003,0.028500066000000324,DIRECT_CLUSTER_NEIGHBOR
Z04_F00_topdown_same_geom_start.ply,Z04,0,1,left,3,4,3,4,1,1.2349999999999994,0.0,1.2349999999999994,0.028500065999999435,DIRECT_CLUSTER_NEIGHBOR
Z04_F00_topdown_same_geom_start.ply,Z04,0,1,left,4,5,4,5,1,1.2350000000000003,0.0,1.2350000000000003,0.028500066000000324,DIRECT_CLUSTER_NEIGHBOR
Z04_F01_topdown_nearest_neighbor_trap.ply,Z04,1,1,left,0,1,0,1,1,1.2349999999999999,0.04,1.2356476034857187,0.02850006599999988,DIRECT_CLUSTER_NEIGHBOR
Z04_F01_topdown_nearest_neighbor_trap.ply,Z04,1,1,left,1,2,1,2,1,1.2349999999999999,-0.04,1.2356476034857187,0.02850006599999988,DIRECT_CLUSTER_NEIGHBOR
Z04_F01_topdown_nearest_neighbor_trap.ply,Z04,1,1,left,2,3,2,3,1,1.2350000000000003,0.04,1.2356476034857191,0.028500066000000324,DIRECT_CLUSTER_NEIGHBOR
Z04_F01_topdown_nearest_neighbor_trap.ply,Z04,1,1,left,3,4,3,4,1,1.2349999999999994,-0.04,1.2356476034857182,0.028500065999999435,DIRECT_CLUSTER_NEIGHBOR
Z04_F01_topdown_nearest_neighbor_trap.ply,Z04,1,1,left,4,5,4,5,1,1.2350000000000003,0.04,1.2356476034857191,0.028500066000000324,DIRECT_CLUSTER_NEIGHBOR
Z04_F02_topdown_same_spec_new_after_shift.ply,Z04,2,1,left,0,1,0,1,1,1.2349999999999999,0.05,1.2360117313359125,0.02850006599999988,DIRECT_CLUSTER_NEIGHBOR
Z04_F02_topdown_same_spec_new_after_shift.ply,Z04,2,1,left,1,2,1,2,1,1.2350000000000003,-0.03,1.235364318733547,0.028500066000000324,DIRECT_CLUSTER_NEIGHBOR
Z04_F02_topdown_same_spec_new_after_shift.ply,Z04,2,1,left,2,3,2,3,1,1.2349999999999994,0.02,1.235161932703562,0.028500065999999435,DIRECT_CLUSTER_NEIGHBOR
Z04_F02_topdown_same_spec_new_after_shift.ply,Z04,2,1,left,3,4,3,4,1,1.2350000000000003,-0.03,1.235364318733547,0.028500066000000324,DIRECT_CLUSTER_NEIGHBOR
Z04_F02_topdown_same_spec_new_after_shift.ply,Z04,2,1,left,4,5,4,5,1,1.2350000000000003,0.05,1.236011731335913,0.028500066000000324,DIRECT_CLUSTER_NEIGHBOR
Z04_F02_topdown_same_spec_new_after_shift.ply,Z04,2,1,left,5,6,5,6,1,1.4264999339999989,-0.08,1.4287414257667483,0.21999999999999886,DIRECT_CLUSTER_NEIGHBOR
Z04_F03_topdown_same_geom_partial_center.ply,Z04,3,1,left,0,1,0,1,1,1.2550000000000003,0.03,1.2553585145288182,0.04850006600000034,DIRECT_CLUSTER_NEIGHBOR
Z04_F03_topdown_same_geom_partial_center.ply,Z04,3,1,left,1,2,1,2,1,1.255,-0.01,1.255039840005089,0.0485000659999999,DIRECT_CLUSTER_NEIGHBOR
Z04_F03_topdown_same_geom_partial_center.ply,Z04,3,1,left,2,3,2,3,1,1.255,0.0,1.255,0.0485000659999999,DIRECT_CLUSTER_NEIGHBOR
Z04_F03_topdown_same_geom_partial_center.ply,Z04,3,1,left,3,4,3,4,1,1.255,-0.01,1.255039840005089,0.0485000659999999,DIRECT_CLUSTER_NEIGHBOR
Z04_F03_topdown_same_geom_partial_center.ply,Z04,3,1,left,4,5,4,5,1,1.255,0.03,1.2553585145288177,0.0485000659999999,DIRECT_CLUSTER_NEIGHBOR
Z04_F03_topdown_same_geom_partial_center.ply,Z04,3,1,left,5,6,5,6,1,1.4464999340000002,-0.06,1.4477437822563788,0.2400000000000002,DIRECT_CLUSTER_NEIGHBOR
Z04_F04_topdown_same_geom_occluded.ply,Z04,4,1,left,0,1,0,1,1,1.255,0.03,1.2553585145288177,0.0485000659999999,DIRECT_CLUSTER_NEIGHBOR
Z04_F04_topdown_same_geom_occluded.ply,Z04,4,1,left,1,2,1,2,1,1.255,-0.01,1.255039840005089,0.0485000659999999,DIRECT_CLUSTER_NEIGHBOR
Z04_F04_topdown_same_geom_occluded.ply,Z04,4,1,left,2,3,2,3,1,1.255,0.0,1.255,0.0485000659999999,DIRECT_CLUSTER_NEIGHBOR
Z04_F04_topdown_same_geom_occluded.ply,Z04,4,1,left,3,4,3,4,1,1.255,-0.01,1.255039840005089,0.0485000659999999,DIRECT_CLUSTER_NEIGHBOR
Z04_F04_topdown_same_geom_occluded.ply,Z04,4,1,left,4,5,4,5,1,1.2550000000000008,0.03,1.2553585145288186,0.048500066000000785,DIRECT_CLUSTER_NEIGHBOR
Z04_F04_topdown_same_geom_occluded.ply,Z04,4,1,left,5,6,5,6,1,1.4464999340000002,-0.06,1.4477437822563788,0.2400000000000002,DIRECT_CLUSTER_NEIGHBOR
Z05_F00_multiview_yaw_motion_0.ply,Z05,0,1,left,0,1,0,1,1,1.2232499361038207,-0.0,1.2232499361038207,0.02499999999999991,DIRECT_CLUSTER_NEIGHBOR
Z05_F00_multiview_yaw_motion_0.ply,Z05,0,1,left,1,2,1,2,1,1.2482499718666074,0.0,1.2482499718666074,0.02499999999999969,DIRECT_CLUSTER_NEIGHBOR
Z05_F00_multiview_yaw_motion_0.ply,Z05,0,1,left,2,3,2,3,1,1.234999918937684,-0.0,1.234999918937684,0.0250000000000008,DIRECT_CLUSTER_NEIGHBOR
Z05_F00_multiview_yaw_motion_0.ply,Z05,0,1,left,3,4,3,4,1,1.2149999380111698,0.0,1.2149999380111698,0.025000000000000355,DIRECT_CLUSTER_NEIGHBOR
Z05_F00_multiview_yaw_motion_0.ply,Z05,0,1,left,4,5,4,5,1,1.2149999976158146,-0.0,1.2149999976158146,0.025000000000000355,DIRECT_CLUSTER_NEIGHBOR
Z05_F01_topdown_yaw_motion_1.ply,Z05,1,1,left,0,1,0,1,1,1.2232499361038207,-0.025,1.2235053764401698,0.02499999999999991,DIRECT_CLUSTER_NEIGHBOR
Z05_F01_topdown_yaw_motion_1.ply,Z05,1,1,left,1,2,1,2,1,1.2482499718666076,0.025,1.2485002972626744,0.02499999999999991,DIRECT_CLUSTER_NEIGHBOR
Z05_F01_topdown_yaw_motion_1.ply,Z05,1,1,left,2,3,2,3,1,1.2599999189376838,-0.025,1.260247910421981,0.05000000000000071,DIRECT_CLUSTER_NEIGHBOR
Z05_F01_topdown_yaw_motion_1.ply,Z05,1,1,left,3,4,3,4,1,1.2149999380111698,0.025,1.215257112452812,0.025000000000000355,DIRECT_CLUSTER_NEIGHBOR
Z05_F01_topdown_yaw_motion_1.ply,Z05,1,1,left,4,5,4,5,1,1.2149999976158146,-0.025,1.215257172044843,0.025000000000000355,DIRECT_CLUSTER_NEIGHBOR
Z05_F02_topdown_yaw_motion_2.ply,Z05,2,1,left,0,1,0,1,1,1.2232499361038207,-0.05,1.2242713776683671,0.02499999999999991,DIRECT_CLUSTER_NEIGHBOR
Z05_F02_topdown_yaw_motion_2.ply,Z05,2,1,left,1,2,1,2,1,1.2482499718666071,0.05,1.2492509724891094,0.024999999999999467,DIRECT_CLUSTER_NEIGHBOR
Z05_F02_topdown_yaw_motion_2.ply,Z05,2,1,left,2,3,2,3,1,1.2849999189376842,-0.05,1.2859723137260206,0.07500000000000107,DIRECT_CLUSTER_NEIGHBOR
Z05_F02_topdown_yaw_motion_2.ply,Z05,2,1,left,3,4,3,4,1,1.2149999380111698,0.05,1.216028309443142,0.025000000000000355,DIRECT_CLUSTER_NEIGHBOR
Z05_F02_topdown_yaw_motion_2.ply,Z05,2,1,left,4,5,4,5,1,1.2149999976158146,-0.05,1.2160283689973805,0.025000000000000355,DIRECT_CLUSTER_NEIGHBOR
Z05_F03_multiview_yaw_motion_3.ply,Z05,3,1,left,0,1,0,1,1,1.2232499361038207,-0.075,1.2255469824441663,0.02499999999999991,DIRECT_CLUSTER_NEIGHBOR
Z05_F03_multiview_yaw_motion_3.ply,Z05,3,1,left,1,2,1,2,1,1.2482499718666074,0.075,1.2505010964669268,0.02499999999999969,DIRECT_CLUSTER_NEIGHBOR
Z05_F03_multiview_yaw_motion_3.ply,Z05,3,1,left,2,3,2,3,1,1.309999918937684,-0.075,1.3121451092073386,0.10000000000000098,DIRECT_CLUSTER_NEIGHBOR
Z05_F03_multiview_yaw_motion_3.ply,Z05,3,1,left,3,4,3,4,1,1.2149999380111698,0.075,1.2173125520453432,0.025000000000000355,DIRECT_CLUSTER_NEIGHBOR
Z05_F03_multiview_yaw_motion_3.ply,Z05,3,1,left,4,5,4,5,1,1.2149999976158146,-0.075,1.217312611536753,0.025000000000000355,DIRECT_CLUSTER_NEIGHBOR
D01_F00_full_l1_before_l2.ply,D01,0,1,full_L1,0,1,0,1,1,1.2199999999999998,0.0,1.2199999999999998,-2.220446049250313e-16,DIRECT_CLUSTER_NEIGHBOR
D01_F00_full_l1_before_l2.ply,D01,0,1,full_L1,1,2,1,2,1,1.2200000000000002,0.0,1.2200000000000002,2.220446049250313e-16,DIRECT_CLUSTER_NEIGHBOR
D01_F00_full_l1_before_l2.ply,D01,0,1,full_L1,2,3,2,3,1,1.2200000000000002,0.0,1.2200000000000002,2.220446049250313e-16,DIRECT_CLUSTER_NEIGHBOR
D01_F00_full_l1_before_l2.ply,D01,0,1,full_L1,3,4,3,4,1,1.2199999999999998,0.0,1.2199999999999998,-2.220446049250313e-16,DIRECT_CLUSTER_NEIGHBOR
D01_F00_full_l1_before_l2.ply,D01,0,1,full_L1,4,5,4,5,1,1.2199999999999998,0.0,1.2199999999999998,-2.220446049250313e-16,DIRECT_CLUSTER_NEIGHBOR
D01_F00_full_l1_before_l2.ply,D01,0,1,full_L1,5,6,5,6,1,1.2200000000000006,0.0,1.2200000000000006,6.661338147750939e-16,DIRECT_CLUSTER_NEIGHBOR
D01_F00_full_l1_before_l2.ply,D01,0,1,full_L1,6,7,6,7,1,1.2199999999999989,0.0,1.2199999999999989,-1.1102230246251565e-15,DIRECT_CLUSTER_NEIGHBOR
D01_F00_full_l1_before_l2.ply,D01,0,1,full_L1,7,8,7,8,1,1.2200000000000006,0.0,1.2200000000000006,6.661338147750939e-16,DIRECT_CLUSTER_NEIGHBOR
D01_F00_full_l1_before_l2.ply,D01,0,1,full_L1,8,9,8,9,1,1.2200000000000006,0.0,1.2200000000000006,6.661338147750939e-16,DIRECT_CLUSTER_NEIGHBOR
D01_F01_l2_new_support0.ply,D01,1,1,full_L1,0,1,0,1,1,1.2199999999999998,0.0,1.2199999999999998,-2.220446049250313e-16,DIRECT_CLUSTER_NEIGHBOR
D01_F01_l2_new_support0.ply,D01,1,1,full_L1,1,2,1,2,1,1.2200000000000002,0.0,1.2200000000000002,2.220446049250313e-16,DIRECT_CLUSTER_NEIGHBOR
D01_F01_l2_new_support0.ply,D01,1,1,full_L1,2,3,2,3,1,1.2200000000000002,0.0,1.2200000000000002,2.220446049250313e-16,DIRECT_CLUSTER_NEIGHBOR
D01_F01_l2_new_support0.ply,D01,1,1,full_L1,3,4,3,4,1,1.2199999999999998,0.0,1.2199999999999998,-2.220446049250313e-16,DIRECT_CLUSTER_NEIGHBOR
D01_F01_l2_new_support0.ply,D01,1,1,full_L1,4,5,4,5,1,1.2199999999999998,0.0,1.2199999999999998,-2.220446049250313e-16,DIRECT_CLUSTER_NEIGHBOR
D01_F01_l2_new_support0.ply,D01,1,1,full_L1,5,6,5,6,1,1.2200000000000006,0.0,1.2200000000000006,6.661338147750939e-16,DIRECT_CLUSTER_NEIGHBOR
D01_F01_l2_new_support0.ply,D01,1,1,full_L1,6,7,6,7,1,1.2199999999999989,0.0,1.2199999999999989,-1.1102230246251565e-15,DIRECT_CLUSTER_NEIGHBOR
D01_F01_l2_new_support0.ply,D01,1,1,full_L1,7,8,7,8,1,1.2200000000000006,0.0,1.2200000000000006,6.661338147750939e-16,DIRECT_CLUSTER_NEIGHBOR
D01_F01_l2_new_support0.ply,D01,1,1,full_L1,8,9,8,9,1,1.2200000000000006,0.0,1.2200000000000006,6.661338147750939e-16,DIRECT_CLUSTER_NEIGHBOR
D01_F02_l2_new_support1.ply,D01,2,1,full_L1,0,1,0,1,1,1.2199999999999998,0.0,1.2199999999999998,-2.220446049250313e-16,DIRECT_CLUSTER_NEIGHBOR
D01_F02_l2_new_support1.ply,D01,2,1,full_L1,1,2,1,2,1,1.2200000000000002,0.0,1.2200000000000002,2.220446049250313e-16,DIRECT_CLUSTER_NEIGHBOR
D01_F02_l2_new_support1.ply,D01,2,1,full_L1,2,3,2,3,1,1.2200000000000002,0.0,1.2200000000000002,2.220446049250313e-16,DIRECT_CLUSTER_NEIGHBOR
D01_F02_l2_new_support1.ply,D01,2,1,full_L1,3,4,3,4,1,1.2199999999999998,0.0,1.2199999999999998,-2.220446049250313e-16,DIRECT_CLUSTER_NEIGHBOR
D01_F02_l2_new_support1.ply,D01,2,1,full_L1,4,5,4,5,1,1.2199999999999998,0.0,1.2199999999999998,-2.220446049250313e-16,DIRECT_CLUSTER_NEIGHBOR
D01_F02_l2_new_support1.ply,D01,2,1,full_L1,5,6,5,6,1,1.2200000000000006,0.0,1.2200000000000006,6.661338147750939e-16,DIRECT_CLUSTER_NEIGHBOR
D01_F02_l2_new_support1.ply,D01,2,1,full_L1,6,7,6,7,1,1.2199999999999989,0.0,1.2199999999999989,-1.1102230246251565e-15,DIRECT_CLUSTER_NEIGHBOR
D01_F02_l2_new_support1.ply,D01,2,1,full_L1,7,8,7,8,1,1.2200000000000006,0.0,1.2200000000000006,6.661338147750939e-16,DIRECT_CLUSTER_NEIGHBOR
D01_F02_l2_new_support1.ply,D01,2,1,full_L1,8,9,8,9,1,1.2200000000000006,0.0,1.2200000000000006,6.661338147750939e-16,DIRECT_CLUSTER_NEIGHBOR
D01_F02_l2_new_support1.ply,D01,2,2,layer2,10,11,0,1,1,1.2200000000000002,0.0,1.2200000000000002,0.10000000000000009,DIRECT_CLUSTER_NEIGHBOR
D01_F03_upper_settle_l1_locked.ply,D01,3,1,full_L1,0,1,0,1,1,1.2199999999999998,0.0,1.2199999999999998,-2.220446049250313e-16,DIRECT_CLUSTER_NEIGHBOR
D01_F03_upper_settle_l1_locked.ply,D01,3,1,full_L1,1,2,1,2,1,1.2200000000000002,0.0,1.2200000000000002,2.220446049250313e-16,DIRECT_CLUSTER_NEIGHBOR
D01_F03_upper_settle_l1_locked.ply,D01,3,1,full_L1,2,3,2,3,1,1.2200000000000002,0.0,1.2200000000000002,2.220446049250313e-16,DIRECT_CLUSTER_NEIGHBOR
D01_F03_upper_settle_l1_locked.ply,D01,3,1,full_L1,3,4,3,4,1,1.2199999999999998,0.0,1.2199999999999998,-2.220446049250313e-16,DIRECT_CLUSTER_NEIGHBOR
D01_F03_upper_settle_l1_locked.ply,D01,3,1,full_L1,4,5,4,5,1,1.2199999999999998,0.0,1.2199999999999998,-2.220446049250313e-16,DIRECT_CLUSTER_NEIGHBOR
D01_F03_upper_settle_l1_locked.ply,D01,3,1,full_L1,5,6,5,6,1,1.2200000000000006,0.0,1.2200000000000006,6.661338147750939e-16,DIRECT_CLUSTER_NEIGHBOR
D01_F03_upper_settle_l1_locked.ply,D01,3,1,full_L1,6,7,6,7,1,1.2199999999999989,0.0,1.2199999999999989,-1.1102230246251565e-15,DIRECT_CLUSTER_NEIGHBOR
D01_F03_upper_settle_l1_locked.ply,D01,3,1,full_L1,7,8,7,8,1,1.2200000000000006,0.0,1.2200000000000006,6.661338147750939e-16,DIRECT_CLUSTER_NEIGHBOR
D01_F03_upper_settle_l1_locked.ply,D01,3,1,full_L1,8,9,8,9,1,1.2200000000000006,0.0,1.2200000000000006,6.661338147750939e-16,DIRECT_CLUSTER_NEIGHBOR
D01_F03_upper_settle_l1_locked.ply,D01,3,2,layer2,10,11,0,1,1,1.1300000000000001,0.0,1.1300000000000001,0.010000000000000009,DIRECT_CLUSTER_NEIGHBOR
D02_F00_full_l1_before_right_l2.ply,D02,0,1,full_L1,0,1,0,1,1,1.2199999999999998,0.0,1.2199999999999998,-2.220446049250313e-16,DIRECT_CLUSTER_NEIGHBOR
D02_F00_full_l1_before_right_l2.ply,D02,0,1,full_L1,1,2,1,2,1,1.2200000000000002,0.0,1.2200000000000002,2.220446049250313e-16,DIRECT_CLUSTER_NEIGHBOR
D02_F00_full_l1_before_right_l2.ply,D02,0,1,full_L1,2,3,2,3,1,1.2200000000000002,0.0,1.2200000000000002,2.220446049250313e-16,DIRECT_CLUSTER_NEIGHBOR
D02_F00_full_l1_before_right_l2.ply,D02,0,1,full_L1,3,4,3,4,1,1.2199999999999998,0.0,1.2199999999999998,-2.220446049250313e-16,DIRECT_CLUSTER_NEIGHBOR
D02_F00_full_l1_before_right_l2.ply,D02,0,1,full_L1,4,5,4,5,1,1.2199999999999998,0.0,1.2199999999999998,-2.220446049250313e-16,DIRECT_CLUSTER_NEIGHBOR
D02_F00_full_l1_before_right_l2.ply,D02,0,1,full_L1,5,6,5,6,1,1.2200000000000006,0.0,1.2200000000000006,6.661338147750939e-16,DIRECT_CLUSTER_NEIGHBOR
D02_F00_full_l1_before_right_l2.ply,D02,0,1,full_L1,6,7,6,7,1,1.2199999999999989,0.0,1.2199999999999989,-1.1102230246251565e-15,DIRECT_CLUSTER_NEIGHBOR
D02_F00_full_l1_before_right_l2.ply,D02,0,1,full_L1,7,8,7,8,1,1.2200000000000006,0.0,1.2200000000000006,6.661338147750939e-16,DIRECT_CLUSTER_NEIGHBOR
D02_F00_full_l1_before_right_l2.ply,D02,0,1,full_L1,8,9,8,9,1,1.2200000000000006,0.0,1.2200000000000006,6.661338147750939e-16,DIRECT_CLUSTER_NEIGHBOR
D02_F01_right_new_support8.ply,D02,1,1,full_L1,0,1,0,1,1,1.2199999999999998,0.0,1.2199999999999998,-2.220446049250313e-16,DIRECT_CLUSTER_NEIGHBOR
D02_F01_right_new_support8.ply,D02,1,1,full_L1,1,2,1,2,1,1.2200000000000002,0.0,1.2200000000000002,2.220446049250313e-16,DIRECT_CLUSTER_NEIGHBOR
D02_F01_right_new_support8.ply,D02,1,1,full_L1,2,3,2,3,1,1.2200000000000002,0.0,1.2200000000000002,2.220446049250313e-16,DIRECT_CLUSTER_NEIGHBOR
D02_F01_right_new_support8.ply,D02,1,1,full_L1,3,4,3,4,1,1.2199999999999998,0.0,1.2199999999999998,-2.220446049250313e-16,DIRECT_CLUSTER_NEIGHBOR
D02_F01_right_new_support8.ply,D02,1,1,full_L1,4,5,4,5,1,1.2199999999999998,0.0,1.2199999999999998,-2.220446049250313e-16,DIRECT_CLUSTER_NEIGHBOR
D02_F01_right_new_support8.ply,D02,1,1,full_L1,5,6,5,6,1,1.2200000000000006,0.0,1.2200000000000006,6.661338147750939e-16,DIRECT_CLUSTER_NEIGHBOR
D02_F01_right_new_support8.ply,D02,1,1,full_L1,6,7,6,7,1,1.2199999999999989,0.0,1.2199999999999989,-1.1102230246251565e-15,DIRECT_CLUSTER_NEIGHBOR
D02_F01_right_new_support8.ply,D02,1,1,full_L1,7,8,7,8,1,1.2200000000000006,0.0,1.2200000000000006,6.661338147750939e-16,DIRECT_CLUSTER_NEIGHBOR
D02_F01_right_new_support8.ply,D02,1,1,full_L1,8,9,8,9,1,1.2200000000000006,0.0,1.2200000000000006,6.661338147750939e-16,DIRECT_CLUSTER_NEIGHBOR
D02_F02_right_new_support7.ply,D02,2,1,full_L1,0,1,0,1,1,1.2199999999999998,0.0,1.2199999999999998,-2.220446049250313e-16,DIRECT_CLUSTER_NEIGHBOR
D02_F02_right_new_support7.ply,D02,2,1,full_L1,1,2,1,2,1,1.2200000000000002,0.0,1.2200000000000002,2.220446049250313e-16,DIRECT_CLUSTER_NEIGHBOR
D02_F02_right_new_support7.ply,D02,2,1,full_L1,2,3,2,3,1,1.2200000000000002,0.0,1.2200000000000002,2.220446049250313e-16,DIRECT_CLUSTER_NEIGHBOR
D02_F02_right_new_support7.ply,D02,2,1,full_L1,3,4,3,4,1,1.2199999999999998,0.0,1.2199999999999998,-2.220446049250313e-16,DIRECT_CLUSTER_NEIGHBOR
D02_F02_right_new_support7.ply,D02,2,1,full_L1,4,5,4,5,1,1.2199999999999998,0.0,1.2199999999999998,-2.220446049250313e-16,DIRECT_CLUSTER_NEIGHBOR
D02_F02_right_new_support7.ply,D02,2,1,full_L1,5,6,5,6,1,1.2200000000000006,0.0,1.2200000000000006,6.661338147750939e-16,DIRECT_CLUSTER_NEIGHBOR
D02_F02_right_new_support7.ply,D02,2,1,full_L1,6,7,6,7,1,1.2199999999999989,0.0,1.2199999999999989,-1.1102230246251565e-15,DIRECT_CLUSTER_NEIGHBOR
D02_F02_right_new_support7.ply,D02,2,1,full_L1,7,8,7,8,1,1.2200000000000006,0.0,1.2200000000000006,6.661338147750939e-16,DIRECT_CLUSTER_NEIGHBOR
D02_F02_right_new_support7.ply,D02,2,1,full_L1,8,9,8,9,1,1.2200000000000006,0.0,1.2200000000000006,6.661338147750939e-16,DIRECT_CLUSTER_NEIGHBOR
D02_F02_right_new_support7.ply,D02,2,2,layer2,17,18,7,8,1,1.190000000000003,0.0,1.190000000000003,0.07000000000000295,DIRECT_CLUSTER_NEIGHBOR
D02_F03_right_new_support6.ply,D02,3,1,full_L1,0,1,0,1,1,1.2199999999999998,0.0,1.2199999999999998,-2.220446049250313e-16,DIRECT_CLUSTER_NEIGHBOR
D02_F03_right_new_support6.ply,D02,3,1,full_L1,1,2,1,2,1,1.2200000000000002,0.0,1.2200000000000002,2.220446049250313e-16,DIRECT_CLUSTER_NEIGHBOR
D02_F03_right_new_support6.ply,D02,3,1,full_L1,2,3,2,3,1,1.2200000000000002,0.0,1.2200000000000002,2.220446049250313e-16,DIRECT_CLUSTER_NEIGHBOR
D02_F03_right_new_support6.ply,D02,3,1,full_L1,3,4,3,4,1,1.2199999999999998,0.0,1.2199999999999998,-2.220446049250313e-16,DIRECT_CLUSTER_NEIGHBOR
D02_F03_right_new_support6.ply,D02,3,1,full_L1,4,5,4,5,1,1.2199999999999998,0.0,1.2199999999999998,-2.220446049250313e-16,DIRECT_CLUSTER_NEIGHBOR
D02_F03_right_new_support6.ply,D02,3,1,full_L1,5,6,5,6,1,1.2200000000000006,0.0,1.2200000000000006,6.661338147750939e-16,DIRECT_CLUSTER_NEIGHBOR
D02_F03_right_new_support6.ply,D02,3,1,full_L1,6,7,6,7,1,1.2199999999999989,0.0,1.2199999999999989,-1.1102230246251565e-15,DIRECT_CLUSTER_NEIGHBOR
D02_F03_right_new_support6.ply,D02,3,1,full_L1,7,8,7,8,1,1.2200000000000006,0.0,1.2200000000000006,6.661338147750939e-16,DIRECT_CLUSTER_NEIGHBOR
D02_F03_right_new_support6.ply,D02,3,1,full_L1,8,9,8,9,1,1.2200000000000006,0.0,1.2200000000000006,6.661338147750939e-16,DIRECT_CLUSTER_NEIGHBOR
D02_F03_right_new_support6.ply,D02,3,2,layer2,16,17,6,7,1,1.259999999999998,0.0,1.259999999999998,0.1399999999999979,DIRECT_CLUSTER_NEIGHBOR
D02_F03_right_new_support6.ply,D02,3,2,layer2,17,18,7,8,1,1.1800000000000033,0.0,1.1800000000000033,0.06000000000000316,DIRECT_CLUSTER_NEIGHBOR
D03_F00_full_l1.ply,D03,0,1,full_L1,0,1,0,1,1,1.2199999999999998,0.0,1.2199999999999998,-2.220446049250313e-16,DIRECT_CLUSTER_NEIGHBOR
D03_F00_full_l1.ply,D03,0,1,full_L1,1,2,1,2,1,1.2200000000000002,0.0,1.2200000000000002,2.220446049250313e-16,DIRECT_CLUSTER_NEIGHBOR
D03_F00_full_l1.ply,D03,0,1,full_L1,2,3,2,3,1,1.2200000000000002,0.0,1.2200000000000002,2.220446049250313e-16,DIRECT_CLUSTER_NEIGHBOR
D03_F00_full_l1.ply,D03,0,1,full_L1,3,4,3,4,1,1.2199999999999998,0.0,1.2199999999999998,-2.220446049250313e-16,DIRECT_CLUSTER_NEIGHBOR
D03_F00_full_l1.ply,D03,0,1,full_L1,4,5,4,5,1,1.2199999999999998,0.0,1.2199999999999998,-2.220446049250313e-16,DIRECT_CLUSTER_NEIGHBOR
D03_F00_full_l1.ply,D03,0,1,full_L1,5,6,5,6,1,1.2200000000000006,0.0,1.2200000000000006,6.661338147750939e-16,DIRECT_CLUSTER_NEIGHBOR
D03_F00_full_l1.ply,D03,0,1,full_L1,6,7,6,7,1,1.2199999999999989,0.0,1.2199999999999989,-1.1102230246251565e-15,DIRECT_CLUSTER_NEIGHBOR
D03_F00_full_l1.ply,D03,0,1,full_L1,7,8,7,8,1,1.2200000000000006,0.0,1.2200000000000006,6.661338147750939e-16,DIRECT_CLUSTER_NEIGHBOR
D03_F00_full_l1.ply,D03,0,1,full_L1,8,9,8,9,1,1.2200000000000006,0.0,1.2200000000000006,6.661338147750939e-16,DIRECT_CLUSTER_NEIGHBOR
D03_F01_new_support1.ply,D03,1,1,full_L1,0,1,0,1,1,1.2199999999999998,0.0,1.2199999999999998,-2.220446049250313e-16,DIRECT_CLUSTER_NEIGHBOR
D03_F01_new_support1.ply,D03,1,1,full_L1,1,2,1,2,1,1.2200000000000002,0.0,1.2200000000000002,2.220446049250313e-16,DIRECT_CLUSTER_NEIGHBOR
D03_F01_new_support1.ply,D03,1,1,full_L1,2,3,2,3,1,1.2200000000000002,0.0,1.2200000000000002,2.220446049250313e-16,DIRECT_CLUSTER_NEIGHBOR
D03_F01_new_support1.ply,D03,1,1,full_L1,3,4,3,4,1,1.2199999999999998,0.0,1.2199999999999998,-2.220446049250313e-16,DIRECT_CLUSTER_NEIGHBOR
D03_F01_new_support1.ply,D03,1,1,full_L1,4,5,4,5,1,1.2199999999999998,0.0,1.2199999999999998,-2.220446049250313e-16,DIRECT_CLUSTER_NEIGHBOR
D03_F01_new_support1.ply,D03,1,1,full_L1,5,6,5,6,1,1.2200000000000006,0.0,1.2200000000000006,6.661338147750939e-16,DIRECT_CLUSTER_NEIGHBOR
D03_F01_new_support1.ply,D03,1,1,full_L1,6,7,6,7,1,1.2199999999999989,0.0,1.2199999999999989,-1.1102230246251565e-15,DIRECT_CLUSTER_NEIGHBOR
D03_F01_new_support1.ply,D03,1,1,full_L1,7,8,7,8,1,1.2200000000000006,0.0,1.2200000000000006,6.661338147750939e-16,DIRECT_CLUSTER_NEIGHBOR
D03_F01_new_support1.ply,D03,1,1,full_L1,8,9,8,9,1,1.2200000000000006,0.0,1.2200000000000006,6.661338147750939e-16,DIRECT_CLUSTER_NEIGHBOR
D03_F02_new_support7.ply,D03,2,1,full_L1,0,1,0,1,1,1.2199999999999998,0.0,1.2199999999999998,-2.220446049250313e-16,DIRECT_CLUSTER_NEIGHBOR
D03_F02_new_support7.ply,D03,2,1,full_L1,1,2,1,2,1,1.2200000000000002,0.0,1.2200000000000002,2.220446049250313e-16,DIRECT_CLUSTER_NEIGHBOR
D03_F02_new_support7.ply,D03,2,1,full_L1,2,3,2,3,1,1.2200000000000002,0.0,1.2200000000000002,2.220446049250313e-16,DIRECT_CLUSTER_NEIGHBOR
D03_F02_new_support7.ply,D03,2,1,full_L1,3,4,3,4,1,1.2199999999999998,0.0,1.2199999999999998,-2.220446049250313e-16,DIRECT_CLUSTER_NEIGHBOR
D03_F02_new_support7.ply,D03,2,1,full_L1,4,5,4,5,1,1.2199999999999998,0.0,1.2199999999999998,-2.220446049250313e-16,DIRECT_CLUSTER_NEIGHBOR
D03_F02_new_support7.ply,D03,2,1,full_L1,5,6,5,6,1,1.2200000000000006,0.0,1.2200000000000006,6.661338147750939e-16,DIRECT_CLUSTER_NEIGHBOR
D03_F02_new_support7.ply,D03,2,1,full_L1,6,7,6,7,1,1.2199999999999989,0.0,1.2199999999999989,-1.1102230246251565e-15,DIRECT_CLUSTER_NEIGHBOR
D03_F02_new_support7.ply,D03,2,1,full_L1,7,8,7,8,1,1.2200000000000006,0.0,1.2200000000000006,6.661338147750939e-16,DIRECT_CLUSTER_NEIGHBOR
D03_F02_new_support7.ply,D03,2,1,full_L1,8,9,8,9,1,1.2200000000000006,0.0,1.2200000000000006,6.661338147750939e-16,DIRECT_CLUSTER_NEIGHBOR
D03_F03_multi_new_support3_5.ply,D03,3,1,full_L1,0,1,0,1,1,1.2199999999999998,0.0,1.2199999999999998,-2.220446049250313e-16,DIRECT_CLUSTER_NEIGHBOR
D03_F03_multi_new_support3_5.ply,D03,3,1,full_L1,1,2,1,2,1,1.2200000000000002,0.0,1.2200000000000002,2.220446049250313e-16,DIRECT_CLUSTER_NEIGHBOR
D03_F03_multi_new_support3_5.ply,D03,3,1,full_L1,2,3,2,3,1,1.2200000000000002,0.0,1.2200000000000002,2.220446049250313e-16,DIRECT_CLUSTER_NEIGHBOR
D03_F03_multi_new_support3_5.ply,D03,3,1,full_L1,3,4,3,4,1,1.2199999999999998,0.0,1.2199999999999998,-2.220446049250313e-16,DIRECT_CLUSTER_NEIGHBOR
D03_F03_multi_new_support3_5.ply,D03,3,1,full_L1,4,5,4,5,1,1.2199999999999998,0.0,1.2199999999999998,-2.220446049250313e-16,DIRECT_CLUSTER_NEIGHBOR
D03_F03_multi_new_support3_5.ply,D03,3,1,full_L1,5,6,5,6,1,1.2200000000000006,0.0,1.2200000000000006,6.661338147750939e-16,DIRECT_CLUSTER_NEIGHBOR
D03_F03_multi_new_support3_5.ply,D03,3,1,full_L1,6,7,6,7,1,1.2199999999999989,0.0,1.2199999999999989,-1.1102230246251565e-15,DIRECT_CLUSTER_NEIGHBOR
D03_F03_multi_new_support3_5.ply,D03,3,1,full_L1,7,8,7,8,1,1.2200000000000006,0.0,1.2200000000000006,6.661338147750939e-16,DIRECT_CLUSTER_NEIGHBOR
D03_F03_multi_new_support3_5.ply,D03,3,1,full_L1,8,9,8,9,1,1.2200000000000006,0.0,1.2200000000000006,6.661338147750939e-16,DIRECT_CLUSTER_NEIGHBOR
D04_F00_full_l1_multiview.ply,D04,0,1,full_L1,0,1,0,1,1,1.2199999999999998,0.0,1.2199999999999998,-2.220446049250313e-16,DIRECT_CLUSTER_NEIGHBOR
D04_F00_full_l1_multiview.ply,D04,0,1,full_L1,1,2,1,2,1,1.2200000000000002,0.0,1.2200000000000002,2.220446049250313e-16,DIRECT_CLUSTER_NEIGHBOR
D04_F00_full_l1_multiview.ply,D04,0,1,full_L1,2,3,2,3,1,1.2200000000000002,0.0,1.2200000000000002,2.220446049250313e-16,DIRECT_CLUSTER_NEIGHBOR
D04_F00_full_l1_multiview.ply,D04,0,1,full_L1,3,4,3,4,1,1.2199999999999998,0.0,1.2199999999999998,-2.220446049250313e-16,DIRECT_CLUSTER_NEIGHBOR
D04_F00_full_l1_multiview.ply,D04,0,1,full_L1,4,5,4,5,1,1.2199999999999998,0.0,1.2199999999999998,-2.220446049250313e-16,DIRECT_CLUSTER_NEIGHBOR
D04_F00_full_l1_multiview.ply,D04,0,1,full_L1,5,6,5,6,1,1.2200000000000006,0.0,1.2200000000000006,6.661338147750939e-16,DIRECT_CLUSTER_NEIGHBOR
D04_F00_full_l1_multiview.ply,D04,0,1,full_L1,6,7,6,7,1,1.2199999999999989,0.0,1.2199999999999989,-1.1102230246251565e-15,DIRECT_CLUSTER_NEIGHBOR
D04_F00_full_l1_multiview.ply,D04,0,1,full_L1,7,8,7,8,1,1.2200000000000006,0.0,1.2200000000000006,6.661338147750939e-16,DIRECT_CLUSTER_NEIGHBOR
D04_F00_full_l1_multiview.ply,D04,0,1,full_L1,8,9,8,9,1,1.2200000000000006,0.0,1.2200000000000006,6.661338147750939e-16,DIRECT_CLUSTER_NEIGHBOR
D04_F01_top_new_support2.ply,D04,1,1,full_L1,0,1,0,1,1,1.2199999999999998,0.0,1.2199999999999998,-2.220446049250313e-16,DIRECT_CLUSTER_NEIGHBOR
D04_F01_top_new_support2.ply,D04,1,1,full_L1,1,2,1,2,1,1.2200000000000002,0.0,1.2200000000000002,2.220446049250313e-16,DIRECT_CLUSTER_NEIGHBOR
D04_F01_top_new_support2.ply,D04,1,1,full_L1,2,3,2,3,1,1.2200000000000002,0.0,1.2200000000000002,2.220446049250313e-16,DIRECT_CLUSTER_NEIGHBOR
D04_F01_top_new_support2.ply,D04,1,1,full_L1,3,4,3,4,1,1.2199999999999998,0.0,1.2199999999999998,-2.220446049250313e-16,DIRECT_CLUSTER_NEIGHBOR
D04_F01_top_new_support2.ply,D04,1,1,full_L1,4,5,4,5,1,1.2199999999999998,0.0,1.2199999999999998,-2.220446049250313e-16,DIRECT_CLUSTER_NEIGHBOR
D04_F01_top_new_support2.ply,D04,1,1,full_L1,5,6,5,6,1,1.2200000000000006,0.0,1.2200000000000006,6.661338147750939e-16,DIRECT_CLUSTER_NEIGHBOR
D04_F01_top_new_support2.ply,D04,1,1,full_L1,6,7,6,7,1,1.2199999999999989,0.0,1.2199999999999989,-1.1102230246251565e-15,DIRECT_CLUSTER_NEIGHBOR
D04_F01_top_new_support2.ply,D04,1,1,full_L1,7,8,7,8,1,1.2200000000000006,0.0,1.2200000000000006,6.661338147750939e-16,DIRECT_CLUSTER_NEIGHBOR
D04_F01_top_new_support2.ply,D04,1,1,full_L1,8,9,8,9,1,1.2200000000000006,0.0,1.2200000000000006,6.661338147750939e-16,DIRECT_CLUSTER_NEIGHBOR
D04_F02_top_new_support3.ply,D04,2,1,full_L1,0,1,0,1,1,1.2199999999999998,0.0,1.2199999999999998,-2.220446049250313e-16,DIRECT_CLUSTER_NEIGHBOR
D04_F02_top_new_support3.ply,D04,2,1,full_L1,1,2,1,2,1,1.2200000000000002,0.0,1.2200000000000002,2.220446049250313e-16,DIRECT_CLUSTER_NEIGHBOR
D04_F02_top_new_support3.ply,D04,2,1,full_L1,2,3,2,3,1,1.2200000000000002,0.0,1.2200000000000002,2.220446049250313e-16,DIRECT_CLUSTER_NEIGHBOR
D04_F02_top_new_support3.ply,D04,2,1,full_L1,3,4,3,4,1,1.2199999999999998,0.0,1.2199999999999998,-2.220446049250313e-16,DIRECT_CLUSTER_NEIGHBOR
D04_F02_top_new_support3.ply,D04,2,1,full_L1,4,5,4,5,1,1.2199999999999998,0.0,1.2199999999999998,-2.220446049250313e-16,DIRECT_CLUSTER_NEIGHBOR
D04_F02_top_new_support3.ply,D04,2,1,full_L1,5,6,5,6,1,1.2200000000000006,0.0,1.2200000000000006,6.661338147750939e-16,DIRECT_CLUSTER_NEIGHBOR
D04_F02_top_new_support3.ply,D04,2,1,full_L1,6,7,6,7,1,1.2199999999999989,0.0,1.2199999999999989,-1.1102230246251565e-15,DIRECT_CLUSTER_NEIGHBOR
D04_F02_top_new_support3.ply,D04,2,1,full_L1,7,8,7,8,1,1.2200000000000006,0.0,1.2200000000000006,6.661338147750939e-16,DIRECT_CLUSTER_NEIGHBOR
D04_F02_top_new_support3.ply,D04,2,1,full_L1,8,9,8,9,1,1.2200000000000006,0.0,1.2200000000000006,6.661338147750939e-16,DIRECT_CLUSTER_NEIGHBOR
D04_F02_top_new_support3.ply,D04,2,2,layer2,12,13,2,3,1,1.1899999999999995,0.0,1.1899999999999995,0.0699999999999994,DIRECT_CLUSTER_NEIGHBOR
D04_F03_top_upper_motion.ply,D04,3,1,full_L1,0,1,0,1,1,1.2199999999999998,0.0,1.2199999999999998,-2.220446049250313e-16,DIRECT_CLUSTER_NEIGHBOR
D04_F03_top_upper_motion.ply,D04,3,1,full_L1,1,2,1,2,1,1.2200000000000002,0.0,1.2200000000000002,2.220446049250313e-16,DIRECT_CLUSTER_NEIGHBOR
D04_F03_top_upper_motion.ply,D04,3,1,full_L1,2,3,2,3,1,1.2200000000000002,0.0,1.2200000000000002,2.220446049250313e-16,DIRECT_CLUSTER_NEIGHBOR
D04_F03_top_upper_motion.ply,D04,3,1,full_L1,3,4,3,4,1,1.2199999999999998,0.0,1.2199999999999998,-2.220446049250313e-16,DIRECT_CLUSTER_NEIGHBOR
D04_F03_top_upper_motion.ply,D04,3,1,full_L1,4,5,4,5,1,1.2199999999999998,0.0,1.2199999999999998,-2.220446049250313e-16,DIRECT_CLUSTER_NEIGHBOR
D04_F03_top_upper_motion.ply,D04,3,1,full_L1,5,6,5,6,1,1.2200000000000006,0.0,1.2200000000000006,6.661338147750939e-16,DIRECT_CLUSTER_NEIGHBOR
D04_F03_top_upper_motion.ply,D04,3,1,full_L1,6,7,6,7,1,1.2199999999999989,0.0,1.2199999999999989,-1.1102230246251565e-15,DIRECT_CLUSTER_NEIGHBOR
D04_F03_top_upper_motion.ply,D04,3,1,full_L1,7,8,7,8,1,1.2200000000000006,0.0,1.2200000000000006,6.661338147750939e-16,DIRECT_CLUSTER_NEIGHBOR
D04_F03_top_upper_motion.ply,D04,3,1,full_L1,8,9,8,9,1,1.2200000000000006,0.0,1.2200000000000006,6.661338147750939e-16,DIRECT_CLUSTER_NEIGHBOR
D04_F03_top_upper_motion.ply,D04,3,2,layer2,12,13,2,3,1,1.0699999999999994,0.0,1.0699999999999994,-0.05000000000000071,DIRECT_CLUSTER_NEIGHBOR
D05_F00_bootstrap_double_layer.ply,D05,0,1,full_L1,0,1,0,1,1,1.2199999999999998,0.0,1.2199999999999998,-2.220446049250313e-16,DIRECT_CLUSTER_NEIGHBOR
D05_F00_bootstrap_double_layer.ply,D05,0,1,full_L1,1,2,1,2,1,1.2200000000000002,0.0,1.2200000000000002,2.220446049250313e-16,DIRECT_CLUSTER_NEIGHBOR
D05_F00_bootstrap_double_layer.ply,D05,0,1,full_L1,2,3,2,3,1,1.2200000000000002,0.0,1.2200000000000002,2.220446049250313e-16,DIRECT_CLUSTER_NEIGHBOR
D05_F00_bootstrap_double_layer.ply,D05,0,1,full_L1,3,4,3,4,1,1.2199999999999998,0.0,1.2199999999999998,-2.220446049250313e-16,DIRECT_CLUSTER_NEIGHBOR
D05_F00_bootstrap_double_layer.ply,D05,0,1,full_L1,4,5,4,5,1,1.2199999999999998,0.0,1.2199999999999998,-2.220446049250313e-16,DIRECT_CLUSTER_NEIGHBOR
D05_F00_bootstrap_double_layer.ply,D05,0,1,full_L1,5,6,5,6,1,1.2200000000000006,0.0,1.2200000000000006,6.661338147750939e-16,DIRECT_CLUSTER_NEIGHBOR
D05_F00_bootstrap_double_layer.ply,D05,0,1,full_L1,6,7,6,7,1,1.2199999999999989,0.0,1.2199999999999989,-1.1102230246251565e-15,DIRECT_CLUSTER_NEIGHBOR
D05_F00_bootstrap_double_layer.ply,D05,0,1,full_L1,7,8,7,8,1,1.2200000000000006,0.0,1.2200000000000006,6.661338147750939e-16,DIRECT_CLUSTER_NEIGHBOR
D05_F00_bootstrap_double_layer.ply,D05,0,1,full_L1,8,9,8,9,1,1.2200000000000006,0.0,1.2200000000000006,6.661338147750939e-16,DIRECT_CLUSTER_NEIGHBOR
D05_F01_bootstrap_then_new_support7.ply,D05,1,1,full_L1,0,1,0,1,1,1.2199999999999998,0.0,1.2199999999999998,-2.220446049250313e-16,DIRECT_CLUSTER_NEIGHBOR
D05_F01_bootstrap_then_new_support7.ply,D05,1,1,full_L1,1,2,1,2,1,1.2200000000000002,0.0,1.2200000000000002,2.220446049250313e-16,DIRECT_CLUSTER_NEIGHBOR
D05_F01_bootstrap_then_new_support7.ply,D05,1,1,full_L1,2,3,2,3,1,1.2200000000000002,0.0,1.2200000000000002,2.220446049250313e-16,DIRECT_CLUSTER_NEIGHBOR
D05_F01_bootstrap_then_new_support7.ply,D05,1,1,full_L1,3,4,3,4,1,1.2199999999999998,0.0,1.2199999999999998,-2.220446049250313e-16,DIRECT_CLUSTER_NEIGHBOR
D05_F01_bootstrap_then_new_support7.ply,D05,1,1,full_L1,4,5,4,5,1,1.2199999999999998,0.0,1.2199999999999998,-2.220446049250313e-16,DIRECT_CLUSTER_NEIGHBOR
D05_F01_bootstrap_then_new_support7.ply,D05,1,1,full_L1,5,6,5,6,1,1.2200000000000006,0.0,1.2200000000000006,6.661338147750939e-16,DIRECT_CLUSTER_NEIGHBOR
D05_F01_bootstrap_then_new_support7.ply,D05,1,1,full_L1,6,7,6,7,1,1.2199999999999989,0.0,1.2199999999999989,-1.1102230246251565e-15,DIRECT_CLUSTER_NEIGHBOR
D05_F01_bootstrap_then_new_support7.ply,D05,1,1,full_L1,7,8,7,8,1,1.2200000000000006,0.0,1.2200000000000006,6.661338147750939e-16,DIRECT_CLUSTER_NEIGHBOR
D05_F01_bootstrap_then_new_support7.ply,D05,1,1,full_L1,8,9,8,9,1,1.2200000000000006,0.0,1.2200000000000006,6.661338147750939e-16,DIRECT_CLUSTER_NEIGHBOR
D05_F02_bootstrap_followup.ply,D05,2,1,full_L1,0,1,0,1,1,1.2199999999999998,0.0,1.2199999999999998,-2.220446049250313e-16,DIRECT_CLUSTER_NEIGHBOR
D05_F02_bootstrap_followup.ply,D05,2,1,full_L1,1,2,1,2,1,1.2200000000000002,0.0,1.2200000000000002,2.220446049250313e-16,DIRECT_CLUSTER_NEIGHBOR
D05_F02_bootstrap_followup.ply,D05,2,1,full_L1,2,3,2,3,1,1.2200000000000002,0.0,1.2200000000000002,2.220446049250313e-16,DIRECT_CLUSTER_NEIGHBOR
D05_F02_bootstrap_followup.ply,D05,2,1,full_L1,3,4,3,4,1,1.2199999999999998,0.0,1.2199999999999998,-2.220446049250313e-16,DIRECT_CLUSTER_NEIGHBOR
D05_F02_bootstrap_followup.ply,D05,2,1,full_L1,4,5,4,5,1,1.2199999999999998,0.0,1.2199999999999998,-2.220446049250313e-16,DIRECT_CLUSTER_NEIGHBOR
D05_F02_bootstrap_followup.ply,D05,2,1,full_L1,5,6,5,6,1,1.2200000000000006,0.0,1.2200000000000006,6.661338147750939e-16,DIRECT_CLUSTER_NEIGHBOR
D05_F02_bootstrap_followup.ply,D05,2,1,full_L1,6,7,6,7,1,1.2199999999999989,0.0,1.2199999999999989,-1.1102230246251565e-15,DIRECT_CLUSTER_NEIGHBOR
D05_F02_bootstrap_followup.ply,D05,2,1,full_L1,7,8,7,8,1,1.2200000000000006,0.0,1.2200000000000006,6.661338147750939e-16,DIRECT_CLUSTER_NEIGHBOR
D05_F02_bootstrap_followup.ply,D05,2,1,full_L1,8,9,8,9,1,1.2200000000000006,0.0,1.2200000000000006,6.661338147750939e-16,DIRECT_CLUSTER_NEIGHBOR
D06_F00_bootstrap_topdown_heavy.ply,D06,0,1,full_L1,0,1,0,1,1,1.2199999999999998,0.0,1.2199999999999998,-2.220446049250313e-16,DIRECT_CLUSTER_NEIGHBOR
D06_F00_bootstrap_topdown_heavy.ply,D06,0,1,full_L1,1,2,1,2,1,1.2200000000000002,0.0,1.2200000000000002,2.220446049250313e-16,DIRECT_CLUSTER_NEIGHBOR
D06_F00_bootstrap_topdown_heavy.ply,D06,0,1,full_L1,2,3,2,3,1,1.2200000000000002,0.0,1.2200000000000002,2.220446049250313e-16,DIRECT_CLUSTER_NEIGHBOR
D06_F00_bootstrap_topdown_heavy.ply,D06,0,1,full_L1,3,4,3,4,1,1.2199999999999998,0.0,1.2199999999999998,-2.220446049250313e-16,DIRECT_CLUSTER_NEIGHBOR
D06_F00_bootstrap_topdown_heavy.ply,D06,0,1,full_L1,4,5,4,5,1,1.2199999999999998,0.0,1.2199999999999998,-2.220446049250313e-16,DIRECT_CLUSTER_NEIGHBOR
D06_F00_bootstrap_topdown_heavy.ply,D06,0,1,full_L1,5,6,5,6,1,1.2200000000000006,0.0,1.2200000000000006,6.661338147750939e-16,DIRECT_CLUSTER_NEIGHBOR
D06_F00_bootstrap_topdown_heavy.ply,D06,0,1,full_L1,6,7,6,7,1,1.2199999999999989,0.0,1.2199999999999989,-1.1102230246251565e-15,DIRECT_CLUSTER_NEIGHBOR
D06_F00_bootstrap_topdown_heavy.ply,D06,0,1,full_L1,7,8,7,8,1,1.2200000000000006,0.0,1.2200000000000006,6.661338147750939e-16,DIRECT_CLUSTER_NEIGHBOR
D06_F00_bootstrap_topdown_heavy.ply,D06,0,1,full_L1,8,9,8,9,1,1.2200000000000006,0.0,1.2200000000000006,6.661338147750939e-16,DIRECT_CLUSTER_NEIGHBOR
D06_F00_bootstrap_topdown_heavy.ply,D06,0,2,layer2,10,11,0,1,1,1.2200000000000002,0.0,1.2200000000000002,0.10000000000000009,DIRECT_CLUSTER_NEIGHBOR
D06_F00_bootstrap_topdown_heavy.ply,D06,0,2,layer2,11,12,1,2,1,1.2199999999999998,0.0,1.2199999999999998,0.09999999999999964,DIRECT_CLUSTER_NEIGHBOR
D06_F00_bootstrap_topdown_heavy.ply,D06,0,2,layer2,12,13,2,3,1,1.2199999999999998,0.0,1.2199999999999998,0.09999999999999964,DIRECT_CLUSTER_NEIGHBOR
D06_F00_bootstrap_topdown_heavy.ply,D06,0,2,layer2,13,14,3,4,1,1.2200000000000006,0.0,1.2200000000000006,0.10000000000000053,DIRECT_CLUSTER_NEIGHBOR
D06_F00_bootstrap_topdown_heavy.ply,D06,0,2,layer2,14,15,4,5,1,1.2199999999999998,0.0,1.2199999999999998,0.09999999999999964,DIRECT_CLUSTER_NEIGHBOR
D06_F00_bootstrap_topdown_heavy.ply,D06,0,2,layer2,15,16,5,6,1,1.2199999999999998,0.0,1.2199999999999998,0.09999999999999964,DIRECT_CLUSTER_NEIGHBOR
D06_F01_topdown_add_eighth.ply,D06,1,1,full_L1,0,1,0,1,1,1.2199999999999998,0.0,1.2199999999999998,-2.220446049250313e-16,DIRECT_CLUSTER_NEIGHBOR
D06_F01_topdown_add_eighth.ply,D06,1,1,full_L1,1,2,1,2,1,1.2200000000000002,0.0,1.2200000000000002,2.220446049250313e-16,DIRECT_CLUSTER_NEIGHBOR
D06_F01_topdown_add_eighth.ply,D06,1,1,full_L1,2,3,2,3,1,1.2200000000000002,0.0,1.2200000000000002,2.220446049250313e-16,DIRECT_CLUSTER_NEIGHBOR
D06_F01_topdown_add_eighth.ply,D06,1,1,full_L1,3,4,3,4,1,1.2199999999999998,0.0,1.2199999999999998,-2.220446049250313e-16,DIRECT_CLUSTER_NEIGHBOR
D06_F01_topdown_add_eighth.ply,D06,1,1,full_L1,4,5,4,5,1,1.2199999999999998,0.0,1.2199999999999998,-2.220446049250313e-16,DIRECT_CLUSTER_NEIGHBOR
D06_F01_topdown_add_eighth.ply,D06,1,1,full_L1,5,6,5,6,1,1.2200000000000006,0.0,1.2200000000000006,6.661338147750939e-16,DIRECT_CLUSTER_NEIGHBOR
D06_F01_topdown_add_eighth.ply,D06,1,1,full_L1,6,7,6,7,1,1.2199999999999989,0.0,1.2199999999999989,-1.1102230246251565e-15,DIRECT_CLUSTER_NEIGHBOR
D06_F01_topdown_add_eighth.ply,D06,1,1,full_L1,7,8,7,8,1,1.2200000000000006,0.0,1.2200000000000006,6.661338147750939e-16,DIRECT_CLUSTER_NEIGHBOR
D06_F01_topdown_add_eighth.ply,D06,1,1,full_L1,8,9,8,9,1,1.2200000000000006,0.0,1.2200000000000006,6.661338147750939e-16,DIRECT_CLUSTER_NEIGHBOR
D06_F01_topdown_add_eighth.ply,D06,1,2,layer2,10,11,0,1,1,1.2400000000000002,0.0,1.2400000000000002,0.1200000000000001,DIRECT_CLUSTER_NEIGHBOR
D06_F01_topdown_add_eighth.ply,D06,1,2,layer2,11,12,1,2,1,1.1999999999999997,0.0,1.1999999999999997,0.07999999999999963,DIRECT_CLUSTER_NEIGHBOR
D06_F01_topdown_add_eighth.ply,D06,1,2,layer2,12,13,2,3,1,1.2199999999999998,0.0,1.2199999999999998,0.09999999999999964,DIRECT_CLUSTER_NEIGHBOR
D06_F01_topdown_add_eighth.ply,D06,1,2,layer2,13,14,3,4,1,1.2200000000000006,0.0,1.2200000000000006,0.10000000000000053,DIRECT_CLUSTER_NEIGHBOR
D06_F01_topdown_add_eighth.ply,D06,1,2,layer2,14,15,4,5,1,1.1899999999999995,0.0,1.1899999999999995,0.0699999999999994,DIRECT_CLUSTER_NEIGHBOR
D06_F01_topdown_add_eighth.ply,D06,1,2,layer2,15,16,5,6,1,1.25,0.0,1.25,0.1299999999999999,DIRECT_CLUSTER_NEIGHBOR
D06_F01_topdown_add_eighth.ply,D06,1,2,layer2,16,17,6,7,1,1.2199999999999989,0.0,1.2199999999999989,0.09999999999999876,DIRECT_CLUSTER_NEIGHBOR
D06_F02_topdown_all_eight_settle.ply,D06,2,1,full_L1,0,1,0,1,1,1.2199999999999998,0.0,1.2199999999999998,-2.220446049250313e-16,DIRECT_CLUSTER_NEIGHBOR
D06_F02_topdown_all_eight_settle.ply,D06,2,1,full_L1,1,2,1,2,1,1.2200000000000002,0.0,1.2200000000000002,2.220446049250313e-16,DIRECT_CLUSTER_NEIGHBOR
D06_F02_topdown_all_eight_settle.ply,D06,2,1,full_L1,2,3,2,3,1,1.2200000000000002,0.0,1.2200000000000002,2.220446049250313e-16,DIRECT_CLUSTER_NEIGHBOR
D06_F02_topdown_all_eight_settle.ply,D06,2,1,full_L1,3,4,3,4,1,1.2199999999999998,0.0,1.2199999999999998,-2.220446049250313e-16,DIRECT_CLUSTER_NEIGHBOR
D06_F02_topdown_all_eight_settle.ply,D06,2,1,full_L1,4,5,4,5,1,1.2199999999999998,0.0,1.2199999999999998,-2.220446049250313e-16,DIRECT_CLUSTER_NEIGHBOR
D06_F02_topdown_all_eight_settle.ply,D06,2,1,full_L1,5,6,5,6,1,1.2200000000000006,0.0,1.2200000000000006,6.661338147750939e-16,DIRECT_CLUSTER_NEIGHBOR
D06_F02_topdown_all_eight_settle.ply,D06,2,1,full_L1,6,7,6,7,1,1.2199999999999989,0.0,1.2199999999999989,-1.1102230246251565e-15,DIRECT_CLUSTER_NEIGHBOR
D06_F02_topdown_all_eight_settle.ply,D06,2,1,full_L1,7,8,7,8,1,1.2200000000000006,0.0,1.2200000000000006,6.661338147750939e-16,DIRECT_CLUSTER_NEIGHBOR
D06_F02_topdown_all_eight_settle.ply,D06,2,1,full_L1,8,9,8,9,1,1.2200000000000006,0.0,1.2200000000000006,6.661338147750939e-16,DIRECT_CLUSTER_NEIGHBOR
D06_F02_topdown_all_eight_settle.ply,D06,2,2,layer2,10,11,0,1,1,1.2000000000000002,0.0,1.2000000000000002,0.08000000000000007,DIRECT_CLUSTER_NEIGHBOR
D06_F02_topdown_all_eight_settle.ply,D06,2,2,layer2,11,12,1,2,1,1.2000000000000002,0.0,1.2000000000000002,0.08000000000000007,DIRECT_CLUSTER_NEIGHBOR
D06_F02_topdown_all_eight_settle.ply,D06,2,2,layer2,12,13,2,3,1,1.2399999999999993,0.0,1.2399999999999993,0.11999999999999922,DIRECT_CLUSTER_NEIGHBOR
D06_F02_topdown_all_eight_settle.ply,D06,2,2,layer2,13,14,3,4,1,1.2500000000000009,0.0,1.2500000000000009,0.13000000000000078,DIRECT_CLUSTER_NEIGHBOR
D06_F02_topdown_all_eight_settle.ply,D06,2,2,layer2,14,15,4,5,1,1.1899999999999995,0.0,1.1899999999999995,0.0699999999999994,DIRECT_CLUSTER_NEIGHBOR
D06_F02_topdown_all_eight_settle.ply,D06,2,2,layer2,15,16,5,6,1,1.2199999999999998,0.0,1.2199999999999998,0.09999999999999964,DIRECT_CLUSTER_NEIGHBOR
D06_F02_topdown_all_eight_settle.ply,D06,2,2,layer2,16,17,6,7,1,1.1899999999999995,0.0,1.1899999999999995,0.0699999999999994,DIRECT_CLUSTER_NEIGHBOR
D07_F00_support_identity_start.ply,D07,0,1,full_L1,0,1,0,1,1,1.2199999999999998,0.0,1.2199999999999998,-2.220446049250313e-16,DIRECT_CLUSTER_NEIGHBOR
D07_F00_support_identity_start.ply,D07,0,1,full_L1,1,2,1,2,1,1.2200000000000002,0.0,1.2200000000000002,2.220446049250313e-16,DIRECT_CLUSTER_NEIGHBOR
D07_F00_support_identity_start.ply,D07,0,1,full_L1,2,3,2,3,1,1.2200000000000002,0.0,1.2200000000000002,2.220446049250313e-16,DIRECT_CLUSTER_NEIGHBOR
D07_F00_support_identity_start.ply,D07,0,1,full_L1,3,4,3,4,1,1.2199999999999998,0.0,1.2199999999999998,-2.220446049250313e-16,DIRECT_CLUSTER_NEIGHBOR
D07_F00_support_identity_start.ply,D07,0,1,full_L1,4,5,4,5,1,1.2199999999999998,0.0,1.2199999999999998,-2.220446049250313e-16,DIRECT_CLUSTER_NEIGHBOR
D07_F00_support_identity_start.ply,D07,0,1,full_L1,5,6,5,6,1,1.2200000000000006,0.0,1.2200000000000006,6.661338147750939e-16,DIRECT_CLUSTER_NEIGHBOR
D07_F00_support_identity_start.ply,D07,0,1,full_L1,6,7,6,7,1,1.2199999999999989,0.0,1.2199999999999989,-1.1102230246251565e-15,DIRECT_CLUSTER_NEIGHBOR
D07_F00_support_identity_start.ply,D07,0,1,full_L1,7,8,7,8,1,1.2200000000000006,0.0,1.2200000000000006,6.661338147750939e-16,DIRECT_CLUSTER_NEIGHBOR
D07_F00_support_identity_start.ply,D07,0,1,full_L1,8,9,8,9,1,1.2200000000000006,0.0,1.2200000000000006,6.661338147750939e-16,DIRECT_CLUSTER_NEIGHBOR
D07_F01_support_offsets.ply,D07,1,1,full_L1,0,1,0,1,1,1.2199999999999998,0.0,1.2199999999999998,-2.220446049250313e-16,DIRECT_CLUSTER_NEIGHBOR
D07_F01_support_offsets.ply,D07,1,1,full_L1,1,2,1,2,1,1.2200000000000002,0.0,1.2200000000000002,2.220446049250313e-16,DIRECT_CLUSTER_NEIGHBOR
D07_F01_support_offsets.ply,D07,1,1,full_L1,2,3,2,3,1,1.2200000000000002,0.0,1.2200000000000002,2.220446049250313e-16,DIRECT_CLUSTER_NEIGHBOR
D07_F01_support_offsets.ply,D07,1,1,full_L1,3,4,3,4,1,1.2199999999999998,0.0,1.2199999999999998,-2.220446049250313e-16,DIRECT_CLUSTER_NEIGHBOR
D07_F01_support_offsets.ply,D07,1,1,full_L1,4,5,4,5,1,1.2199999999999998,0.0,1.2199999999999998,-2.220446049250313e-16,DIRECT_CLUSTER_NEIGHBOR
D07_F01_support_offsets.ply,D07,1,1,full_L1,5,6,5,6,1,1.2200000000000006,0.0,1.2200000000000006,6.661338147750939e-16,DIRECT_CLUSTER_NEIGHBOR
D07_F01_support_offsets.ply,D07,1,1,full_L1,6,7,6,7,1,1.2199999999999989,0.0,1.2199999999999989,-1.1102230246251565e-15,DIRECT_CLUSTER_NEIGHBOR
D07_F01_support_offsets.ply,D07,1,1,full_L1,7,8,7,8,1,1.2200000000000006,0.0,1.2200000000000006,6.661338147750939e-16,DIRECT_CLUSTER_NEIGHBOR
D07_F01_support_offsets.ply,D07,1,1,full_L1,8,9,8,9,1,1.2200000000000006,0.0,1.2200000000000006,6.661338147750939e-16,DIRECT_CLUSTER_NEIGHBOR
D07_F02_support_offsets_rebound.ply,D07,2,1,full_L1,0,1,0,1,1,1.2199999999999998,0.0,1.2199999999999998,-2.220446049250313e-16,DIRECT_CLUSTER_NEIGHBOR
D07_F02_support_offsets_rebound.ply,D07,2,1,full_L1,1,2,1,2,1,1.2200000000000002,0.0,1.2200000000000002,2.220446049250313e-16,DIRECT_CLUSTER_NEIGHBOR
D07_F02_support_offsets_rebound.ply,D07,2,1,full_L1,2,3,2,3,1,1.2200000000000002,0.0,1.2200000000000002,2.220446049250313e-16,DIRECT_CLUSTER_NEIGHBOR
D07_F02_support_offsets_rebound.ply,D07,2,1,full_L1,3,4,3,4,1,1.2199999999999998,0.0,1.2199999999999998,-2.220446049250313e-16,DIRECT_CLUSTER_NEIGHBOR
D07_F02_support_offsets_rebound.ply,D07,2,1,full_L1,4,5,4,5,1,1.2199999999999998,0.0,1.2199999999999998,-2.220446049250313e-16,DIRECT_CLUSTER_NEIGHBOR
D07_F02_support_offsets_rebound.ply,D07,2,1,full_L1,5,6,5,6,1,1.2200000000000006,0.0,1.2200000000000006,6.661338147750939e-16,DIRECT_CLUSTER_NEIGHBOR
D07_F02_support_offsets_rebound.ply,D07,2,1,full_L1,6,7,6,7,1,1.2199999999999989,0.0,1.2199999999999989,-1.1102230246251565e-15,DIRECT_CLUSTER_NEIGHBOR
D07_F02_support_offsets_rebound.ply,D07,2,1,full_L1,7,8,7,8,1,1.2200000000000006,0.0,1.2200000000000006,6.661338147750939e-16,DIRECT_CLUSTER_NEIGHBOR
D07_F02_support_offsets_rebound.ply,D07,2,1,full_L1,8,9,8,9,1,1.2200000000000006,0.0,1.2200000000000006,6.661338147750939e-16,DIRECT_CLUSTER_NEIGHBOR
D08_F00_locked_foundation_start.ply,D08,0,1,full_L1,0,1,0,1,1,1.2199999999999998,0.0,1.2199999999999998,-2.220446049250313e-16,DIRECT_CLUSTER_NEIGHBOR
D08_F00_locked_foundation_start.ply,D08,0,1,full_L1,1,2,1,2,1,1.2200000000000002,0.0,1.2200000000000002,2.220446049250313e-16,DIRECT_CLUSTER_NEIGHBOR
D08_F00_locked_foundation_start.ply,D08,0,1,full_L1,2,3,2,3,1,1.2200000000000002,0.0,1.2200000000000002,2.220446049250313e-16,DIRECT_CLUSTER_NEIGHBOR
D08_F00_locked_foundation_start.ply,D08,0,1,full_L1,3,4,3,4,1,1.2199999999999998,0.0,1.2199999999999998,-2.220446049250313e-16,DIRECT_CLUSTER_NEIGHBOR
D08_F00_locked_foundation_start.ply,D08,0,1,full_L1,4,5,4,5,1,1.2199999999999998,0.0,1.2199999999999998,-2.220446049250313e-16,DIRECT_CLUSTER_NEIGHBOR
D08_F00_locked_foundation_start.ply,D08,0,1,full_L1,5,6,5,6,1,1.2200000000000006,0.0,1.2200000000000006,6.661338147750939e-16,DIRECT_CLUSTER_NEIGHBOR
D08_F00_locked_foundation_start.ply,D08,0,1,full_L1,6,7,6,7,1,1.2199999999999989,0.0,1.2199999999999989,-1.1102230246251565e-15,DIRECT_CLUSTER_NEIGHBOR
D08_F00_locked_foundation_start.ply,D08,0,1,full_L1,7,8,7,8,1,1.2200000000000006,0.0,1.2200000000000006,6.661338147750939e-16,DIRECT_CLUSTER_NEIGHBOR
D08_F00_locked_foundation_start.ply,D08,0,1,full_L1,8,9,8,9,1,1.2200000000000006,0.0,1.2200000000000006,6.661338147750939e-16,DIRECT_CLUSTER_NEIGHBOR
D08_F01_foundation_hard_shift.ply,D08,1,1,full_L1,0,1,0,1,1,1.2199999999999998,0.0,1.2199999999999998,-2.220446049250313e-16,DIRECT_CLUSTER_NEIGHBOR
D08_F01_foundation_hard_shift.ply,D08,1,1,full_L1,1,2,1,2,1,1.2200000000000002,0.0,1.2200000000000002,2.220446049250313e-16,DIRECT_CLUSTER_NEIGHBOR
D08_F01_foundation_hard_shift.ply,D08,1,1,full_L1,2,3,2,3,1,1.2200000000000002,0.0,1.2200000000000002,2.220446049250313e-16,DIRECT_CLUSTER_NEIGHBOR
D08_F01_foundation_hard_shift.ply,D08,1,1,full_L1,3,4,3,4,1,1.42,0.0,1.42,0.19999999999999996,DIRECT_CLUSTER_NEIGHBOR
D08_F01_foundation_hard_shift.ply,D08,1,1,full_L1,4,5,4,5,1,1.0199999999999996,0.0,1.0199999999999996,-0.2000000000000004,DIRECT_CLUSTER_NEIGHBOR
D08_F01_foundation_hard_shift.ply,D08,1,1,full_L1,5,6,5,6,1,1.2200000000000006,0.0,1.2200000000000006,6.661338147750939e-16,DIRECT_CLUSTER_NEIGHBOR
D08_F01_foundation_hard_shift.ply,D08,1,1,full_L1,6,7,6,7,1,1.2199999999999989,0.0,1.2199999999999989,-1.1102230246251565e-15,DIRECT_CLUSTER_NEIGHBOR
D08_F01_foundation_hard_shift.ply,D08,1,1,full_L1,7,8,7,8,1,1.2200000000000006,0.0,1.2200000000000006,6.661338147750939e-16,DIRECT_CLUSTER_NEIGHBOR
D08_F01_foundation_hard_shift.ply,D08,1,1,full_L1,8,9,8,9,1,1.2200000000000006,0.0,1.2200000000000006,6.661338147750939e-16,DIRECT_CLUSTER_NEIGHBOR
D08_F02_foundation_returns.ply,D08,2,1,full_L1,0,1,0,1,1,1.2199999999999998,0.0,1.2199999999999998,-2.220446049250313e-16,DIRECT_CLUSTER_NEIGHBOR
D08_F02_foundation_returns.ply,D08,2,1,full_L1,1,2,1,2,1,1.2200000000000002,0.0,1.2200000000000002,2.220446049250313e-16,DIRECT_CLUSTER_NEIGHBOR
D08_F02_foundation_returns.ply,D08,2,1,full_L1,2,3,2,3,1,1.2200000000000002,0.0,1.2200000000000002,2.220446049250313e-16,DIRECT_CLUSTER_NEIGHBOR
D08_F02_foundation_returns.ply,D08,2,1,full_L1,3,4,3,4,1,1.2199999999999998,0.0,1.2199999999999998,-2.220446049250313e-16,DIRECT_CLUSTER_NEIGHBOR
D08_F02_foundation_returns.ply,D08,2,1,full_L1,4,5,4,5,1,1.2199999999999998,0.0,1.2199999999999998,-2.220446049250313e-16,DIRECT_CLUSTER_NEIGHBOR
D08_F02_foundation_returns.ply,D08,2,1,full_L1,5,6,5,6,1,1.2200000000000006,0.0,1.2200000000000006,6.661338147750939e-16,DIRECT_CLUSTER_NEIGHBOR
D08_F02_foundation_returns.ply,D08,2,1,full_L1,6,7,6,7,1,1.2199999999999989,0.0,1.2199999999999989,-1.1102230246251565e-15,DIRECT_CLUSTER_NEIGHBOR
D08_F02_foundation_returns.ply,D08,2,1,full_L1,7,8,7,8,1,1.2200000000000006,0.0,1.2200000000000006,6.661338147750939e-16,DIRECT_CLUSTER_NEIGHBOR
D08_F02_foundation_returns.ply,D08,2,1,full_L1,8,9,8,9,1,1.2200000000000006,0.0,1.2200000000000006,6.661338147750939e-16,DIRECT_CLUSTER_NEIGHBOR
D09_F00_upper_support_start.ply,D09,0,1,full_L1,0,1,0,1,1,1.2199999999999998,0.0,1.2199999999999998,-2.220446049250313e-16,DIRECT_CLUSTER_NEIGHBOR
D09_F00_upper_support_start.ply,D09,0,1,full_L1,1,2,1,2,1,1.2200000000000002,0.0,1.2200000000000002,2.220446049250313e-16,DIRECT_CLUSTER_NEIGHBOR
D09_F00_upper_support_start.ply,D09,0,1,full_L1,2,3,2,3,1,1.2200000000000002,0.0,1.2200000000000002,2.220446049250313e-16,DIRECT_CLUSTER_NEIGHBOR
D09_F00_upper_support_start.ply,D09,0,1,full_L1,3,4,3,4,1,1.2199999999999998,0.0,1.2199999999999998,-2.220446049250313e-16,DIRECT_CLUSTER_NEIGHBOR
D09_F00_upper_support_start.ply,D09,0,1,full_L1,4,5,4,5,1,1.2199999999999998,0.0,1.2199999999999998,-2.220446049250313e-16,DIRECT_CLUSTER_NEIGHBOR
D09_F00_upper_support_start.ply,D09,0,1,full_L1,5,6,5,6,1,1.2200000000000006,0.0,1.2200000000000006,6.661338147750939e-16,DIRECT_CLUSTER_NEIGHBOR
D09_F00_upper_support_start.ply,D09,0,1,full_L1,6,7,6,7,1,1.2199999999999989,0.0,1.2199999999999989,-1.1102230246251565e-15,DIRECT_CLUSTER_NEIGHBOR
D09_F00_upper_support_start.ply,D09,0,1,full_L1,7,8,7,8,1,1.2200000000000006,0.0,1.2200000000000006,6.661338147750939e-16,DIRECT_CLUSTER_NEIGHBOR
D09_F00_upper_support_start.ply,D09,0,1,full_L1,8,9,8,9,1,1.2200000000000006,0.0,1.2200000000000006,6.661338147750939e-16,DIRECT_CLUSTER_NEIGHBOR
D09_F01_upper_off_support.ply,D09,1,1,full_L1,0,1,0,1,1,1.2199999999999998,0.0,1.2199999999999998,-2.220446049250313e-16,DIRECT_CLUSTER_NEIGHBOR
D09_F01_upper_off_support.ply,D09,1,1,full_L1,1,2,1,2,1,1.2200000000000002,0.0,1.2200000000000002,2.220446049250313e-16,DIRECT_CLUSTER_NEIGHBOR
D09_F01_upper_off_support.ply,D09,1,1,full_L1,2,3,2,3,1,1.2200000000000002,0.0,1.2200000000000002,2.220446049250313e-16,DIRECT_CLUSTER_NEIGHBOR
D09_F01_upper_off_support.ply,D09,1,1,full_L1,3,4,3,4,1,1.2199999999999998,0.0,1.2199999999999998,-2.220446049250313e-16,DIRECT_CLUSTER_NEIGHBOR
D09_F01_upper_off_support.ply,D09,1,1,full_L1,4,5,4,5,1,1.2199999999999998,0.0,1.2199999999999998,-2.220446049250313e-16,DIRECT_CLUSTER_NEIGHBOR
D09_F01_upper_off_support.ply,D09,1,1,full_L1,5,6,5,6,1,1.2200000000000006,0.0,1.2200000000000006,6.661338147750939e-16,DIRECT_CLUSTER_NEIGHBOR
D09_F01_upper_off_support.ply,D09,1,1,full_L1,6,7,6,7,1,1.2199999999999989,0.0,1.2199999999999989,-1.1102230246251565e-15,DIRECT_CLUSTER_NEIGHBOR
D09_F01_upper_off_support.ply,D09,1,1,full_L1,7,8,7,8,1,1.2200000000000006,0.0,1.2200000000000006,6.661338147750939e-16,DIRECT_CLUSTER_NEIGHBOR
D09_F01_upper_off_support.ply,D09,1,1,full_L1,8,9,8,9,1,1.2200000000000006,0.0,1.2200000000000006,6.661338147750939e-16,DIRECT_CLUSTER_NEIGHBOR
D09_F02_upper_back_on_support.ply,D09,2,1,full_L1,0,1,0,1,1,1.2199999999999998,0.0,1.2199999999999998,-2.220446049250313e-16,DIRECT_CLUSTER_NEIGHBOR
D09_F02_upper_back_on_support.ply,D09,2,1,full_L1,1,2,1,2,1,1.2200000000000002,0.0,1.2200000000000002,2.220446049250313e-16,DIRECT_CLUSTER_NEIGHBOR
D09_F02_upper_back_on_support.ply,D09,2,1,full_L1,2,3,2,3,1,1.2200000000000002,0.0,1.2200000000000002,2.220446049250313e-16,DIRECT_CLUSTER_NEIGHBOR
D09_F02_upper_back_on_support.ply,D09,2,1,full_L1,3,4,3,4,1,1.2199999999999998,0.0,1.2199999999999998,-2.220446049250313e-16,DIRECT_CLUSTER_NEIGHBOR
D09_F02_upper_back_on_support.ply,D09,2,1,full_L1,4,5,4,5,1,1.2199999999999998,0.0,1.2199999999999998,-2.220446049250313e-16,DIRECT_CLUSTER_NEIGHBOR
D09_F02_upper_back_on_support.ply,D09,2,1,full_L1,5,6,5,6,1,1.2200000000000006,0.0,1.2200000000000006,6.661338147750939e-16,DIRECT_CLUSTER_NEIGHBOR
D09_F02_upper_back_on_support.ply,D09,2,1,full_L1,6,7,6,7,1,1.2199999999999989,0.0,1.2199999999999989,-1.1102230246251565e-15,DIRECT_CLUSTER_NEIGHBOR
D09_F02_upper_back_on_support.ply,D09,2,1,full_L1,7,8,7,8,1,1.2200000000000006,0.0,1.2200000000000006,6.661338147750939e-16,DIRECT_CLUSTER_NEIGHBOR
D09_F02_upper_back_on_support.ply,D09,2,1,full_L1,8,9,8,9,1,1.2200000000000006,0.0,1.2200000000000006,6.661338147750939e-16,DIRECT_CLUSTER_NEIGHBOR
D10_F00_full_l1.ply,D10,0,1,full_L1,0,1,0,1,1,1.2199999999999998,0.0,1.2199999999999998,-2.220446049250313e-16,DIRECT_CLUSTER_NEIGHBOR
D10_F00_full_l1.ply,D10,0,1,full_L1,1,2,1,2,1,1.2200000000000002,0.0,1.2200000000000002,2.220446049250313e-16,DIRECT_CLUSTER_NEIGHBOR
D10_F00_full_l1.ply,D10,0,1,full_L1,2,3,2,3,1,1.2200000000000002,0.0,1.2200000000000002,2.220446049250313e-16,DIRECT_CLUSTER_NEIGHBOR
D10_F00_full_l1.ply,D10,0,1,full_L1,3,4,3,4,1,1.2199999999999998,0.0,1.2199999999999998,-2.220446049250313e-16,DIRECT_CLUSTER_NEIGHBOR
D10_F00_full_l1.ply,D10,0,1,full_L1,4,5,4,5,1,1.2199999999999998,0.0,1.2199999999999998,-2.220446049250313e-16,DIRECT_CLUSTER_NEIGHBOR
D10_F00_full_l1.ply,D10,0,1,full_L1,5,6,5,6,1,1.2200000000000006,0.0,1.2200000000000006,6.661338147750939e-16,DIRECT_CLUSTER_NEIGHBOR
D10_F00_full_l1.ply,D10,0,1,full_L1,6,7,6,7,1,1.2199999999999989,0.0,1.2199999999999989,-1.1102230246251565e-15,DIRECT_CLUSTER_NEIGHBOR
D10_F00_full_l1.ply,D10,0,1,full_L1,7,8,7,8,1,1.2200000000000006,0.0,1.2200000000000006,6.661338147750939e-16,DIRECT_CLUSTER_NEIGHBOR
D10_F00_full_l1.ply,D10,0,1,full_L1,8,9,8,9,1,1.2200000000000006,0.0,1.2200000000000006,6.661338147750939e-16,DIRECT_CLUSTER_NEIGHBOR
D10_F01_multi_new_0_7.ply,D10,1,1,full_L1,0,1,0,1,1,1.2199999999999998,0.0,1.2199999999999998,-2.220446049250313e-16,DIRECT_CLUSTER_NEIGHBOR
D10_F01_multi_new_0_7.ply,D10,1,1,full_L1,1,2,1,2,1,1.2200000000000002,0.0,1.2200000000000002,2.220446049250313e-16,DIRECT_CLUSTER_NEIGHBOR
D10_F01_multi_new_0_7.ply,D10,1,1,full_L1,2,3,2,3,1,1.2200000000000002,0.0,1.2200000000000002,2.220446049250313e-16,DIRECT_CLUSTER_NEIGHBOR
D10_F01_multi_new_0_7.ply,D10,1,1,full_L1,3,4,3,4,1,1.2199999999999998,0.0,1.2199999999999998,-2.220446049250313e-16,DIRECT_CLUSTER_NEIGHBOR
D10_F01_multi_new_0_7.ply,D10,1,1,full_L1,4,5,4,5,1,1.2199999999999998,0.0,1.2199999999999998,-2.220446049250313e-16,DIRECT_CLUSTER_NEIGHBOR
D10_F01_multi_new_0_7.ply,D10,1,1,full_L1,5,6,5,6,1,1.2200000000000006,0.0,1.2200000000000006,6.661338147750939e-16,DIRECT_CLUSTER_NEIGHBOR
D10_F01_multi_new_0_7.ply,D10,1,1,full_L1,6,7,6,7,1,1.2199999999999989,0.0,1.2199999999999989,-1.1102230246251565e-15,DIRECT_CLUSTER_NEIGHBOR
D10_F01_multi_new_0_7.ply,D10,1,1,full_L1,7,8,7,8,1,1.2200000000000006,0.0,1.2200000000000006,6.661338147750939e-16,DIRECT_CLUSTER_NEIGHBOR
D10_F01_multi_new_0_7.ply,D10,1,1,full_L1,8,9,8,9,1,1.2200000000000006,0.0,1.2200000000000006,6.661338147750939e-16,DIRECT_CLUSTER_NEIGHBOR
D10_F02_multi_new_1_6.ply,D10,2,1,full_L1,0,1,0,1,1,1.2199999999999998,0.0,1.2199999999999998,-2.220446049250313e-16,DIRECT_CLUSTER_NEIGHBOR
D10_F02_multi_new_1_6.ply,D10,2,1,full_L1,1,2,1,2,1,1.2200000000000002,0.0,1.2200000000000002,2.220446049250313e-16,DIRECT_CLUSTER_NEIGHBOR
D10_F02_multi_new_1_6.ply,D10,2,1,full_L1,2,3,2,3,1,1.2200000000000002,0.0,1.2200000000000002,2.220446049250313e-16,DIRECT_CLUSTER_NEIGHBOR
D10_F02_multi_new_1_6.ply,D10,2,1,full_L1,3,4,3,4,1,1.2199999999999998,0.0,1.2199999999999998,-2.220446049250313e-16,DIRECT_CLUSTER_NEIGHBOR
D10_F02_multi_new_1_6.ply,D10,2,1,full_L1,4,5,4,5,1,1.2199999999999998,0.0,1.2199999999999998,-2.220446049250313e-16,DIRECT_CLUSTER_NEIGHBOR
D10_F02_multi_new_1_6.ply,D10,2,1,full_L1,5,6,5,6,1,1.2200000000000006,0.0,1.2200000000000006,6.661338147750939e-16,DIRECT_CLUSTER_NEIGHBOR
D10_F02_multi_new_1_6.ply,D10,2,1,full_L1,6,7,6,7,1,1.2199999999999989,0.0,1.2199999999999989,-1.1102230246251565e-15,DIRECT_CLUSTER_NEIGHBOR
D10_F02_multi_new_1_6.ply,D10,2,1,full_L1,7,8,7,8,1,1.2200000000000006,0.0,1.2200000000000006,6.661338147750939e-16,DIRECT_CLUSTER_NEIGHBOR
D10_F02_multi_new_1_6.ply,D10,2,1,full_L1,8,9,8,9,1,1.2200000000000006,0.0,1.2200000000000006,6.661338147750939e-16,DIRECT_CLUSTER_NEIGHBOR
D10_F02_multi_new_1_6.ply,D10,2,2,layer2,10,11,0,1,1,1.2200000000000002,0.0,1.2200000000000002,0.10000000000000009,DIRECT_CLUSTER_NEIGHBOR
D10_F02_multi_new_1_6.ply,D10,2,2,layer2,16,17,6,7,1,1.2199999999999989,0.0,1.2199999999999989,0.09999999999999876,DIRECT_CLUSTER_NEIGHBOR
D10_F03_multi_new_2_5.ply,D10,3,1,full_L1,0,1,0,1,1,1.2199999999999998,0.0,1.2199999999999998,-2.220446049250313e-16,DIRECT_CLUSTER_NEIGHBOR
D10_F03_multi_new_2_5.ply,D10,3,1,full_L1,1,2,1,2,1,1.2200000000000002,0.0,1.2200000000000002,2.220446049250313e-16,DIRECT_CLUSTER_NEIGHBOR
D10_F03_multi_new_2_5.ply,D10,3,1,full_L1,2,3,2,3,1,1.2200000000000002,0.0,1.2200000000000002,2.220446049250313e-16,DIRECT_CLUSTER_NEIGHBOR
D10_F03_multi_new_2_5.ply,D10,3,1,full_L1,3,4,3,4,1,1.2199999999999998,0.0,1.2199999999999998,-2.220446049250313e-16,DIRECT_CLUSTER_NEIGHBOR
D10_F03_multi_new_2_5.ply,D10,3,1,full_L1,4,5,4,5,1,1.2199999999999998,0.0,1.2199999999999998,-2.220446049250313e-16,DIRECT_CLUSTER_NEIGHBOR
D10_F03_multi_new_2_5.ply,D10,3,1,full_L1,5,6,5,6,1,1.2200000000000006,0.0,1.2200000000000006,6.661338147750939e-16,DIRECT_CLUSTER_NEIGHBOR
D10_F03_multi_new_2_5.ply,D10,3,1,full_L1,6,7,6,7,1,1.2199999999999989,0.0,1.2199999999999989,-1.1102230246251565e-15,DIRECT_CLUSTER_NEIGHBOR
D10_F03_multi_new_2_5.ply,D10,3,1,full_L1,7,8,7,8,1,1.2200000000000006,0.0,1.2200000000000006,6.661338147750939e-16,DIRECT_CLUSTER_NEIGHBOR
D10_F03_multi_new_2_5.ply,D10,3,1,full_L1,8,9,8,9,1,1.2200000000000006,0.0,1.2200000000000006,6.661338147750939e-16,DIRECT_CLUSTER_NEIGHBOR
D10_F03_multi_new_2_5.ply,D10,3,2,layer2,10,11,0,1,1,1.2200000000000002,0.0,1.2200000000000002,0.10000000000000009,DIRECT_CLUSTER_NEIGHBOR
D10_F03_multi_new_2_5.ply,D10,3,2,layer2,11,12,1,2,1,1.2199999999999998,0.0,1.2199999999999998,0.09999999999999964,DIRECT_CLUSTER_NEIGHBOR
D10_F03_multi_new_2_5.ply,D10,3,2,layer2,15,16,5,6,1,1.2199999999999998,0.0,1.2199999999999998,0.09999999999999964,DIRECT_CLUSTER_NEIGHBOR
D10_F03_multi_new_2_5.ply,D10,3,2,layer2,16,17,6,7,1,1.2199999999999989,0.0,1.2199999999999989,0.09999999999999876,DIRECT_CLUSTER_NEIGHBOR
D10_F04_multi_new_3_4_reach8.ply,D10,4,1,full_L1,0,1,0,1,1,1.2199999999999998,0.0,1.2199999999999998,-2.220446049250313e-16,DIRECT_CLUSTER_NEIGHBOR
D10_F04_multi_new_3_4_reach8.ply,D10,4,1,full_L1,1,2,1,2,1,1.2200000000000002,0.0,1.2200000000000002,2.220446049250313e-16,DIRECT_CLUSTER_NEIGHBOR
D10_F04_multi_new_3_4_reach8.ply,D10,4,1,full_L1,2,3,2,3,1,1.2200000000000002,0.0,1.2200000000000002,2.220446049250313e-16,DIRECT_CLUSTER_NEIGHBOR
D10_F04_multi_new_3_4_reach8.ply,D10,4,1,full_L1,3,4,3,4,1,1.2199999999999998,0.0,1.2199999999999998,-2.220446049250313e-16,DIRECT_CLUSTER_NEIGHBOR
D10_F04_multi_new_3_4_reach8.ply,D10,4,1,full_L1,4,5,4,5,1,1.2199999999999998,0.0,1.2199999999999998,-2.220446049250313e-16,DIRECT_CLUSTER_NEIGHBOR
D10_F04_multi_new_3_4_reach8.ply,D10,4,1,full_L1,5,6,5,6,1,1.2200000000000006,0.0,1.2200000000000006,6.661338147750939e-16,DIRECT_CLUSTER_NEIGHBOR
D10_F04_multi_new_3_4_reach8.ply,D10,4,1,full_L1,6,7,6,7,1,1.2199999999999989,0.0,1.2199999999999989,-1.1102230246251565e-15,DIRECT_CLUSTER_NEIGHBOR
D10_F04_multi_new_3_4_reach8.ply,D10,4,1,full_L1,7,8,7,8,1,1.2200000000000006,0.0,1.2200000000000006,6.661338147750939e-16,DIRECT_CLUSTER_NEIGHBOR
D10_F04_multi_new_3_4_reach8.ply,D10,4,1,full_L1,8,9,8,9,1,1.2200000000000006,0.0,1.2200000000000006,6.661338147750939e-16,DIRECT_CLUSTER_NEIGHBOR
D10_F04_multi_new_3_4_reach8.ply,D10,4,2,layer2,10,11,0,1,1,1.2200000000000002,0.0,1.2200000000000002,0.10000000000000009,DIRECT_CLUSTER_NEIGHBOR
D10_F04_multi_new_3_4_reach8.ply,D10,4,2,layer2,11,12,1,2,1,1.2199999999999998,0.0,1.2199999999999998,0.09999999999999964,DIRECT_CLUSTER_NEIGHBOR
D10_F04_multi_new_3_4_reach8.ply,D10,4,2,layer2,12,13,2,3,1,1.2199999999999998,0.0,1.2199999999999998,0.09999999999999964,DIRECT_CLUSTER_NEIGHBOR
D10_F04_multi_new_3_4_reach8.ply,D10,4,2,layer2,13,14,3,4,1,1.2200000000000006,0.0,1.2200000000000006,0.10000000000000053,DIRECT_CLUSTER_NEIGHBOR
D10_F04_multi_new_3_4_reach8.ply,D10,4,2,layer2,14,15,4,5,1,1.2199999999999998,0.0,1.2199999999999998,0.09999999999999964,DIRECT_CLUSTER_NEIGHBOR
D10_F04_multi_new_3_4_reach8.ply,D10,4,2,layer2,15,16,5,6,1,1.2199999999999998,0.0,1.2199999999999998,0.09999999999999964,DIRECT_CLUSTER_NEIGHBOR
D10_F04_multi_new_3_4_reach8.ply,D10,4,2,layer2,16,17,6,7,1,1.2199999999999989,0.0,1.2199999999999989,0.09999999999999876,DIRECT_CLUSTER_NEIGHBOR
D10_F05_illegal_ninth_support8.ply,D10,5,1,full_L1,0,1,0,1,1,1.2199999999999998,0.0,1.2199999999999998,-2.220446049250313e-16,DIRECT_CLUSTER_NEIGHBOR
D10_F05_illegal_ninth_support8.ply,D10,5,1,full_L1,1,2,1,2,1,1.2200000000000002,0.0,1.2200000000000002,2.220446049250313e-16,DIRECT_CLUSTER_NEIGHBOR
D10_F05_illegal_ninth_support8.ply,D10,5,1,full_L1,2,3,2,3,1,1.2200000000000002,0.0,1.2200000000000002,2.220446049250313e-16,DIRECT_CLUSTER_NEIGHBOR
D10_F05_illegal_ninth_support8.ply,D10,5,1,full_L1,3,4,3,4,1,1.2199999999999998,0.0,1.2199999999999998,-2.220446049250313e-16,DIRECT_CLUSTER_NEIGHBOR
D10_F05_illegal_ninth_support8.ply,D10,5,1,full_L1,4,5,4,5,1,1.2199999999999998,0.0,1.2199999999999998,-2.220446049250313e-16,DIRECT_CLUSTER_NEIGHBOR
D10_F05_illegal_ninth_support8.ply,D10,5,1,full_L1,5,6,5,6,1,1.2200000000000006,0.0,1.2200000000000006,6.661338147750939e-16,DIRECT_CLUSTER_NEIGHBOR
D10_F05_illegal_ninth_support8.ply,D10,5,1,full_L1,6,7,6,7,1,1.2199999999999989,0.0,1.2199999999999989,-1.1102230246251565e-15,DIRECT_CLUSTER_NEIGHBOR
D10_F05_illegal_ninth_support8.ply,D10,5,1,full_L1,7,8,7,8,1,1.2200000000000006,0.0,1.2200000000000006,6.661338147750939e-16,DIRECT_CLUSTER_NEIGHBOR
D10_F05_illegal_ninth_support8.ply,D10,5,1,full_L1,8,9,8,9,1,1.2200000000000006,0.0,1.2200000000000006,6.661338147750939e-16,DIRECT_CLUSTER_NEIGHBOR
D10_F05_illegal_ninth_support8.ply,D10,5,2,layer2,10,11,0,1,1,1.2200000000000002,0.0,1.2200000000000002,0.10000000000000009,DIRECT_CLUSTER_NEIGHBOR
D10_F05_illegal_ninth_support8.ply,D10,5,2,layer2,11,12,1,2,1,1.2199999999999998,0.0,1.2199999999999998,0.09999999999999964,DIRECT_CLUSTER_NEIGHBOR
D10_F05_illegal_ninth_support8.ply,D10,5,2,layer2,12,13,2,3,1,1.2199999999999998,0.0,1.2199999999999998,0.09999999999999964,DIRECT_CLUSTER_NEIGHBOR
D10_F05_illegal_ninth_support8.ply,D10,5,2,layer2,13,14,3,4,1,1.2200000000000006,0.0,1.2200000000000006,0.10000000000000053,DIRECT_CLUSTER_NEIGHBOR
D10_F05_illegal_ninth_support8.ply,D10,5,2,layer2,14,15,4,5,1,1.2199999999999998,0.0,1.2199999999999998,0.09999999999999964,DIRECT_CLUSTER_NEIGHBOR
D10_F05_illegal_ninth_support8.ply,D10,5,2,layer2,15,16,5,6,1,1.2199999999999998,0.0,1.2199999999999998,0.09999999999999964,DIRECT_CLUSTER_NEIGHBOR
D10_F05_illegal_ninth_support8.ply,D10,5,2,layer2,16,17,6,7,1,1.2199999999999989,0.0,1.2199999999999989,0.09999999999999876,DIRECT_CLUSTER_NEIGHBOR
D10_F05_illegal_ninth_support8.ply,D10,5,2,layer2,17,18,7,8,1,1.2200000000000024,0.0,1.2200000000000024,0.10000000000000231,DIRECT_CLUSTER_NEIGHBOR
