pair_id,sequence_id,pair_type,previous_file,current_file,global_id,previous_instance_id,current_instance_id,relation_gt,visibility_event_gt,previous_visibility,current_visibility,is_new_gt,dx_gt_m,dy_gt_m,dz_gt_m,displacement_gt_m,layer_gt,slot_gt
pair_000,C01,temporal_adjacent,C01_F00_left_complex_start.ply,C01_F01_far_gap_new_yaw.ply,0,884,251,SAME_OBJECT,VISIBILITY_STABLE,VISIBLE,VISIBLE,0,0.030000000000000027,0.02,0.0,0.03605551275463992,1,0
pair_000,C01,temporal_adjacent,C01_F00_left_complex_start.ply,C01_F01_far_gap_new_yaw.ply,1,854,888,SAME_OBJECT,VISIBILITY_STABLE,VISIBLE,VISIBLE,0,0.06999999999999984,-0.03,0.010000000000000009,0.07681145747868594,1,1
pair_000,C01,temporal_adjacent,C01_F00_left_complex_start.ply,C01_F01_far_gap_new_yaw.ply,2,529,795,SAME_OBJECT,VISIBILITY_STABLE,VISIBLE,VISIBLE,0,0.1599999999999997,0.04,0.015000000000000013,0.16560495161679165,1,2
pair_000,C01,temporal_adjacent,C01_F00_left_complex_start.ply,C01_F01_far_gap_new_yaw.ply,3,,636,NEW,ABSENT_TO_VISIBLE,ABSENT,VISIBLE,1,,,,,1,3
pair_001,C01,temporal_adjacent,C01_F01_far_gap_new_yaw.ply,C01_F02_new_plus_partial_all_move.ply,0,251,282,SAME_OBJECT,VISIBILITY_STABLE,VISIBLE,VISIBLE,0,0.020000000000000018,-0.01,0.0050000000000000044,0.022912878474779217,1,0
pair_001,C01,temporal_adjacent,C01_F01_far_gap_new_yaw.ply,C01_F02_new_plus_partial_all_move.ply,1,888,702,SAME_OBJECT,VISIBILITY_STABLE,VISIBLE,VISIBLE,0,0.050000000000000044,0.02,-0.0050000000000000044,0.05408326913195988,1,1
pair_001,C01,temporal_adjacent,C01_F01_far_gap_new_yaw.ply,C01_F02_new_plus_partial_all_move.ply,2,795,157,SAME_OBJECT,VISIBLE_TO_PARTIAL_VISIBLE,VISIBLE,PARTIAL_VISIBLE,0,0.10000000000000009,-0.019999999999999997,0.010000000000000009,0.10246950765959606,1,2
pair_001,C01,temporal_adjacent,C01_F01_far_gap_new_yaw.ply,C01_F02_new_plus_partial_all_move.ply,3,636,170,SAME_OBJECT,VISIBILITY_STABLE,VISIBLE,VISIBLE,0,0.1899999999999995,-0.03,0.0,0.19235384061671296,1,3
pair_001,C01,temporal_adjacent,C01_F01_far_gap_new_yaw.ply,C01_F02_new_plus_partial_all_move.ply,4,,772,NEW,ABSENT_TO_VISIBLE,ABSENT,VISIBLE,1,,,,,1,4
pair_002,C01,temporal_adjacent,C01_F02_new_plus_partial_all_move.ply,C01_F03_third_new_large_gap.ply,0,282,142,SAME_OBJECT,VISIBILITY_STABLE,VISIBLE,VISIBLE,0,0.010000000000000009,0.01,0.0,0.014142135623730958,1,0
pair_002,C01,temporal_adjacent,C01_F02_new_plus_partial_all_move.ply,C01_F03_third_new_large_gap.ply,1,702,828,SAME_OBJECT,VISIBLE_TO_PARTIAL_VISIBLE,VISIBLE,PARTIAL_VISIBLE,0,0.030000000000000027,0.01,0.0,0.03162277660168382,1,1
pair_002,C01,temporal_adjacent,C01_F02_new_plus_partial_all_move.ply,C01_F03_third_new_large_gap.ply,2,157,787,SAME_OBJECT,PARTIAL_VISIBLE_TO_VISIBLE,PARTIAL_VISIBLE,VISIBLE,0,0.07000000000000028,0.03,-0.010000000000000009,0.07681145747868634,1,2
pair_002,C01,temporal_adjacent,C01_F02_new_plus_partial_all_move.ply,C01_F03_third_new_large_gap.ply,3,170,402,SAME_OBJECT,VISIBILITY_STABLE,VISIBLE,VISIBLE,0,0.13000000000000078,0.010000000000000002,0.010000000000000009,0.13076696830622098,1,3
pair_002,C01,temporal_adjacent,C01_F02_new_plus_partial_all_move.ply,C01_F03_third_new_large_gap.ply,4,772,915,SAME_OBJECT,VISIBILITY_STABLE,VISIBLE,VISIBLE,0,0.21999999999999975,-0.020000000000000004,0.0,0.22090722034374496,1,4
pair_002,C01,temporal_adjacent,C01_F02_new_plus_partial_all_move.ply,C01_F03_third_new_large_gap.ply,5,,908,NEW,ABSENT_TO_VISIBLE,ABSENT,VISIBLE,1,,,,,1,5
pair_003,C01,temporal_adjacent,C01_F03_third_new_large_gap.ply,C01_F04_settling_rebound.ply,0,142,768,SAME_OBJECT,VISIBILITY_STABLE,VISIBLE,VISIBLE,0,-0.020000000000000018,0.009999999999999998,0.0,0.02236067977499791,1,0
pair_003,C01,temporal_adjacent,C01_F03_third_new_large_gap.ply,C01_F04_settling_rebound.ply,1,828,276,SAME_OBJECT,PARTIAL_VISIBLE_TO_VISIBLE,PARTIAL_VISIBLE,VISIBLE,0,-0.030000000000000027,-0.02,0.0050000000000000044,0.036400549446402614,1,1
pair_003,C01,temporal_adjacent,C01_F03_third_new_large_gap.ply,C01_F04_settling_rebound.ply,2,787,474,SAME_OBJECT,VISIBILITY_STABLE,VISIBLE,VISIBLE,0,-0.050000000000000266,0.019999999999999997,0.0,0.053851648071345286,1,2
pair_003,C01,temporal_adjacent,C01_F03_third_new_large_gap.ply,C01_F04_settling_rebound.ply,3,402,517,SAME_OBJECT,VISIBILITY_STABLE,VISIBLE,VISIBLE,0,-0.08000000000000007,-0.010000000000000002,-0.0050000000000000044,0.08077747210701763,1,3
pair_003,C01,temporal_adjacent,C01_F03_third_new_large_gap.ply,C01_F04_settling_rebound.ply,4,915,597,SAME_OBJECT,VISIBILITY_STABLE,VISIBLE,VISIBLE,0,-0.11000000000000032,0.030000000000000006,0.0,0.11401754250991411,1,4
pair_003,C01,temporal_adjacent,C01_F03_third_new_large_gap.ply,C01_F04_settling_rebound.ply,5,908,429,SAME_OBJECT,VISIBILITY_STABLE,VISIBLE,VISIBLE,0,-0.16000000000000014,-0.04,0.010000000000000009,0.1652271164185832,1,5
pair_004,C02,temporal_adjacent,C02_F00_right_complex_start.ply,C02_F01_right_far_gap_new.ply,6,,552,NEW,ABSENT_TO_VISIBLE,ABSENT,VISIBLE,1,,,,,1,6
pair_004,C02,temporal_adjacent,C02_F00_right_complex_start.ply,C02_F01_right_far_gap_new.ply,7,445,907,SAME_OBJECT,VISIBILITY_STABLE,VISIBLE,VISIBLE,0,-0.11999999999999922,0.03,0.010000000000000009,0.1240967364599078,1,7
pair_004,C02,temporal_adjacent,C02_F00_right_complex_start.ply,C02_F01_right_far_gap_new.ply,8,397,186,SAME_OBJECT,VISIBILITY_STABLE,VISIBLE,VISIBLE,0,-0.05999999999999872,-0.02,0.0,0.06324555320336638,1,8
pair_004,C02,temporal_adjacent,C02_F00_right_complex_start.ply,C02_F01_right_far_gap_new.ply,9,621,244,SAME_OBJECT,VISIBILITY_STABLE,VISIBLE,VISIBLE,0,-0.02999999999999936,0.009999999999999998,-0.0050000000000000044,0.03201562118716365,1,9
pair_005,C02,temporal_adjacent,C02_F01_right_far_gap_new.ply,C02_F02_right_new_partial.ply,5,,160,NEW,ABSENT_TO_VISIBLE,ABSENT,VISIBLE,1,,,,,1,5
pair_005,C02,temporal_adjacent,C02_F01_right_far_gap_new.ply,C02_F02_right_new_partial.ply,6,552,815,SAME_OBJECT,VISIBILITY_STABLE,VISIBLE,VISIBLE,0,-0.20000000000000107,0.010000000000000002,0.0,0.20024984394500892,1,6
pair_005,C02,temporal_adjacent,C02_F01_right_far_gap_new.ply,C02_F02_right_new_partial.ply,7,907,890,SAME_OBJECT,VISIBILITY_STABLE,VISIBLE,VISIBLE,0,-0.13000000000000078,-0.010000000000000002,0.0,0.13038404810405374,1,7
pair_005,C02,temporal_adjacent,C02_F01_right_far_gap_new.ply,C02_F02_right_new_partial.ply,8,186,365,SAME_OBJECT,VISIBLE_TO_PARTIAL_VISIBLE,VISIBLE,PARTIAL_VISIBLE,0,-0.08000000000000007,0.02,0.010000000000000009,0.08306623862918082,1,8
pair_005,C02,temporal_adjacent,C02_F01_right_far_gap_new.ply,C02_F02_right_new_partial.ply,9,244,861,SAME_OBJECT,VISIBILITY_STABLE,VISIBLE,VISIBLE,0,-0.040000000000000924,-0.019999999999999997,0.0,0.04472135954999662,1,9
pair_006,C02,temporal_adjacent,C02_F02_right_new_partial.ply,C02_F03_right_third_new_yaw.ply,4,,228,NEW,ABSENT_TO_VISIBLE,ABSENT,VISIBLE,1,,,,,1,4
pair_006,C02,temporal_adjacent,C02_F02_right_new_partial.ply,C02_F03_right_third_new_yaw.ply,5,160,277,SAME_OBJECT,VISIBILITY_STABLE,VISIBLE,VISIBLE,0,-0.17999999999999972,-0.030000000000000006,0.010000000000000009,0.18275666882497038,1,5
pair_006,C02,temporal_adjacent,C02_F02_right_new_partial.ply,C02_F03_right_third_new_yaw.ply,6,815,146,SAME_OBJECT,VISIBILITY_STABLE,VISIBLE,VISIBLE,0,-0.1399999999999988,0.02,0.0,0.1414213562373083,1,6
pair_006,C02,temporal_adjacent,C02_F02_right_new_partial.ply,C02_F03_right_third_new_yaw.ply,7,890,520,SAME_OBJECT,VISIBILITY_STABLE,VISIBLE,VISIBLE,0,-0.09999999999999964,0.020000000000000004,0.0,0.10198039027185535,1,7
pair_006,C02,temporal_adjacent,C02_F02_right_new_partial.ply,C02_F03_right_third_new_yaw.ply,8,365,175,SAME_OBJECT,PARTIAL_VISIBLE_TO_VISIBLE,PARTIAL_VISIBLE,VISIBLE,0,-0.05000000000000071,-0.009999999999999998,-0.010000000000000009,0.051961524227067006,1,8
pair_006,C02,temporal_adjacent,C02_F02_right_new_partial.ply,C02_F03_right_third_new_yaw.ply,9,861,577,SAME_OBJECT,VISIBILITY_STABLE,VISIBLE,VISIBLE,0,-0.019999999999999574,0.0,0.0,0.019999999999999574,1,9
pair_007,C02,temporal_adjacent,C02_F03_right_third_new_yaw.ply,C02_F04_right_settling.ply,4,228,607,SAME_OBJECT,VISIBILITY_STABLE,VISIBLE,VISIBLE,0,0.03000000000000025,0.009999999999999995,0.0,0.03162277660168403,1,4
pair_007,C02,temporal_adjacent,C02_F03_right_third_new_yaw.ply,C02_F04_right_settling.ply,5,277,332,SAME_OBJECT,VISIBILITY_STABLE,VISIBLE,VISIBLE,0,0.030000000000001137,-0.010000000000000002,0.0,0.03162277660168487,1,5
pair_007,C02,temporal_adjacent,C02_F03_right_third_new_yaw.ply,C02_F04_right_settling.ply,6,146,414,SAME_OBJECT,VISIBILITY_STABLE,VISIBLE,VISIBLE,0,0.02999999999999936,0.01,0.0,0.03162277660168319,1,6
pair_007,C02,temporal_adjacent,C02_F03_right_third_new_yaw.ply,C02_F04_right_settling.ply,7,520,824,SAME_OBJECT,VISIBILITY_STABLE,VISIBLE,VISIBLE,0,0.009999999999999787,-0.010000000000000002,0.0,0.014142135623730802,1,7
pair_007,C02,temporal_adjacent,C02_F03_right_third_new_yaw.ply,C02_F04_right_settling.ply,8,175,152,SAME_OBJECT,VISIBILITY_STABLE,VISIBLE,VISIBLE,0,0.009999999999999787,0.009999999999999998,0.0,0.014142135623730798,1,8
pair_007,C02,temporal_adjacent,C02_F03_right_third_new_yaw.ply,C02_F04_right_settling.ply,9,577,859,SAME_OBJECT,VISIBILITY_STABLE,VISIBLE,VISIBLE,0,0.009999999999999787,-0.01,0.0,0.0141421356237308,1,9
pair_008,C03,temporal_adjacent,C03_F00_two_side_complex_start.ply,C03_F01_left_new_far_gap.ply,0,294,693,SAME_OBJECT,VISIBILITY_STABLE,VISIBLE,VISIBLE,0,0.020000000000000018,0.01,0.0,0.022360679774997914,1,0
pair_008,C03,temporal_adjacent,C03_F00_two_side_complex_start.ply,C03_F01_left_new_far_gap.ply,1,299,337,SAME_OBJECT,VISIBILITY_STABLE,VISIBLE,VISIBLE,0,0.07999999999999985,-0.02,0.010000000000000009,0.08306623862918061,1,1
pair_008,C03,temporal_adjacent,C03_F00_two_side_complex_start.ply,C03_F01_left_new_far_gap.ply,2,,541,NEW,ABSENT_TO_VISIBLE,ABSENT,VISIBLE,1,,,,,1,2
pair_008,C03,temporal_adjacent,C03_F00_two_side_complex_start.ply,C03_F01_left_new_far_gap.ply,8,353,488,SAME_OBJECT,VISIBILITY_STABLE,VISIBLE,VISIBLE,0,-0.05000000000000071,0.02,0.0,0.0538516480713457,1,8
pair_008,C03,temporal_adjacent,C03_F00_two_side_complex_start.ply,C03_F01_left_new_far_gap.ply,9,415,681,SAME_OBJECT,VISIBILITY_STABLE,VISIBLE,VISIBLE,0,-0.019999999999999574,-0.01,0.0,0.022360679774997515,1,9
pair_009,C03,temporal_adjacent,C03_F01_left_new_far_gap.ply,C03_F02_right_new_partial_left.ply,0,693,594,SAME_OBJECT,VISIBILITY_STABLE,VISIBLE,VISIBLE,0,0.020000000000000018,0.0,0.0,0.020000000000000018,1,0
pair_009,C03,temporal_adjacent,C03_F01_left_new_far_gap.ply,C03_F02_right_new_partial_left.ply,1,337,796,SAME_OBJECT,VISIBLE_TO_PARTIAL_VISIBLE,VISIBLE,PARTIAL_VISIBLE,0,0.050000000000000044,0.02,0.0,0.053851648071345085,1,1
pair_009,C03,temporal_adjacent,C03_F01_left_new_far_gap.ply,C03_F02_right_new_partial_left.ply,2,541,328,SAME_OBJECT,VISIBILITY_STABLE,VISIBLE,VISIBLE,0,0.1200000000000001,-0.030000000000000002,0.010000000000000009,0.12409673645990867,1,2
pair_009,C03,temporal_adjacent,C03_F01_left_new_far_gap.ply,C03_F02_right_new_partial_left.ply,7,,462,NEW,ABSENT_TO_VISIBLE,ABSENT,VISIBLE,1,,,,,1,7
pair_009,C03,temporal_adjacent,C03_F01_left_new_far_gap.ply,C03_F02_right_new_partial_left.ply,8,488,876,SAME_OBJECT,VISIBILITY_STABLE,VISIBLE,VISIBLE,0,-0.08999999999999986,-0.02,0.010000000000000009,0.09273618495495689,1,8
pair_009,C03,temporal_adjacent,C03_F01_left_new_far_gap.ply,C03_F02_right_new_partial_left.ply,9,681,472,SAME_OBJECT,VISIBILITY_STABLE,VISIBLE,VISIBLE,0,-0.030000000000001137,0.01,0.0,0.03162277660168487,1,9
pair_010,C03,temporal_adjacent,C03_F02_right_new_partial_left.ply,C03_F03_two_new_both_sides.ply,0,594,343,SAME_OBJECT,VISIBILITY_STABLE,VISIBLE,VISIBLE,0,0.039999999999999925,-0.01,0.0,0.04123105625617653,1,0
pair_010,C03,temporal_adjacent,C03_F02_right_new_partial_left.ply,C03_F03_two_new_both_sides.ply,1,796,805,SAME_OBJECT,PARTIAL_VISIBLE_TO_VISIBLE,PARTIAL_VISIBLE,VISIBLE,0,0.05999999999999983,0.0,0.0,0.05999999999999983,1,1
pair_010,C03,temporal_adjacent,C03_F02_right_new_partial_left.ply,C03_F03_two_new_both_sides.ply,2,328,104,SAME_OBJECT,VISIBILITY_STABLE,VISIBLE,VISIBLE,0,0.08000000000000007,0.009999999999999998,0.0,0.08062257748298557,1,2
pair_010,C03,temporal_adjacent,C03_F02_right_new_partial_left.ply,C03_F03_two_new_both_sides.ply,3,,267,NEW,ABSENT_TO_VISIBLE,ABSENT,VISIBLE,1,,,,,1,3
pair_010,C03,temporal_adjacent,C03_F02_right_new_partial_left.ply,C03_F03_two_new_both_sides.ply,6,,144,NEW,ABSENT_TO_VISIBLE,ABSENT,VISIBLE,1,,,,,1,6
pair_010,C03,temporal_adjacent,C03_F02_right_new_partial_left.ply,C03_F03_two_new_both_sides.ply,7,462,642,SAME_OBJECT,VISIBILITY_STABLE,VISIBLE,VISIBLE,0,-0.07000000000000028,0.0,0.0,0.07000000000000028,1,7
pair_010,C03,temporal_adjacent,C03_F02_right_new_partial_left.ply,C03_F03_two_new_both_sides.ply,8,876,321,SAME_OBJECT,VISIBILITY_STABLE,VISIBLE,VISIBLE,0,-0.054999999999999716,0.01,0.0,0.05590169943749446,1,8
pair_010,C03,temporal_adjacent,C03_F02_right_new_partial_left.ply,C03_F03_two_new_both_sides.ply,9,472,307,SAME_OBJECT,VISIBILITY_STABLE,VISIBLE,VISIBLE,0,-0.03999999999999915,-0.01,0.0,0.04123105625617578,1,9
pair_011,C03,temporal_adjacent,C03_F03_two_new_both_sides.ply,C03_F04_two_side_with_occluded.ply,0,343,909,SAME_OBJECT,VISIBILITY_STABLE,VISIBLE,VISIBLE,0,0.020000000000000018,-0.01,0.0,0.022360679774997914,1,0
pair_011,C03,temporal_adjacent,C03_F03_two_new_both_sides.ply,C03_F04_two_side_with_occluded.ply,1,805,272,SAME_OBJECT,VISIBILITY_STABLE,VISIBLE,VISIBLE,0,0.020000000000000018,0.009999999999999998,0.0,0.02236067977499791,1,1
pair_011,C03,temporal_adjacent,C03_F03_two_new_both_sides.ply,C03_F04_two_side_with_occluded.ply,2,104,612,SAME_OBJECT,VISIBILITY_STABLE,VISIBLE,VISIBLE,0,0.020000000000000018,-0.009999999999999998,0.0,0.02236067977499791,1,2
pair_011,C03,temporal_adjacent,C03_F03_two_new_both_sides.ply,C03_F04_two_side_with_occluded.ply,3,267,214,SAME_OBJECT,VISIBILITY_STABLE,VISIBLE,VISIBLE,0,0.020000000000000462,0.009999999999999995,0.0,0.022360679774998306,1,3
pair_011,C03,temporal_adjacent,C03_F03_two_new_both_sides.ply,C03_F04_two_side_with_occluded.ply,6,144,271,SAME_OBJECT,VISIBILITY_STABLE,VISIBLE,VISIBLE,0,-0.030000000000001137,-0.009999999999999995,0.0,0.03162277660168487,1,6
pair_011,C03,temporal_adjacent,C03_F03_two_new_both_sides.ply,C03_F04_two_side_with_occluded.ply,7,642,,SAME_OBJECT,VISIBLE_TO_OCCLUDED,VISIBLE,OCCLUDED,0,-0.030000000000001137,0.010000000000000002,0.0,0.03162277660168487,1,7
pair_011,C03,temporal_adjacent,C03_F03_two_new_both_sides.ply,C03_F04_two_side_with_occluded.ply,8,321,404,SAME_OBJECT,VISIBILITY_STABLE,VISIBLE,VISIBLE,0,-0.02999999999999936,-0.01,0.0,0.03162277660168319,1,8
pair_011,C03,temporal_adjacent,C03_F03_two_new_both_sides.ply,C03_F04_two_side_with_occluded.ply,9,307,409,SAME_OBJECT,VISIBILITY_STABLE,VISIBLE,VISIBLE,0,-0.02999999999999936,0.01,0.0,0.03162277660168319,1,9
pair_012,C03,temporal_adjacent,C03_F04_two_side_with_occluded.ply,C03_F05_occluded_return_partial.ply,0,909,998,SAME_OBJECT,VISIBILITY_STABLE,VISIBLE,VISIBLE,0,-0.010000000000000009,0.0,0.0,0.010000000000000009,1,0
pair_012,C03,temporal_adjacent,C03_F04_two_side_with_occluded.ply,C03_F05_occluded_return_partial.ply,1,272,436,SAME_OBJECT,VISIBILITY_STABLE,VISIBLE,VISIBLE,0,-0.009999999999999787,0.0,0.0,0.009999999999999787,1,1
pair_012,C03,temporal_adjacent,C03_F04_two_side_with_occluded.ply,C03_F05_occluded_return_partial.ply,2,612,994,SAME_OBJECT,VISIBILITY_STABLE,VISIBLE,VISIBLE,0,-0.010000000000000231,0.0,0.0,0.010000000000000231,1,2
pair_012,C03,temporal_adjacent,C03_F04_two_side_with_occluded.ply,C03_F05_occluded_return_partial.ply,3,214,102,SAME_OBJECT,VISIBILITY_STABLE,VISIBLE,VISIBLE,0,-0.009999999999999787,0.0,0.0,0.009999999999999787,1,3
pair_012,C03,temporal_adjacent,C03_F04_two_side_with_occluded.ply,C03_F05_occluded_return_partial.ply,6,271,335,SAME_OBJECT,VISIBILITY_STABLE,VISIBLE,VISIBLE,0,0.010000000000001563,0.0,0.0,0.010000000000001563,1,6
pair_012,C03,temporal_adjacent,C03_F04_two_side_with_occluded.ply,C03_F05_occluded_return_partial.ply,7,,602,SAME_OBJECT,OCCLUDED_TO_PARTIAL_VISIBLE,OCCLUDED,PARTIAL_VISIBLE,0,0.010000000000001563,0.0,0.0,0.010000000000001563,1,7
pair_012,C03,temporal_adjacent,C03_F04_two_side_with_occluded.ply,C03_F05_occluded_return_partial.ply,8,404,967,SAME_OBJECT,VISIBILITY_STABLE,VISIBLE,VISIBLE,0,0.009999999999999787,0.0,0.0,0.009999999999999787,1,8
pair_012,C03,temporal_adjacent,C03_F04_two_side_with_occluded.ply,C03_F05_occluded_return_partial.ply,9,409,227,SAME_OBJECT,VISIBILITY_STABLE,VISIBLE,VISIBLE,0,0.009999999999999787,0.0,0.0,0.009999999999999787,1,9
pair_013,C04,temporal_adjacent,C04_F00_same_geom_start.ply,C04_F01_nearest_neighbor_trap.ply,0,673,441,SAME_OBJECT,VISIBILITY_STABLE,VISIBLE,VISIBLE,0,0.7200000000000001,-0.02,0.0,0.7202777242147643,1,0
pair_013,C04,temporal_adjacent,C04_F00_same_geom_start.ply,C04_F01_nearest_neighbor_trap.ply,1,757,713,SAME_OBJECT,VISIBILITY_STABLE,VISIBLE,VISIBLE,0,0.72,0.02,0.0,0.7202777242147642,1,1
pair_013,C04,temporal_adjacent,C04_F00_same_geom_start.ply,C04_F01_nearest_neighbor_trap.ply,2,849,870,SAME_OBJECT,VISIBILITY_STABLE,VISIBLE,VISIBLE,0,0.7199999999999998,-0.02,0.0,0.720277724214764,1,2
pair_013,C04,temporal_adjacent,C04_F00_same_geom_start.ply,C04_F01_nearest_neighbor_trap.ply,3,322,438,SAME_OBJECT,VISIBILITY_STABLE,VISIBLE,VISIBLE,0,0.7199999999999998,0.02,0.0,0.720277724214764,1,3
pair_013,C04,temporal_adjacent,C04_F00_same_geom_start.ply,C04_F01_nearest_neighbor_trap.ply,4,507,786,SAME_OBJECT,VISIBILITY_STABLE,VISIBLE,VISIBLE,0,0.7199999999999998,-0.02,0.0,0.720277724214764,1,4
pair_013,C04,temporal_adjacent,C04_F00_same_geom_start.ply,C04_F01_nearest_neighbor_trap.ply,5,519,305,SAME_OBJECT,VISIBILITY_STABLE,VISIBLE,VISIBLE,0,0.7199999999999998,0.02,0.0,0.720277724214764,1,5
pair_014,C04,temporal_adjacent,C04_F01_nearest_neighbor_trap.ply,C04_F02_same_spec_new_after_shift.ply,0,441,948,SAME_OBJECT,VISIBILITY_STABLE,VISIBLE,VISIBLE,0,0.48,-0.009999999999999998,-0.0050000000000000044,0.48013019067748697,1,0
pair_014,C04,temporal_adjacent,C04_F01_nearest_neighbor_trap.ply,C04_F02_same_spec_new_after_shift.ply,1,713,626,SAME_OBJECT,VISIBILITY_STABLE,VISIBLE,VISIBLE,0,0.48,0.0,0.0050000000000000044,0.48002604096027957,1,1
pair_014,C04,temporal_adjacent,C04_F01_nearest_neighbor_trap.ply,C04_F02_same_spec_new_after_shift.ply,2,870,914,SAME_OBJECT,VISIBILITY_STABLE,VISIBLE,VISIBLE,0,0.4800000000000004,0.01,-0.0050000000000000044,0.4801301906774874,1,2
pair_014,C04,temporal_adjacent,C04_F01_nearest_neighbor_trap.ply,C04_F02_same_spec_new_after_shift.ply,3,438,297,SAME_OBJECT,VISIBILITY_STABLE,VISIBLE,VISIBLE,0,0.47999999999999954,-0.01,0.0050000000000000044,0.48013019067748647,1,3
pair_014,C04,temporal_adjacent,C04_F01_nearest_neighbor_trap.ply,C04_F02_same_spec_new_after_shift.ply,4,786,270,SAME_OBJECT,VISIBILITY_STABLE,VISIBLE,VISIBLE,0,0.4800000000000004,0.0,-0.0050000000000000044,0.48002604096028,1,4
pair_014,C04,temporal_adjacent,C04_F01_nearest_neighbor_trap.ply,C04_F02_same_spec_new_after_shift.ply,5,305,542,SAME_OBJECT,VISIBILITY_STABLE,VISIBLE,VISIBLE,0,0.4800000000000004,0.009999999999999998,0.0050000000000000044,0.4801301906774874,1,5
pair_014,C04,temporal_adjacent,C04_F01_nearest_neighbor_trap.ply,C04_F02_same_spec_new_after_shift.ply,6,,603,NEW,ABSENT_TO_VISIBLE,ABSENT,VISIBLE,1,,,,,1,6
pair_015,C04,temporal_adjacent,C04_F02_same_spec_new_after_shift.ply,C04_F03_same_geom_partial_center.ply,0,948,939,SAME_OBJECT,VISIBILITY_STABLE,VISIBLE,VISIBLE,0,0.17999999999999972,0.009999999999999998,0.0,0.1802775637731992,1,0
pair_015,C04,temporal_adjacent,C04_F02_same_spec_new_after_shift.ply,C04_F03_same_geom_partial_center.ply,1,626,179,SAME_OBJECT,VISIBILITY_STABLE,VISIBLE,VISIBLE,0,0.20000000000000018,-0.01,0.0,0.20024984394500803,1,1
pair_015,C04,temporal_adjacent,C04_F02_same_spec_new_after_shift.ply,C04_F03_same_geom_partial_center.ply,2,914,223,SAME_OBJECT,VISIBILITY_STABLE,VISIBLE,VISIBLE,0,0.21999999999999975,0.01,0.0,0.22022715545545216,1,2
pair_015,C04,temporal_adjacent,C04_F02_same_spec_new_after_shift.ply,C04_F03_same_geom_partial_center.ply,3,297,918,SAME_OBJECT,VISIBLE_TO_PARTIAL_VISIBLE,VISIBLE,PARTIAL_VISIBLE,0,0.2400000000000002,-0.01,0.0,0.2402082429892865,1,3
pair_015,C04,temporal_adjacent,C04_F02_same_spec_new_after_shift.ply,C04_F03_same_geom_partial_center.ply,4,270,858,SAME_OBJECT,VISIBILITY_STABLE,VISIBLE,VISIBLE,0,0.2599999999999998,0.01,0.0,0.2601922366251535,1,4
pair_015,C04,temporal_adjacent,C04_F02_same_spec_new_after_shift.ply,C04_F03_same_geom_partial_center.ply,5,542,844,SAME_OBJECT,VISIBILITY_STABLE,VISIBLE,VISIBLE,0,0.27999999999999936,-0.009999999999999998,0.0,0.28017851452243736,1,5
pair_015,C04,temporal_adjacent,C04_F02_same_spec_new_after_shift.ply,C04_F03_same_geom_partial_center.ply,6,603,381,SAME_OBJECT,VISIBILITY_STABLE,VISIBLE,VISIBLE,0,0.3000000000000007,0.010000000000000002,0.0,0.3001666203960734,1,6
pair_016,C04,temporal_adjacent,C04_F03_same_geom_partial_center.ply,C04_F04_same_geom_occluded.ply,0,939,671,SAME_OBJECT,VISIBILITY_STABLE,VISIBLE,VISIBLE,0,0.050000000000000266,0.0,0.0,0.050000000000000266,1,0
pair_016,C04,temporal_adjacent,C04_F03_same_geom_partial_center.ply,C04_F04_same_geom_occluded.ply,1,179,452,SAME_OBJECT,VISIBILITY_STABLE,VISIBLE,VISIBLE,0,0.04999999999999982,0.0,0.0,0.04999999999999982,1,1
pair_016,C04,temporal_adjacent,C04_F03_same_geom_partial_center.ply,C04_F04_same_geom_occluded.ply,2,223,,SAME_OBJECT,VISIBLE_TO_OCCLUDED,VISIBLE,OCCLUDED,0,0.04999999999999982,0.0,0.0,0.04999999999999982,1,2
pair_016,C04,temporal_adjacent,C04_F03_same_geom_partial_center.ply,C04_F04_same_geom_occluded.ply,3,918,714,SAME_OBJECT,PARTIAL_VISIBLE_TO_VISIBLE,PARTIAL_VISIBLE,VISIBLE,0,0.04999999999999982,0.0,0.0,0.04999999999999982,1,3
pair_016,C04,temporal_adjacent,C04_F03_same_geom_partial_center.ply,C04_F04_same_geom_occluded.ply,4,858,325,SAME_OBJECT,VISIBILITY_STABLE,VISIBLE,VISIBLE,0,0.04999999999999982,0.0,0.0,0.04999999999999982,1,4
pair_016,C04,temporal_adjacent,C04_F03_same_geom_partial_center.ply,C04_F04_same_geom_occluded.ply,5,844,800,SAME_OBJECT,VISIBILITY_STABLE,VISIBLE,VISIBLE,0,0.05000000000000071,0.0,0.0,0.05000000000000071,1,5
pair_016,C04,temporal_adjacent,C04_F03_same_geom_partial_center.ply,C04_F04_same_geom_occluded.ply,6,381,885,SAME_OBJECT,VISIBILITY_STABLE,VISIBLE,VISIBLE,0,0.05000000000000071,0.0,0.0,0.05000000000000071,1,6
pair_017,C05,temporal_adjacent,C05_F00_combo_start.ply,C05_F01_new_and_occluded_far_gap.ply,0,239,460,SAME_OBJECT,VISIBILITY_STABLE,VISIBLE,VISIBLE,0,0.050000000000000044,0.02,0.0,0.053851648071345085,1,0
pair_017,C05,temporal_adjacent,C05_F00_combo_start.ply,C05_F01_new_and_occluded_far_gap.ply,1,941,,SAME_OBJECT,VISIBLE_TO_OCCLUDED,VISIBLE,OCCLUDED,0,0.09999999999999987,-0.02,0.0,0.10198039027185557,1,1
pair_017,C05,temporal_adjacent,C05_F00_combo_start.ply,C05_F01_new_and_occluded_far_gap.ply,2,649,311,SAME_OBJECT,VISIBILITY_STABLE,VISIBLE,VISIBLE,0,0.17999999999999972,0.03,0.010000000000000009,0.18275666882497038,1,2
pair_017,C05,temporal_adjacent,C05_F00_combo_start.ply,C05_F01_new_and_occluded_far_gap.ply,3,484,222,SAME_OBJECT,VISIBILITY_STABLE,VISIBLE,VISIBLE,0,0.27999999999999936,-0.02,0.0,0.2807133769523633,1,3
pair_017,C05,temporal_adjacent,C05_F00_combo_start.ply,C05_F01_new_and_occluded_far_gap.ply,4,,178,NEW,ABSENT_TO_VISIBLE,ABSENT,VISIBLE,1,,,,,1,4
pair_018,C05,temporal_adjacent,C05_F01_new_and_occluded_far_gap.ply,C05_F02_occluded_returns_partial.ply,0,460,690,SAME_OBJECT,VISIBILITY_STABLE,VISIBLE,VISIBLE,0,0.029999999999999916,-0.01,0.0,0.031622776601683715,1,0
pair_018,C05,temporal_adjacent,C05_F01_new_and_occluded_far_gap.ply,C05_F02_occluded_returns_partial.ply,1,,496,SAME_OBJECT,OCCLUDED_TO_PARTIAL_VISIBLE,OCCLUDED,PARTIAL_VISIBLE,0,0.06000000000000005,0.02,0.010000000000000009,0.06403124237432854,1,1
pair_018,C05,temporal_adjacent,C05_F01_new_and_occluded_far_gap.ply,C05_F02_occluded_returns_partial.ply,2,311,733,SAME_OBJECT,VISIBILITY_STABLE,VISIBLE,VISIBLE,0,0.1200000000000001,-0.02,0.0,0.1216552506059645,1,2
pair_018,C05,temporal_adjacent,C05_F01_new_and_occluded_far_gap.ply,C05_F02_occluded_returns_partial.ply,3,222,637,SAME_OBJECT,VISIBILITY_STABLE,VISIBLE,VISIBLE,0,0.16000000000000014,0.01,0.0,0.1603121954188141,1,3
pair_018,C05,temporal_adjacent,C05_F01_new_and_occluded_far_gap.ply,C05_F02_occluded_returns_partial.ply,4,178,902,SAME_OBJECT,VISIBILITY_STABLE,VISIBLE,VISIBLE,0,0.21999999999999975,-0.03,0.0,0.2220360331117449,1,4
pair_019,C05,temporal_adjacent,C05_F02_occluded_returns_partial.ply,C05_F03_continued_loading_partial.ply,0,690,148,SAME_OBJECT,VISIBILITY_STABLE,VISIBLE,VISIBLE,0,0.030000000000000027,-0.01,0.0,0.03162277660168382,1,0
pair_019,C05,temporal_adjacent,C05_F02_occluded_returns_partial.ply,C05_F03_continued_loading_partial.ply,1,496,302,SAME_OBJECT,PARTIAL_VISIBLE_TO_VISIBLE,PARTIAL_VISIBLE,VISIBLE,0,0.04999999999999982,0.01,0.0,0.050990195135927674,1,1
pair_019,C05,temporal_adjacent,C05_F02_occluded_returns_partial.ply,C05_F03_continued_loading_partial.ply,2,733,759,SAME_OBJECT,VISIBLE_TO_PARTIAL_VISIBLE,VISIBLE,PARTIAL_VISIBLE,0,0.07000000000000028,-0.01,0.0,0.07071067811865503,1,2
pair_019,C05,temporal_adjacent,C05_F02_occluded_returns_partial.ply,C05_F03_continued_loading_partial.ply,3,637,159,SAME_OBJECT,VISIBILITY_STABLE,VISIBLE,VISIBLE,0,0.08999999999999986,0.01,0.0,0.09055385138137402,1,3
pair_019,C05,temporal_adjacent,C05_F02_occluded_returns_partial.ply,C05_F03_continued_loading_partial.ply,4,902,580,SAME_OBJECT,VISIBILITY_STABLE,VISIBLE,VISIBLE,0,0.11000000000000032,-0.010000000000000002,0.0,0.11045361017187293,1,4
pair_019,C05,temporal_adjacent,C05_F02_occluded_returns_partial.ply,C05_F03_continued_loading_partial.ply,5,,644,NEW,ABSENT_TO_VISIBLE,ABSENT,VISIBLE,1,,,,,1,5
pair_020,C05,temporal_adjacent,C05_F03_continued_loading_partial.ply,C05_F04_combo_recovered.ply,0,148,489,SAME_OBJECT,VISIBILITY_STABLE,VISIBLE,VISIBLE,0,-0.020000000000000018,-0.01,0.0,0.022360679774997914,1,0
pair_020,C05,temporal_adjacent,C05_F03_continued_loading_partial.ply,C05_F04_combo_recovered.ply,1,302,357,SAME_OBJECT,VISIBILITY_STABLE,VISIBLE,VISIBLE,0,-0.029999999999999805,0.0,0.0,0.029999999999999805,1,1
pair_020,C05,temporal_adjacent,C05_F03_continued_loading_partial.ply,C05_F04_combo_recovered.ply,2,759,864,SAME_OBJECT,PARTIAL_VISIBLE_TO_VISIBLE,PARTIAL_VISIBLE,VISIBLE,0,-0.040000000000000036,0.01,0.0,0.041231056256176644,1,2
pair_020,C05,temporal_adjacent,C05_F03_continued_loading_partial.ply,C05_F04_combo_recovered.ply,3,159,105,SAME_OBJECT,VISIBILITY_STABLE,VISIBLE,VISIBLE,0,-0.04999999999999982,-0.01,0.0,0.050990195135927674,1,3
pair_020,C05,temporal_adjacent,C05_F03_continued_loading_partial.ply,C05_F04_combo_recovered.ply,4,580,756,SAME_OBJECT,VISIBILITY_STABLE,VISIBLE,VISIBLE,0,-0.0600000000000005,0.0,0.0,0.0600000000000005,1,4
pair_020,C05,temporal_adjacent,C05_F03_continued_loading_partial.ply,C05_F04_combo_recovered.ply,5,644,778,SAME_OBJECT,VISIBILITY_STABLE,VISIBLE,VISIBLE,0,-0.07000000000000028,0.010000000000000002,0.0,0.07071067811865503,1,5
pair_021,C06,temporal_adjacent,C06_F00_full_l1_start.ply,C06_F01_layer2_new_yaw.ply,0,295,648,SAME_OBJECT,VISIBILITY_STABLE,VISIBLE,VISIBLE,0,0.010000000000000009,-0.005,-0.0020000000000000018,0.011357816691600556,1,0
pair_021,C06,temporal_adjacent,C06_F00_full_l1_start.ply,C06_F01_layer2_new_yaw.ply,1,361,590,SAME_OBJECT,VISIBILITY_STABLE,VISIBLE,VISIBLE,0,0.016000000000000014,0.005,0.0,0.016763054614240224,1,1
pair_021,C06,temporal_adjacent,C06_F00_full_l1_start.ply,C06_F01_layer2_new_yaw.ply,2,171,697,SAME_OBJECT,VISIBLE_TO_PARTIAL_VISIBLE,VISIBLE,PARTIAL_VISIBLE,0,0.021999999999999797,-0.005,0.0020000000000000018,0.022649503305812054,1,2
pair_021,C06,temporal_adjacent,C06_F00_full_l1_start.ply,C06_F01_layer2_new_yaw.ply,3,480,911,SAME_OBJECT,VISIBILITY_STABLE,VISIBLE,VISIBLE,0,0.02799999999999958,0.005,-0.0020000000000000018,0.028513154858766095,1,3
pair_021,C06,temporal_adjacent,C06_F00_full_l1_start.ply,C06_F01_layer2_new_yaw.ply,4,394,660,SAME_OBJECT,VISIBILITY_STABLE,VISIBLE,VISIBLE,0,0.03399999999999981,-0.005,0.0,0.03436568055487898,1,4
pair_021,C06,temporal_adjacent,C06_F00_full_l1_start.ply,C06_F01_layer2_new_yaw.ply,5,848,348,SAME_OBJECT,VISIBILITY_STABLE,VISIBLE,VISIBLE,0,0.040000000000000036,0.005,0.0020000000000000018,0.040360872141221166,1,5
pair_021,C06,temporal_adjacent,C06_F00_full_l1_start.ply,C06_F01_layer2_new_yaw.ply,6,573,418,SAME_OBJECT,VISIBILITY_STABLE,VISIBLE,VISIBLE,0,0.045999999999999375,-0.005,-0.0020000000000000018,0.04631414470763703,1,6
pair_021,C06,temporal_adjacent,C06_F00_full_l1_start.ply,C06_F01_layer2_new_yaw.ply,7,788,134,SAME_OBJECT,VISIBILITY_STABLE,VISIBLE,VISIBLE,0,0.05200000000000138,0.005,0.0,0.05223983154643728,1,7
pair_021,C06,temporal_adjacent,C06_F00_full_l1_start.ply,C06_F01_layer2_new_yaw.ply,8,785,829,SAME_OBJECT,VISIBILITY_STABLE,VISIBLE,VISIBLE,0,0.05799999999999983,-0.005,0.0020000000000000018,0.058249463516842626,1,8
pair_021,C06,temporal_adjacent,C06_F00_full_l1_start.ply,C06_F01_layer2_new_yaw.ply,9,273,503,SAME_OBJECT,VISIBILITY_STABLE,VISIBLE,VISIBLE,0,0.06400000000000006,0.005,-0.0020000000000000018,0.0642261628933257,1,9
pair_021,C06,temporal_adjacent,C06_F00_full_l1_start.ply,C06_F01_layer2_new_yaw.ply,20,,598,NEW,ABSENT_TO_VISIBLE,ABSENT,VISIBLE,1,,,,,2,0
pair_022,C06,temporal_adjacent,C06_F01_layer2_new_yaw.ply,C06_F02_second_layer2_new.ply,0,648,204,SAME_OBJECT,VISIBILITY_STABLE,VISIBLE,VISIBLE,0,0.04400000000000004,0.004,0.0,0.04418144406874908,1,0
pair_022,C06,temporal_adjacent,C06_F01_layer2_new_yaw.ply,C06_F02_second_layer2_new.ply,1,590,940,SAME_OBJECT,VISIBILITY_STABLE,VISIBLE,VISIBLE,0,0.039999999999999813,-0.004,0.0,0.040199502484483375,1,1
pair_022,C06,temporal_adjacent,C06_F01_layer2_new_yaw.ply,C06_F02_second_layer2_new.ply,2,697,875,SAME_OBJECT,PARTIAL_VISIBLE_TO_VISIBLE,PARTIAL_VISIBLE,VISIBLE,0,0.03600000000000003,0.004,0.0,0.0362215405525497,1,2
pair_022,C06,temporal_adjacent,C06_F01_layer2_new_yaw.ply,C06_F02_second_layer2_new.ply,3,911,495,SAME_OBJECT,VISIBLE_TO_PARTIAL_VISIBLE,VISIBLE,PARTIAL_VISIBLE,0,0.03200000000000003,-0.004,0.0,0.032249030993194226,1,3
pair_022,C06,temporal_adjacent,C06_F01_layer2_new_yaw.ply,C06_F02_second_layer2_new.ply,4,660,340,SAME_OBJECT,VISIBILITY_STABLE,VISIBLE,VISIBLE,0,0.02799999999999958,0.004,0.0,0.028284271247461485,1,4
pair_022,C06,temporal_adjacent,C06_F01_layer2_new_yaw.ply,C06_F02_second_layer2_new.ply,5,348,688,SAME_OBJECT,VISIBILITY_STABLE,VISIBLE,VISIBLE,0,0.02400000000000002,-0.004,0.0,0.0243310501211929,1,5
pair_022,C06,temporal_adjacent,C06_F01_layer2_new_yaw.ply,C06_F02_second_layer2_new.ply,6,418,838,SAME_OBJECT,VISIBILITY_STABLE,VISIBLE,VISIBLE,0,0.019999999999999574,0.004,0.0,0.02039607805437072,1,6
pair_022,C06,temporal_adjacent,C06_F01_layer2_new_yaw.ply,C06_F02_second_layer2_new.ply,7,134,903,SAME_OBJECT,VISIBILITY_STABLE,VISIBLE,VISIBLE,0,0.016000000000000014,-0.004,0.0,0.01649242250247066,1,7
pair_022,C06,temporal_adjacent,C06_F01_layer2_new_yaw.ply,C06_F02_second_layer2_new.ply,8,829,399,SAME_OBJECT,VISIBILITY_STABLE,VISIBLE,VISIBLE,0,0.012000000000000455,0.004,0.0,0.01264911064067395,1,8
pair_022,C06,temporal_adjacent,C06_F01_layer2_new_yaw.ply,C06_F02_second_layer2_new.ply,9,503,942,SAME_OBJECT,VISIBILITY_STABLE,VISIBLE,VISIBLE,0,0.007999999999999119,-0.004,0.0,0.00894427190999837,1,9
pair_022,C06,temporal_adjacent,C06_F01_layer2_new_yaw.ply,C06_F02_second_layer2_new.ply,20,598,261,SAME_OBJECT,VISIBILITY_STABLE,VISIBLE,VISIBLE,0,0.08000000000000007,-0.02,0.0,0.08246211251235329,2,0
pair_022,C06,temporal_adjacent,C06_F01_layer2_new_yaw.ply,C06_F02_second_layer2_new.ply,21,,544,NEW,ABSENT_TO_VISIBLE,ABSENT,VISIBLE,1,,,,,2,1
pair_023,C06,temporal_adjacent,C06_F02_second_layer2_new.ply,C06_F03_layer2_new_lower_occluded.ply,0,204,236,SAME_OBJECT,VISIBILITY_STABLE,VISIBLE,VISIBLE,0,0.0050000000000000044,-0.002,0.0,0.005385164807134508,1,0
pair_023,C06,temporal_adjacent,C06_F02_second_layer2_new.ply,C06_F03_layer2_new_lower_occluded.ply,1,940,469,SAME_OBJECT,VISIBILITY_STABLE,VISIBLE,VISIBLE,0,0.0050000000000001155,0.002,0.0,0.005385164807134611,1,1
pair_023,C06,temporal_adjacent,C06_F02_second_layer2_new.ply,C06_F03_layer2_new_lower_occluded.ply,2,875,556,SAME_OBJECT,VISIBILITY_STABLE,VISIBLE,VISIBLE,0,0.004999999999999893,-0.002,0.0,0.005385164807134405,1,2
pair_023,C06,temporal_adjacent,C06_F02_second_layer2_new.ply,C06_F03_layer2_new_lower_occluded.ply,3,495,827,SAME_OBJECT,PARTIAL_VISIBLE_TO_VISIBLE,PARTIAL_VISIBLE,VISIBLE,0,0.004999999999999893,0.002,0.0,0.005385164807134405,1,3
pair_023,C06,temporal_adjacent,C06_F02_second_layer2_new.ply,C06_F03_layer2_new_lower_occluded.ply,4,340,,SAME_OBJECT,VISIBLE_TO_OCCLUDED,VISIBLE,OCCLUDED,0,0.005000000000000782,-0.002,0.0,0.00538516480713523,1,4
pair_023,C06,temporal_adjacent,C06_F02_second_layer2_new.ply,C06_F03_layer2_new_lower_occluded.ply,5,688,292,SAME_OBJECT,VISIBILITY_STABLE,VISIBLE,VISIBLE,0,0.004999999999999893,0.002,0.0,0.005385164807134405,1,5
pair_023,C06,temporal_adjacent,C06_F02_second_layer2_new.ply,C06_F03_layer2_new_lower_occluded.ply,6,838,117,SAME_OBJECT,VISIBILITY_STABLE,VISIBLE,VISIBLE,0,0.005000000000000782,-0.002,0.0,0.00538516480713523,1,6
pair_023,C06,temporal_adjacent,C06_F02_second_layer2_new.ply,C06_F03_layer2_new_lower_occluded.ply,7,903,101,SAME_OBJECT,VISIBILITY_STABLE,VISIBLE,VISIBLE,0,0.004999999999999005,0.002,0.0,0.00538516480713358,1,7
pair_023,C06,temporal_adjacent,C06_F02_second_layer2_new.ply,C06_F03_layer2_new_lower_occluded.ply,8,399,601,SAME_OBJECT,VISIBILITY_STABLE,VISIBLE,VISIBLE,0,0.004999999999999005,-0.002,0.0,0.00538516480713358,1,8
pair_023,C06,temporal_adjacent,C06_F02_second_layer2_new.ply,C06_F03_layer2_new_lower_occluded.ply,9,942,327,SAME_OBJECT,VISIBILITY_STABLE,VISIBLE,VISIBLE,0,0.005000000000000782,0.002,0.0,0.00538516480713523,1,9
pair_023,C06,temporal_adjacent,C06_F02_second_layer2_new.ply,C06_F03_layer2_new_lower_occluded.ply,20,261,349,SAME_OBJECT,VISIBILITY_STABLE,VISIBLE,VISIBLE,0,0.04999999999999982,0.009999999999999998,0.0,0.050990195135927674,2,0
pair_023,C06,temporal_adjacent,C06_F02_second_layer2_new.ply,C06_F03_layer2_new_lower_occluded.ply,21,544,384,SAME_OBJECT,VISIBILITY_STABLE,VISIBLE,VISIBLE,0,0.04999999999999982,-0.009999999999999995,0.0,0.050990195135927674,2,1
pair_023,C06,temporal_adjacent,C06_F02_second_layer2_new.ply,C06_F03_layer2_new_lower_occluded.ply,22,,210,NEW,ABSENT_TO_VISIBLE,ABSENT,VISIBLE,1,,,,,2,2
pair_024,C06,temporal_adjacent,C06_F03_layer2_new_lower_occluded.ply,C06_F04_layer2_motion_lower_return.ply,0,236,155,SAME_OBJECT,VISIBILITY_STABLE,VISIBLE,VISIBLE,0,0.005999999999999894,0.0,0.0,0.005999999999999894,1,0
pair_024,C06,temporal_adjacent,C06_F03_layer2_new_lower_occluded.ply,C06_F04_layer2_motion_lower_return.ply,1,469,774,SAME_OBJECT,VISIBILITY_STABLE,VISIBLE,VISIBLE,0,0.006000000000000005,0.0,0.0,0.006000000000000005,1,1
pair_024,C06,temporal_adjacent,C06_F03_layer2_new_lower_occluded.ply,C06_F04_layer2_motion_lower_return.ply,2,556,837,SAME_OBJECT,VISIBILITY_STABLE,VISIBLE,VISIBLE,0,0.006000000000000227,0.0,0.0,0.006000000000000227,1,2
pair_024,C06,temporal_adjacent,C06_F03_layer2_new_lower_occluded.ply,C06_F04_layer2_motion_lower_return.ply,3,827,937,SAME_OBJECT,VISIBILITY_STABLE,VISIBLE,VISIBLE,0,0.006000000000000227,0.0,0.0,0.006000000000000227,1,3
pair_024,C06,temporal_adjacent,C06_F03_layer2_new_lower_occluded.ply,C06_F04_layer2_motion_lower_return.ply,4,,869,SAME_OBJECT,OCCLUDED_TO_PARTIAL_VISIBLE,OCCLUDED,PARTIAL_VISIBLE,0,0.005999999999999339,0.0,0.0,0.005999999999999339,1,4
pair_024,C06,temporal_adjacent,C06_F03_layer2_new_lower_occluded.ply,C06_F04_layer2_motion_lower_return.ply,5,292,836,SAME_OBJECT,VISIBILITY_STABLE,VISIBLE,VISIBLE,0,0.006000000000000227,0.0,0.0,0.006000000000000227,1,5
pair_024,C06,temporal_adjacent,C06_F03_layer2_new_lower_occluded.ply,C06_F04_layer2_motion_lower_return.ply,6,117,509,SAME_OBJECT,VISIBILITY_STABLE,VISIBLE,VISIBLE,0,0.006000000000000227,0.0,0.0,0.006000000000000227,1,6
pair_024,C06,temporal_adjacent,C06_F03_layer2_new_lower_occluded.ply,C06_F04_layer2_motion_lower_return.ply,7,101,279,SAME_OBJECT,VISIBILITY_STABLE,VISIBLE,VISIBLE,0,0.006000000000000227,0.0,0.0,0.006000000000000227,1,7
pair_024,C06,temporal_adjacent,C06_F03_layer2_new_lower_occluded.ply,C06_F04_layer2_motion_lower_return.ply,8,601,366,SAME_OBJECT,VISIBILITY_STABLE,VISIBLE,VISIBLE,0,0.006000000000000227,0.0,0.0,0.006000000000000227,1,8
pair_024,C06,temporal_adjacent,C06_F03_layer2_new_lower_occluded.ply,C06_F04_layer2_motion_lower_return.ply,9,327,568,SAME_OBJECT,VISIBILITY_STABLE,VISIBLE,VISIBLE,0,0.006000000000000227,0.0,0.0,0.006000000000000227,1,9
pair_024,C06,temporal_adjacent,C06_F03_layer2_new_lower_occluded.ply,C06_F04_layer2_motion_lower_return.ply,20,349,269,SAME_OBJECT,VISIBILITY_STABLE,VISIBLE,VISIBLE,0,0.06000000000000005,-0.009999999999999998,0.0050000000000001155,0.061032778078668574,2,0
pair_024,C06,temporal_adjacent,C06_F03_layer2_new_lower_occluded.ply,C06_F04_layer2_motion_lower_return.ply,21,384,595,SAME_OBJECT,VISIBILITY_STABLE,VISIBLE,VISIBLE,0,0.07000000000000028,-0.010000000000000009,0.0050000000000001155,0.07088723439378943,2,1
pair_024,C06,temporal_adjacent,C06_F03_layer2_new_lower_occluded.ply,C06_F04_layer2_motion_lower_return.ply,22,210,118,SAME_OBJECT,VISIBILITY_STABLE,VISIBLE,VISIBLE,0,0.08000000000000007,-0.009999999999999995,0.004999999999999893,0.08077747210701763,2,2
pair_025,C06,temporal_adjacent,C06_F04_layer2_motion_lower_return.ply,C06_F05_fourth_layer2_new.ply,0,155,465,SAME_OBJECT,VISIBILITY_STABLE,VISIBLE,VISIBLE,0,0.0040000000000000036,-0.002,0.0,0.004472135954999582,1,0
pair_025,C06,temporal_adjacent,C06_F04_layer2_motion_lower_return.ply,C06_F05_fourth_layer2_new.ply,1,774,461,SAME_OBJECT,VISIBILITY_STABLE,VISIBLE,VISIBLE,0,0.008000000000000007,0.002,0.0,0.00824621125123533,1,1
pair_025,C06,temporal_adjacent,C06_F04_layer2_motion_lower_return.ply,C06_F05_fourth_layer2_new.ply,2,837,149,SAME_OBJECT,VISIBILITY_STABLE,VISIBLE,VISIBLE,0,0.01200000000000001,-0.002,0.0,0.01216552506059645,1,2
pair_025,C06,temporal_adjacent,C06_F04_layer2_motion_lower_return.ply,C06_F05_fourth_layer2_new.ply,3,937,502,SAME_OBJECT,VISIBILITY_STABLE,VISIBLE,VISIBLE,0,0.0039999999999995595,0.002,0.0,0.004472135954999185,1,3
pair_025,C06,temporal_adjacent,C06_F04_layer2_motion_lower_return.ply,C06_F05_fourth_layer2_new.ply,4,869,904,SAME_OBJECT,PARTIAL_VISIBLE_TO_VISIBLE,PARTIAL_VISIBLE,VISIBLE,0,0.008000000000000007,-0.002,0.0,0.00824621125123533,1,4
pair_025,C06,temporal_adjacent,C06_F04_layer2_motion_lower_return.ply,C06_F05_fourth_layer2_new.ply,5,836,278,SAME_OBJECT,VISIBILITY_STABLE,VISIBLE,VISIBLE,0,0.011999999999999567,0.002,0.0,0.01216552506059601,1,5
pair_025,C06,temporal_adjacent,C06_F04_layer2_motion_lower_return.ply,C06_F05_fourth_layer2_new.ply,6,509,920,SAME_OBJECT,VISIBILITY_STABLE,VISIBLE,VISIBLE,0,0.0039999999999995595,-0.002,0.0,0.004472135954999185,1,6
pair_025,C06,temporal_adjacent,C06_F04_layer2_motion_lower_return.ply,C06_F05_fourth_layer2_new.ply,7,279,221,SAME_OBJECT,VISIBILITY_STABLE,VISIBLE,VISIBLE,0,0.008000000000000895,0.002,0.0,0.00824621125123619,1,7
pair_025,C06,temporal_adjacent,C06_F04_layer2_motion_lower_return.ply,C06_F05_fourth_layer2_new.ply,8,366,497,SAME_OBJECT,VISIBILITY_STABLE,VISIBLE,VISIBLE,0,0.012000000000000455,-0.002,0.0,0.012165525060596889,1,8
pair_025,C06,temporal_adjacent,C06_F04_layer2_motion_lower_return.ply,C06_F05_fourth_layer2_new.ply,9,568,524,SAME_OBJECT,VISIBILITY_STABLE,VISIBLE,VISIBLE,0,0.0039999999999995595,0.002,0.0,0.004472135954999185,1,9
pair_025,C06,temporal_adjacent,C06_F04_layer2_motion_lower_return.ply,C06_F05_fourth_layer2_new.ply,20,269,376,SAME_OBJECT,VISIBILITY_STABLE,VISIBLE,VISIBLE,0,0.0,0.0,0.0,0.0,2,0
pair_025,C06,temporal_adjacent,C06_F04_layer2_motion_lower_return.ply,C06_F05_fourth_layer2_new.ply,21,595,285,SAME_OBJECT,VISIBILITY_STABLE,VISIBLE,VISIBLE,0,0.0,0.0,0.0,0.0,2,1
pair_025,C06,temporal_adjacent,C06_F04_layer2_motion_lower_return.ply,C06_F05_fourth_layer2_new.ply,22,118,629,SAME_OBJECT,VISIBILITY_STABLE,VISIBLE,VISIBLE,0,0.0,0.0,0.0,0.0,2,2
pair_025,C06,temporal_adjacent,C06_F04_layer2_motion_lower_return.ply,C06_F05_fourth_layer2_new.ply,23,,943,NEW,ABSENT_TO_VISIBLE,ABSENT,VISIBLE,1,,,,,2,3
pair_026,C07,temporal_adjacent,C07_F00_multi_new_start.ply,C07_F01_two_new_far_gaps_yaw.ply,0,835,393,SAME_OBJECT,VISIBILITY_STABLE,VISIBLE,VISIBLE,0,0.030000000000000027,0.01,0.0,0.03162277660168382,1,0
pair_026,C07,temporal_adjacent,C07_F00_multi_new_start.ply,C07_F01_two_new_far_gaps_yaw.ply,1,183,224,SAME_OBJECT,VISIBILITY_STABLE,VISIBLE,VISIBLE,0,0.09999999999999987,-0.02,0.010000000000000009,0.10246950765959585,1,1
pair_026,C07,temporal_adjacent,C07_F00_multi_new_start.ply,C07_F01_two_new_far_gaps_yaw.ply,2,,136,NEW,ABSENT_TO_VISIBLE,ABSENT,VISIBLE,1,,,,,1,2
pair_026,C07,temporal_adjacent,C07_F00_multi_new_start.ply,C07_F01_two_new_far_gaps_yaw.ply,7,,586,NEW,ABSENT_TO_VISIBLE,ABSENT,VISIBLE,1,,,,,1,7
pair_026,C07,temporal_adjacent,C07_F00_multi_new_start.ply,C07_F01_two_new_far_gaps_yaw.ply,8,249,773,SAME_OBJECT,VISIBILITY_STABLE,VISIBLE,VISIBLE,0,-0.08999999999999986,0.02,0.0,0.09219544457292873,1,8
pair_026,C07,temporal_adjacent,C07_F00_multi_new_start.ply,C07_F01_two_new_far_gaps_yaw.ply,9,691,670,SAME_OBJECT,VISIBILITY_STABLE,VISIBLE,VISIBLE,0,-0.02999999999999936,-0.01,0.0,0.03162277660168319,1,9
pair_027,C07,temporal_adjacent,C07_F01_two_new_far_gaps_yaw.ply,C07_F02_second_multi_new.ply,0,393,910,SAME_OBJECT,VISIBILITY_STABLE,VISIBLE,VISIBLE,0,0.030000000000000027,-0.01,0.0,0.03162277660168382,1,0
pair_027,C07,temporal_adjacent,C07_F01_two_new_far_gaps_yaw.ply,C07_F02_second_multi_new.ply,1,224,593,SAME_OBJECT,VISIBLE_TO_PARTIAL_VISIBLE,VISIBLE,PARTIAL_VISIBLE,0,0.050000000000000044,0.01,0.0,0.05099019513592789,1,1
pair_027,C07,temporal_adjacent,C07_F01_two_new_far_gaps_yaw.ply,C07_F02_second_multi_new.ply,2,136,767,SAME_OBJECT,VISIBILITY_STABLE,VISIBLE,VISIBLE,0,0.07000000000000028,-0.009999999999999995,0.0,0.07071067811865503,1,2
pair_027,C07,temporal_adjacent,C07_F01_two_new_far_gaps_yaw.ply,C07_F02_second_multi_new.ply,3,,650,NEW,ABSENT_TO_VISIBLE,ABSENT,VISIBLE,1,,,,,1,3
pair_027,C07,temporal_adjacent,C07_F01_two_new_far_gaps_yaw.ply,C07_F02_second_multi_new.ply,6,,372,NEW,ABSENT_TO_VISIBLE,ABSENT,VISIBLE,1,,,,,1,6
pair_027,C07,temporal_adjacent,C07_F01_two_new_far_gaps_yaw.ply,C07_F02_second_multi_new.ply,7,586,431,SAME_OBJECT,VISIBILITY_STABLE,VISIBLE,VISIBLE,0,-0.049999999999998934,0.009999999999999995,0.0,0.0509901951359268,1,7
pair_027,C07,temporal_adjacent,C07_F01_two_new_far_gaps_yaw.ply,C07_F02_second_multi_new.ply,8,773,929,SAME_OBJECT,VISIBILITY_STABLE,VISIBLE,VISIBLE,0,-0.040000000000000924,-0.01,0.0,0.0412310562561775,1,8
pair_027,C07,temporal_adjacent,C07_F01_two_new_far_gaps_yaw.ply,C07_F02_second_multi_new.ply,9,670,614,SAME_OBJECT,VISIBILITY_STABLE,VISIBLE,VISIBLE,0,-0.030000000000001137,0.01,0.0,0.03162277660168487,1,9
pair_028,C07,temporal_adjacent,C07_F02_second_multi_new.ply,C07_F03_multi_new_then_occlusion.ply,0,910,387,SAME_OBJECT,VISIBILITY_STABLE,VISIBLE,VISIBLE,0,0.019999999999999907,0.0,0.0,0.019999999999999907,1,0
pair_028,C07,temporal_adjacent,C07_F02_second_multi_new.ply,C07_F03_multi_new_then_occlusion.ply,1,593,946,SAME_OBJECT,PARTIAL_VISIBLE_TO_VISIBLE,PARTIAL_VISIBLE,VISIBLE,0,0.019999999999999796,0.0,0.0,0.019999999999999796,1,1
pair_028,C07,temporal_adjacent,C07_F02_second_multi_new.ply,C07_F03_multi_new_then_occlusion.ply,2,767,158,SAME_OBJECT,VISIBILITY_STABLE,VISIBLE,VISIBLE,0,0.019999999999999574,0.0,0.0,0.019999999999999574,1,2
pair_028,C07,temporal_adjacent,C07_F02_second_multi_new.ply,C07_F03_multi_new_then_occlusion.ply,3,650,350,SAME_OBJECT,VISIBILITY_STABLE,VISIBLE,VISIBLE,0,0.020000000000000462,0.0,0.0,0.020000000000000462,1,3
pair_028,C07,temporal_adjacent,C07_F02_second_multi_new.ply,C07_F03_multi_new_then_occlusion.ply,6,372,511,SAME_OBJECT,VISIBILITY_STABLE,VISIBLE,VISIBLE,0,-0.02499999999999858,0.0,0.0,0.02499999999999858,1,6
pair_028,C07,temporal_adjacent,C07_F02_second_multi_new.ply,C07_F03_multi_new_then_occlusion.ply,7,431,473,SAME_OBJECT,VISIBILITY_STABLE,VISIBLE,VISIBLE,0,-0.025000000000000355,0.0,0.0,0.025000000000000355,1,7
pair_028,C07,temporal_adjacent,C07_F02_second_multi_new.ply,C07_F03_multi_new_then_occlusion.ply,8,929,,SAME_OBJECT,VISIBLE_TO_OCCLUDED,VISIBLE,OCCLUDED,0,-0.025000000000000355,0.0,0.0,0.025000000000000355,1,8
pair_028,C07,temporal_adjacent,C07_F02_second_multi_new.ply,C07_F03_multi_new_then_occlusion.ply,9,614,258,SAME_OBJECT,VISIBILITY_STABLE,VISIBLE,VISIBLE,0,-0.025000000000000355,0.0,0.0,0.025000000000000355,1,9
pair_029,C07,temporal_adjacent,C07_F03_multi_new_then_occlusion.ply,C07_F04_multi_new_occlusion_return.ply,0,387,505,SAME_OBJECT,VISIBILITY_STABLE,VISIBLE,VISIBLE,0,-0.010000000000000009,-0.01,0.0,0.014142135623730958,1,0
pair_029,C07,temporal_adjacent,C07_F03_multi_new_then_occlusion.ply,C07_F04_multi_new_occlusion_return.ply,1,946,639,SAME_OBJECT,VISIBILITY_STABLE,VISIBLE,VISIBLE,0,-0.009999999999999787,0.01,0.0,0.0141421356237308,1,1
pair_029,C07,temporal_adjacent,C07_F03_multi_new_then_occlusion.ply,C07_F04_multi_new_occlusion_return.ply,2,158,363,SAME_OBJECT,VISIBILITY_STABLE,VISIBLE,VISIBLE,0,-0.009999999999999787,-0.010000000000000009,0.0,0.014142135623730807,1,2
pair_029,C07,temporal_adjacent,C07_F03_multi_new_then_occlusion.ply,C07_F04_multi_new_occlusion_return.ply,3,350,707,SAME_OBJECT,VISIBILITY_STABLE,VISIBLE,VISIBLE,0,-0.010000000000000675,0.010000000000000002,0.0,0.01414213562373143,1,3
pair_029,C07,temporal_adjacent,C07_F03_multi_new_then_occlusion.ply,C07_F04_multi_new_occlusion_return.ply,6,511,565,SAME_OBJECT,VISIBILITY_STABLE,VISIBLE,VISIBLE,0,0.014999999999998792,-0.010000000000000002,0.0,0.018027756377318942,1,6
pair_029,C07,temporal_adjacent,C07_F03_multi_new_then_occlusion.ply,C07_F04_multi_new_occlusion_return.ply,7,473,122,SAME_OBJECT,VISIBILITY_STABLE,VISIBLE,VISIBLE,0,0.015000000000000568,0.010000000000000009,0.0,0.018027756377320424,1,7
pair_029,C07,temporal_adjacent,C07_F03_multi_new_then_occlusion.ply,C07_F04_multi_new_occlusion_return.ply,8,,220,SAME_OBJECT,OCCLUDED_TO_PARTIAL_VISIBLE,OCCLUDED,PARTIAL_VISIBLE,0,0.015000000000000568,-0.01,0.0,0.01802775637732042,1,8
pair_029,C07,temporal_adjacent,C07_F03_multi_new_then_occlusion.ply,C07_F04_multi_new_occlusion_return.ply,9,258,537,SAME_OBJECT,VISIBILITY_STABLE,VISIBLE,VISIBLE,0,0.015000000000000568,0.01,0.0,0.01802775637732042,1,9
pair_030,C08,temporal_adjacent,C08_F00_hint_motion_start.ply,C08_F01_imperfect_hint_large_move.ply,0,188,457,SAME_OBJECT,VISIBILITY_STABLE,VISIBLE,VISIBLE,0,0.19999999999999996,0.08,0.020000000000000018,0.2163330765278393,1,0
pair_030,C08,temporal_adjacent,C08_F00_hint_motion_start.ply,C08_F01_imperfect_hint_large_move.ply,1,433,141,SAME_OBJECT,VISIBILITY_STABLE,VISIBLE,VISIBLE,0,0.28,-0.1,0.029999999999999916,0.2988310559496787,1,1
pair_030,C08,temporal_adjacent,C08_F00_hint_motion_start.ply,C08_F01_imperfect_hint_large_move.ply,2,347,182,SAME_OBJECT,VISIBILITY_STABLE,VISIBLE,VISIBLE,0,0.3599999999999999,0.12000000000000001,-0.020000000000000018,0.3799999999999999,1,2
pair_030,C08,temporal_adjacent,C08_F00_hint_motion_start.ply,C08_F01_imperfect_hint_large_move.ply,3,154,306,SAME_OBJECT,VISIBILITY_STABLE,VISIBLE,VISIBLE,0,0.4499999999999993,-0.08,0.040000000000000036,0.45880278987817774,1,3
pair_030,C08,temporal_adjacent,C08_F00_hint_motion_start.ply,C08_F01_imperfect_hint_large_move.ply,4,,412,NEW,ABSENT_TO_VISIBLE,ABSENT,VISIBLE,1,,,,,1,4
pair_031,C08,temporal_adjacent,C08_F01_imperfect_hint_large_move.ply,C08_F02_second_imperfect_hint_group_shift.ply,0,457,656,SAME_OBJECT,VISIBILITY_STABLE,VISIBLE,VISIBLE,0,0.55,-0.049999999999999996,-0.010000000000000009,0.5523585791856591,1,0
pair_031,C08,temporal_adjacent,C08_F01_imperfect_hint_large_move.ply,C08_F02_second_imperfect_hint_group_shift.ply,1,141,926,SAME_OBJECT,VISIBLE_TO_PARTIAL_VISIBLE,VISIBLE,PARTIAL_VISIBLE,0,0.5749999999999997,-0.03,0.010000000000000009,0.5758689086936364,1,1
pair_031,C08,temporal_adjacent,C08_F01_imperfect_hint_large_move.ply,C08_F02_second_imperfect_hint_group_shift.ply,2,182,782,SAME_OBJECT,VISIBILITY_STABLE,VISIBLE,VISIBLE,0,0.6000000000000001,-0.010000000000000009,-0.010000000000000009,0.6001666435249464,1,2
pair_031,C08,temporal_adjacent,C08_F01_imperfect_hint_large_move.ply,C08_F02_second_imperfect_hint_group_shift.ply,3,306,567,SAME_OBJECT,VISIBILITY_STABLE,VISIBLE,VISIBLE,0,0.625,-0.05,0.010000000000000009,0.6270765503509121,1,3
pair_031,C08,temporal_adjacent,C08_F01_imperfect_hint_large_move.ply,C08_F02_second_imperfect_hint_group_shift.ply,4,412,579,SAME_OBJECT,VISIBILITY_STABLE,VISIBLE,VISIBLE,0,0.6500000000000004,-0.030000000000000013,-0.010000000000000009,0.6507687761409582,1,4
pair_031,C08,temporal_adjacent,C08_F01_imperfect_hint_large_move.ply,C08_F02_second_imperfect_hint_group_shift.ply,5,,841,NEW,ABSENT_TO_VISIBLE,ABSENT,VISIBLE,1,,,,,1,5
pair_032,C08,temporal_adjacent,C08_F02_second_imperfect_hint_group_shift.ply,C08_F03_near_roi_group_translation.ply,0,656,719,SAME_OBJECT,VISIBILITY_STABLE,VISIBLE,VISIBLE,0,1.0499999999999998,-0.060000000000000005,-0.020000000000000018,1.0519030373565805,1,0
pair_032,C08,temporal_adjacent,C08_F02_second_imperfect_hint_group_shift.ply,C08_F03_near_roi_group_translation.ply,1,926,167,SAME_OBJECT,PARTIAL_VISIBLE_TO_VISIBLE,PARTIAL_VISIBLE,VISIBLE,0,1.0500000000000003,0.06,0.0,1.0517128885774865,1,1
pair_032,C08,temporal_adjacent,C08_F02_second_imperfect_hint_group_shift.ply,C08_F03_near_roi_group_translation.ply,2,782,981,SAME_OBJECT,VISIBILITY_STABLE,VISIBLE,VISIBLE,0,1.0499999999999998,-0.06,0.020000000000000018,1.0519030373565805,1,2
pair_032,C08,temporal_adjacent,C08_F02_second_imperfect_hint_group_shift.ply,C08_F03_near_roi_group_translation.ply,3,567,990,SAME_OBJECT,VISIBILITY_STABLE,VISIBLE,VISIBLE,0,1.0500000000000007,0.06,-0.020000000000000018,1.0519030373565814,1,3
pair_032,C08,temporal_adjacent,C08_F02_second_imperfect_hint_group_shift.ply,C08_F03_near_roi_group_translation.ply,4,579,563,SAME_OBJECT,VISIBILITY_STABLE,VISIBLE,VISIBLE,0,1.0500000000000007,-0.06,0.0,1.0517128885774871,1,4
pair_032,C08,temporal_adjacent,C08_F02_second_imperfect_hint_group_shift.ply,C08_F03_near_roi_group_translation.ply,5,841,628,SAME_OBJECT,VISIBILITY_STABLE,VISIBLE,VISIBLE,0,1.049999999999999,0.06,0.020000000000000018,1.0519030373565796,1,5
pair_033,C08,temporal_adjacent,C08_F03_near_roi_group_translation.ply,C08_F04_large_motion_rebound.ply,0,719,900,SAME_OBJECT,VISIBILITY_STABLE,VISIBLE,VISIBLE,0,-0.34999999999999964,0.030000000000000002,0.010000000000000009,0.35142566781611123,1,0
pair_033,C08,temporal_adjacent,C08_F03_near_roi_group_translation.ply,C08_F04_large_motion_rebound.ply,1,167,765,SAME_OBJECT,VISIBILITY_STABLE,VISIBLE,VISIBLE,0,-0.3500000000000001,-0.03,0.0,0.351283361405006,1,1
pair_033,C08,temporal_adjacent,C08_F03_near_roi_group_translation.ply,C08_F04_large_motion_rebound.ply,2,981,770,SAME_OBJECT,VISIBILITY_STABLE,VISIBLE,VISIBLE,0,-0.34999999999999964,0.03,-0.010000000000000009,0.35142566781611123,1,2
pair_033,C08,temporal_adjacent,C08_F03_near_roi_group_translation.ply,C08_F04_large_motion_rebound.ply,3,990,406,SAME_OBJECT,VISIBILITY_STABLE,VISIBLE,VISIBLE,0,-0.35000000000000053,-0.03,0.010000000000000009,0.3514256678161121,1,3
pair_033,C08,temporal_adjacent,C08_F03_near_roi_group_translation.ply,C08_F04_large_motion_rebound.ply,4,563,403,SAME_OBJECT,VISIBILITY_STABLE,VISIBLE,VISIBLE,0,-0.35000000000000053,0.03,0.0,0.35128336140500643,1,4
pair_033,C08,temporal_adjacent,C08_F03_near_roi_group_translation.ply,C08_F04_large_motion_rebound.ply,5,628,674,SAME_OBJECT,VISIBILITY_STABLE,VISIBLE,VISIBLE,0,-0.34999999999999964,-0.03,-0.010000000000000009,0.35142566781611123,1,5
pair_034,C09,temporal_adjacent,C09_F00_visibility_complex_start.ply,C09_F01_multi_partial_all_move.ply,0,231,635,SAME_OBJECT,VISIBILITY_STABLE,VISIBLE,VISIBLE,0,0.030000000000000027,-0.015,-0.0050000000000000044,0.03391164991562637,1,0
pair_034,C09,temporal_adjacent,C09_F00_visibility_complex_start.ply,C09_F01_multi_partial_all_move.ply,1,192,314,SAME_OBJECT,VISIBILITY_STABLE,VISIBLE,VISIBLE,0,0.05999999999999983,0.015,0.0,0.06184658438426475,1,1
pair_034,C09,temporal_adjacent,C09_F00_visibility_complex_start.ply,C09_F01_multi_partial_all_move.ply,2,470,641,SAME_OBJECT,VISIBLE_TO_PARTIAL_VISIBLE,VISIBLE,PARTIAL_VISIBLE,0,0.08999999999999986,-0.015,0.0050000000000000044,0.09137833441248519,1,2
pair_034,C09,temporal_adjacent,C09_F00_visibility_complex_start.ply,C09_F01_multi_partial_all_move.ply,3,525,527,SAME_OBJECT,VISIBILITY_STABLE,VISIBLE,VISIBLE,0,0.11999999999999922,0.015,-0.0050000000000000044,0.12103718436910127,1,3
pair_034,C09,temporal_adjacent,C09_F00_visibility_complex_start.ply,C09_F01_multi_partial_all_move.ply,4,934,426,SAME_OBJECT,VISIBLE_TO_PARTIAL_VISIBLE,VISIBLE,PARTIAL_VISIBLE,0,0.14999999999999947,-0.015,0.0,0.15074813431681283,1,4
pair_034,C09,temporal_adjacent,C09_F00_visibility_complex_start.ply,C09_F01_multi_partial_all_move.ply,5,839,262,SAME_OBJECT,VISIBILITY_STABLE,VISIBLE,VISIBLE,0,0.17999999999999972,0.015,0.0050000000000000044,0.18069310999592625,1,5
pair_035,C09,temporal_adjacent,C09_F01_multi_partial_all_move.ply,C09_F02_one_occluded_one_partial.ply,0,635,487,SAME_OBJECT,VISIBILITY_STABLE,VISIBLE,VISIBLE,0,0.14,0.009999999999999998,0.0,0.14035668847618202,1,0
pair_035,C09,temporal_adjacent,C09_F01_multi_partial_all_move.ply,C09_F02_one_occluded_one_partial.ply,1,314,851,SAME_OBJECT,VISIBILITY_STABLE,VISIBLE,VISIBLE,0,0.1200000000000001,-0.009999999999999998,0.0,0.12041594578792306,1,1
pair_035,C09,temporal_adjacent,C09_F01_multi_partial_all_move.ply,C09_F02_one_occluded_one_partial.ply,2,641,,SAME_OBJECT,PARTIAL_VISIBLE_TO_OCCLUDED,PARTIAL_VISIBLE,OCCLUDED,0,0.10000000000000009,0.009999999999999998,0.0,0.10049875621120899,1,2
pair_035,C09,temporal_adjacent,C09_F01_multi_partial_all_move.ply,C09_F02_one_occluded_one_partial.ply,3,527,619,SAME_OBJECT,VISIBILITY_STABLE,VISIBLE,VISIBLE,0,0.08000000000000007,-0.009999999999999998,0.0,0.08062257748298557,1,3
pair_035,C09,temporal_adjacent,C09_F01_multi_partial_all_move.ply,C09_F02_one_occluded_one_partial.ply,4,426,897,SAME_OBJECT,VISIBILITY_STABLE,PARTIAL_VISIBLE,PARTIAL_VISIBLE,0,0.0600000000000005,0.009999999999999998,0.0,0.060827625302982684,1,4
pair_035,C09,temporal_adjacent,C09_F01_multi_partial_all_move.ply,C09_F02_one_occluded_one_partial.ply,5,262,654,SAME_OBJECT,VISIBILITY_STABLE,VISIBLE,VISIBLE,0,0.040000000000000036,-0.009999999999999998,0.0,0.041231056256176644,1,5
pair_036,C09,temporal_adjacent,C09_F02_one_occluded_one_partial.ply,C09_F03_return_plus_new.ply,0,487,437,SAME_OBJECT,VISIBILITY_STABLE,VISIBLE,VISIBLE,0,0.029999999999999916,-0.009999999999999998,0.0,0.031622776601683715,1,0
pair_036,C09,temporal_adjacent,C09_F02_one_occluded_one_partial.ply,C09_F03_return_plus_new.ply,1,851,139,SAME_OBJECT,VISIBILITY_STABLE,VISIBLE,VISIBLE,0,0.040000000000000036,0.0,0.0,0.040000000000000036,1,1
pair_036,C09,temporal_adjacent,C09_F02_one_occluded_one_partial.ply,C09_F03_return_plus_new.ply,2,,356,SAME_OBJECT,OCCLUDED_TO_PARTIAL_VISIBLE,OCCLUDED,PARTIAL_VISIBLE,0,0.04999999999999982,0.01,0.0,0.050990195135927674,1,2
pair_036,C09,temporal_adjacent,C09_F02_one_occluded_one_partial.ply,C09_F03_return_plus_new.ply,3,619,151,SAME_OBJECT,VISIBILITY_STABLE,VISIBLE,VISIBLE,0,0.0600000000000005,-0.01,0.0,0.060827625302982684,1,3
pair_036,C09,temporal_adjacent,C09_F02_one_occluded_one_partial.ply,C09_F03_return_plus_new.ply,4,897,230,SAME_OBJECT,PARTIAL_VISIBLE_TO_VISIBLE,PARTIAL_VISIBLE,VISIBLE,0,0.0699999999999994,0.0,0.0,0.0699999999999994,1,4
pair_036,C09,temporal_adjacent,C09_F02_one_occluded_one_partial.ply,C09_F03_return_plus_new.ply,5,654,589,SAME_OBJECT,VISIBILITY_STABLE,VISIBLE,VISIBLE,0,0.08000000000000007,0.009999999999999998,0.0,0.08062257748298557,1,5
pair_036,C09,temporal_adjacent,C09_F02_one_occluded_one_partial.ply,C09_F03_return_plus_new.ply,6,,259,NEW,ABSENT_TO_VISIBLE,ABSENT,VISIBLE,1,,,,,1,6
pair_037,C09,temporal_adjacent,C09_F03_return_plus_new.ply,C09_F04_visibility_recovered.ply,0,437,106,SAME_OBJECT,VISIBILITY_STABLE,VISIBLE,VISIBLE,0,-0.019999999999999907,0.0,0.0,0.019999999999999907,1,0
pair_037,C09,temporal_adjacent,C09_F03_return_plus_new.ply,C09_F04_visibility_recovered.ply,1,139,401,SAME_OBJECT,VISIBILITY_STABLE,VISIBLE,VISIBLE,0,-0.02499999999999991,0.0,0.0,0.02499999999999991,1,1
pair_037,C09,temporal_adjacent,C09_F03_return_plus_new.ply,C09_F04_visibility_recovered.ply,2,356,207,SAME_OBJECT,PARTIAL_VISIBLE_TO_VISIBLE,PARTIAL_VISIBLE,VISIBLE,0,-0.029999999999999805,0.0,0.0,0.029999999999999805,1,2
pair_037,C09,temporal_adjacent,C09_F03_return_plus_new.ply,C09_F04_visibility_recovered.ply,3,151,583,SAME_OBJECT,VISIBILITY_STABLE,VISIBLE,VISIBLE,0,-0.03500000000000014,0.0,0.0,0.03500000000000014,1,3
pair_037,C09,temporal_adjacent,C09_F03_return_plus_new.ply,C09_F04_visibility_recovered.ply,4,230,905,SAME_OBJECT,VISIBILITY_STABLE,VISIBLE,VISIBLE,0,-0.040000000000000036,0.0,0.0,0.040000000000000036,1,4
pair_037,C09,temporal_adjacent,C09_F03_return_plus_new.ply,C09_F04_visibility_recovered.ply,5,589,217,SAME_OBJECT,VISIBILITY_STABLE,VISIBLE,VISIBLE,0,-0.04499999999999993,0.0,0.0,0.04499999999999993,1,5
pair_037,C09,temporal_adjacent,C09_F03_return_plus_new.ply,C09_F04_visibility_recovered.ply,6,259,882,SAME_OBJECT,VISIBILITY_STABLE,VISIBLE,VISIBLE,0,-0.049999999999998934,0.0,0.0,0.049999999999998934,1,6
pair_038,C10,temporal_adjacent,C10_F00_rebound_start.ply,C10_F01_push_forward_xy_yaw.ply,0,558,865,SAME_OBJECT,VISIBILITY_STABLE,VISIBLE,VISIBLE,0,0.12,-0.06,-0.010000000000000009,0.1345362404707371,1,0
pair_038,C10,temporal_adjacent,C10_F00_rebound_start.ply,C10_F01_push_forward_xy_yaw.ply,1,797,172,SAME_OBJECT,VISIBILITY_STABLE,VISIBLE,VISIBLE,0,0.1699999999999997,0.06,0.0,0.1802775637731992,1,1
pair_038,C10,temporal_adjacent,C10_F00_rebound_start.ply,C10_F01_push_forward_xy_yaw.ply,2,281,400,SAME_OBJECT,VISIBILITY_STABLE,VISIBLE,VISIBLE,0,0.21999999999999975,-0.06,0.010000000000000009,0.2282542442102663,1,2
pair_038,C10,temporal_adjacent,C10_F00_rebound_start.ply,C10_F01_push_forward_xy_yaw.ply,3,585,578,SAME_OBJECT,VISIBILITY_STABLE,VISIBLE,VISIBLE,0,0.2699999999999996,0.06,-0.010000000000000009,0.27676705006196056,1,3
pair_038,C10,temporal_adjacent,C10_F00_rebound_start.ply,C10_F01_push_forward_xy_yaw.ply,4,293,608,SAME_OBJECT,VISIBILITY_STABLE,VISIBLE,VISIBLE,0,0.3199999999999994,-0.06,0.0,0.32557641192199355,1,4
pair_039,C10,temporal_adjacent,C10_F01_push_forward_xy_yaw.ply,C10_F02_rebound_reverse.ply,0,865,582,SAME_OBJECT,VISIBILITY_STABLE,VISIBLE,VISIBLE,0,-0.09999999999999998,0.039999999999999994,0.0050000000000000044,0.1078192932642391,1,0
pair_039,C10,temporal_adjacent,C10_F01_push_forward_xy_yaw.ply,C10_F02_rebound_reverse.ply,1,172,845,SAME_OBJECT,VISIBILITY_STABLE,VISIBLE,VISIBLE,0,-0.1349999999999998,-0.039999999999999994,0.0,0.14080127840328704,1,1
pair_039,C10,temporal_adjacent,C10_F01_push_forward_xy_yaw.ply,C10_F02_rebound_reverse.ply,2,400,843,SAME_OBJECT,VISIBILITY_STABLE,VISIBLE,VISIBLE,0,-0.16999999999999993,0.039999999999999994,-0.0050000000000000044,0.1747140520965614,1,2
pair_039,C10,temporal_adjacent,C10_F01_push_forward_xy_yaw.ply,C10_F02_rebound_reverse.ply,3,578,963,SAME_OBJECT,VISIBILITY_STABLE,VISIBLE,VISIBLE,0,-0.20500000000000007,-0.039999999999999994,0.0050000000000000044,0.20892582415776184,1,3
pair_039,C10,temporal_adjacent,C10_F01_push_forward_xy_yaw.ply,C10_F02_rebound_reverse.ply,4,608,319,SAME_OBJECT,VISIBILITY_STABLE,VISIBLE,VISIBLE,0,-0.23999999999999932,0.039999999999999994,0.0,0.24331050121192813,1,4
pair_040,C10,temporal_adjacent,C10_F02_rebound_reverse.ply,C10_F03_rebound_then_far_new.ply,0,582,448,SAME_OBJECT,VISIBILITY_STABLE,VISIBLE,VISIBLE,0,0.04999999999999993,-0.02,0.0,0.05385164807134498,1,0
pair_040,C10,temporal_adjacent,C10_F02_rebound_reverse.ply,C10_F03_rebound_then_far_new.ply,1,845,609,SAME_OBJECT,VISIBILITY_STABLE,VISIBLE,VISIBLE,0,0.07000000000000006,0.0,0.0,0.07000000000000006,1,1
pair_040,C10,temporal_adjacent,C10_F02_rebound_reverse.ply,C10_F03_rebound_then_far_new.ply,2,843,543,SAME_OBJECT,VISIBILITY_STABLE,VISIBLE,VISIBLE,0,0.0900000000000003,0.02,0.0,0.09219544457292916,1,2
pair_040,C10,temporal_adjacent,C10_F02_rebound_reverse.ply,C10_F03_rebound_then_far_new.ply,3,963,880,SAME_OBJECT,VISIBLE_TO_PARTIAL_VISIBLE,VISIBLE,PARTIAL_VISIBLE,0,0.11000000000000032,-0.02,0.0,0.1118033988749898,1,3
pair_040,C10,temporal_adjacent,C10_F02_rebound_reverse.ply,C10_F03_rebound_then_far_new.ply,4,319,499,SAME_OBJECT,VISIBILITY_STABLE,VISIBLE,VISIBLE,0,0.1299999999999999,0.0,0.0,0.1299999999999999,1,4
pair_040,C10,temporal_adjacent,C10_F02_rebound_reverse.ply,C10_F03_rebound_then_far_new.ply,5,,685,NEW,ABSENT_TO_VISIBLE,ABSENT,VISIBLE,1,,,,,1,5
pair_041,C10,temporal_adjacent,C10_F03_rebound_then_far_new.ply,C10_F04_rebound_final_settle.ply,0,448,206,SAME_OBJECT,VISIBILITY_STABLE,VISIBLE,VISIBLE,0,-0.029999999999999916,-0.010000000000000002,0.0,0.031622776601683715,1,0
pair_041,C10,temporal_adjacent,C10_F03_rebound_then_far_new.ply,C10_F04_rebound_final_settle.ply,1,609,638,SAME_OBJECT,VISIBILITY_STABLE,VISIBLE,VISIBLE,0,-0.030000000000000027,0.009999999999999998,0.0,0.03162277660168382,1,1
pair_041,C10,temporal_adjacent,C10_F03_rebound_then_far_new.ply,C10_F04_rebound_final_settle.ply,2,543,255,SAME_OBJECT,VISIBILITY_STABLE,VISIBLE,VISIBLE,0,-0.03000000000000025,-0.01,0.0,0.03162277660168403,1,2
pair_041,C10,temporal_adjacent,C10_F03_rebound_then_far_new.ply,C10_F04_rebound_final_settle.ply,3,880,810,SAME_OBJECT,PARTIAL_VISIBLE_TO_VISIBLE,PARTIAL_VISIBLE,VISIBLE,0,-0.03000000000000025,0.01,0.0,0.03162277660168403,1,3
pair_041,C10,temporal_adjacent,C10_F03_rebound_then_far_new.ply,C10_F04_rebound_final_settle.ply,4,499,534,SAME_OBJECT,VISIBILITY_STABLE,VISIBLE,VISIBLE,0,-0.03000000000000025,-0.009999999999999998,0.0,0.03162277660168403,1,4
pair_041,C10,temporal_adjacent,C10_F03_rebound_then_far_new.ply,C10_F04_rebound_final_settle.ply,5,685,816,SAME_OBJECT,VISIBILITY_STABLE,VISIBLE,VISIBLE,0,-0.03000000000000025,0.010000000000000009,0.0,0.031622776601684034,1,5
pair_042,P01,baseline_variant,P01_F00_baseline.ply,P01_F01_rollObs_mild.ply,2,315,771,SAME_OBJECT,VISIBILITY_STABLE,VISIBLE,VISIBLE,0,0.0,0.0,0.0,0.0,1,2
pair_043,P01,baseline_variant,P01_F00_baseline.ply,P01_F02_rollObs_heavy.ply,2,315,435,SAME_OBJECT,VISIBILITY_STABLE,VISIBLE,VISIBLE,0,0.0,0.0,0.0,0.0,1,2
pair_044,P01,baseline_variant,P01_F00_baseline.ply,P01_F03_yaw_p3.ply,2,315,473,SAME_OBJECT,VISIBILITY_STABLE,VISIBLE,VISIBLE,0,0.0,0.0,0.0,0.0,1,2
pair_045,P01,baseline_variant,P01_F00_baseline.ply,P01_F04_yaw_n5.ply,2,315,424,SAME_OBJECT,VISIBILITY_STABLE,VISIBLE,VISIBLE,0,0.0,0.0,0.0,0.0,1,2
pair_046,P01,baseline_variant,P01_F00_baseline.ply,P01_F05_moveX_p20.ply,2,315,164,SAME_OBJECT,VISIBILITY_STABLE,VISIBLE,VISIBLE,0,0.20000000000000018,0.0,0.0,0.20000000000000018,1,2
pair_047,P01,baseline_variant,P01_F00_baseline.ply,P01_F06_moveX_p45_yaw_p4.ply,2,315,364,SAME_OBJECT,VISIBILITY_STABLE,VISIBLE,VISIBLE,0,0.4500000000000002,0.0,0.0,0.4500000000000002,1,2
pair_048,P01,baseline_variant,P01_F00_baseline.ply,P01_F07_partial_mild.ply,2,315,966,SAME_OBJECT,VISIBLE_TO_PARTIAL_VISIBLE,VISIBLE,PARTIAL_VISIBLE,0,0.0,0.0,0.0,0.0,1,2
pair_049,P01,baseline_variant,P01_F00_baseline.ply,P01_F08_partial_heavy.ply,2,315,683,SAME_OBJECT,VISIBLE_TO_PARTIAL_VISIBLE,VISIBLE,PARTIAL_VISIBLE,0,0.0,0.0,0.0,0.0,1,2
pair_050,P01,baseline_variant,P01_F00_baseline.ply,P01_F09_top_dominant.ply,2,315,667,SAME_OBJECT,VISIBILITY_STABLE,VISIBLE,VISIBLE,0,0.0,0.0,0.0,0.0,1,2
pair_051,P01,baseline_variant,P01_F00_baseline.ply,P01_F10_side_dominant.ply,2,315,756,SAME_OBJECT,VISIBILITY_STABLE,VISIBLE,VISIBLE,0,0.0,0.0,0.0,0.0,1,2
pair_052,P01,baseline_variant,P01_F00_baseline.ply,P01_F11_degraded.ply,2,315,456,SAME_OBJECT,VISIBLE_TO_PARTIAL_VISIBLE,VISIBLE,PARTIAL_VISIBLE,0,0.09999999999999964,0.0,0.0,0.09999999999999964,1,2
pair_053,P02,baseline_variant,P02_F00_edgeOcc_baseline.ply,P02_F01_edgeOcc_left_mild.ply,2,315,315,SAME_OBJECT,VISIBLE_TO_PARTIAL_VISIBLE,VISIBLE,PARTIAL_VISIBLE,0,0.0,0.0,0.0,0.0,1,2
pair_054,P02,baseline_variant,P02_F00_edgeOcc_baseline.ply,P02_F02_edgeOcc_right_mild.ply,2,315,315,SAME_OBJECT,VISIBLE_TO_PARTIAL_VISIBLE,VISIBLE,PARTIAL_VISIBLE,0,0.0,0.0,0.0,0.0,1,2
pair_055,P02,baseline_variant,P02_F00_edgeOcc_baseline.ply,P02_F03_edgeOcc_both_mild.ply,2,315,315,SAME_OBJECT,VISIBLE_TO_PARTIAL_VISIBLE,VISIBLE,PARTIAL_VISIBLE,0,0.0,0.0,0.0,0.0,1,2
pair_056,P02,baseline_variant,P02_F00_edgeOcc_baseline.ply,P02_F04_edgeOcc_both_heavy.ply,2,315,315,SAME_OBJECT,VISIBLE_TO_PARTIAL_VISIBLE,VISIBLE,PARTIAL_VISIBLE,0,0.0,0.0,0.0,0.0,1,2
pair_057,P02,baseline_variant,P02_F00_edgeOcc_baseline.ply,P02_F05_rollHeavy_noHole.ply,2,315,315,SAME_OBJECT,VISIBILITY_STABLE,VISIBLE,VISIBLE,0,0.0,0.0,0.0,0.0,1,2
pair_058,S01,temporal_adjacent,S01_F00_left_growth_3.ply,S01_F01_left_growth_4.ply,0,933,658,SAME_OBJECT,VISIBILITY_STABLE,VISIBLE,VISIBLE,0,0.06000000000000005,0.0,0.0,0.06000000000000005,1,0
pair_058,S01,temporal_adjacent,S01_F00_left_growth_3.ply,S01_F01_left_growth_4.ply,1,703,471,SAME_OBJECT,VISIBILITY_STABLE,VISIBLE,VISIBLE,0,0.10000000000000009,0.0,0.0,0.10000000000000009,1,1
pair_058,S01,temporal_adjacent,S01_F00_left_growth_3.ply,S01_F01_left_growth_4.ply,2,128,853,SAME_OBJECT,VISIBILITY_STABLE,VISIBLE,VISIBLE,0,0.12000000000000055,0.0,0.0,0.12000000000000055,1,2
pair_058,S01,temporal_adjacent,S01_F00_left_growth_3.ply,S01_F01_left_growth_4.ply,3,,953,NEW,ABSENT_TO_VISIBLE,ABSENT,VISIBLE,1,,,,,1,3
pair_059,S01,temporal_adjacent,S01_F01_left_growth_4.ply,S01_F02_left_growth_5.ply,0,658,500,SAME_OBJECT,VISIBILITY_STABLE,VISIBLE,VISIBLE,0,0.019999999999999907,0.0,0.0,0.019999999999999907,1,0
pair_059,S01,temporal_adjacent,S01_F01_left_growth_4.ply,S01_F02_left_growth_5.ply,1,471,943,SAME_OBJECT,VISIBILITY_STABLE,VISIBLE,VISIBLE,0,0.039999999999999813,0.0,0.0,0.039999999999999813,1,1
pair_059,S01,temporal_adjacent,S01_F01_left_growth_4.ply,S01_F02_left_growth_5.ply,2,853,406,SAME_OBJECT,VISIBILITY_STABLE,VISIBLE,VISIBLE,0,0.05999999999999961,0.0,0.0,0.05999999999999961,1,2
pair_059,S01,temporal_adjacent,S01_F01_left_growth_4.ply,S01_F02_left_growth_5.ply,3,953,427,SAME_OBJECT,VISIBILITY_STABLE,VISIBLE,VISIBLE,0,0.07999999999999918,0.0,0.0,0.07999999999999918,1,3
pair_059,S01,temporal_adjacent,S01_F01_left_growth_4.ply,S01_F02_left_growth_5.ply,4,,389,NEW,ABSENT_TO_VISIBLE,ABSENT,VISIBLE,1,,,,,1,4
pair_060,S01,temporal_adjacent,S01_F02_left_growth_5.ply,S01_F03_left_growth_6.ply,0,500,461,SAME_OBJECT,VISIBILITY_STABLE,VISIBLE,VISIBLE,0,0.020000000000000018,0.0,0.0,0.020000000000000018,1,0
pair_060,S01,temporal_adjacent,S01_F02_left_growth_5.ply,S01_F03_left_growth_6.ply,1,943,214,SAME_OBJECT,VISIBILITY_STABLE,VISIBLE,VISIBLE,0,0.040000000000000036,0.0,0.0,0.040000000000000036,1,1
pair_060,S01,temporal_adjacent,S01_F02_left_growth_5.ply,S01_F03_left_growth_6.ply,2,406,280,SAME_OBJECT,VISIBILITY_STABLE,VISIBLE,VISIBLE,0,0.06000000000000005,0.0,0.0,0.06000000000000005,1,2
pair_060,S01,temporal_adjacent,S01_F02_left_growth_5.ply,S01_F03_left_growth_6.ply,3,427,389,SAME_OBJECT,VISIBILITY_STABLE,VISIBLE,VISIBLE,0,0.08000000000000096,0.0,0.0,0.08000000000000096,1,3
pair_060,S01,temporal_adjacent,S01_F02_left_growth_5.ply,S01_F03_left_growth_6.ply,4,389,538,SAME_OBJECT,VISIBILITY_STABLE,VISIBLE,VISIBLE,0,0.10000000000000053,0.0,0.0,0.10000000000000053,1,4
pair_060,S01,temporal_adjacent,S01_F02_left_growth_5.ply,S01_F03_left_growth_6.ply,5,,761,NEW,ABSENT_TO_VISIBLE,ABSENT,VISIBLE,1,,,,,1,5
pair_061,S02,temporal_adjacent,S02_F00_right_growth_3.ply,S02_F01_right_growth_4.ply,6,,158,NEW,ABSENT_TO_VISIBLE,ABSENT,VISIBLE,1,,,,,1,6
pair_061,S02,temporal_adjacent,S02_F00_right_growth_3.ply,S02_F01_right_growth_4.ply,7,521,556,SAME_OBJECT,VISIBILITY_STABLE,VISIBLE,VISIBLE,0,0.0,0.0,0.0,0.0,1,7
pair_061,S02,temporal_adjacent,S02_F00_right_growth_3.ply,S02_F01_right_growth_4.ply,8,837,523,SAME_OBJECT,VISIBILITY_STABLE,VISIBLE,VISIBLE,0,0.0,0.0,0.0,0.0,1,8
pair_061,S02,temporal_adjacent,S02_F00_right_growth_3.ply,S02_F01_right_growth_4.ply,9,932,387,SAME_OBJECT,VISIBILITY_STABLE,VISIBLE,VISIBLE,0,0.0,0.0,0.0,0.0,1,9
pair_062,S02,temporal_adjacent,S02_F01_right_growth_4.ply,S02_F02_right_growth_5.ply,5,,131,NEW,ABSENT_TO_VISIBLE,ABSENT,VISIBLE,1,,,,,1,5
pair_062,S02,temporal_adjacent,S02_F01_right_growth_4.ply,S02_F02_right_growth_5.ply,6,158,694,SAME_OBJECT,VISIBILITY_STABLE,VISIBLE,VISIBLE,0,0.0,0.0,0.0,0.0,1,6
pair_062,S02,temporal_adjacent,S02_F01_right_growth_4.ply,S02_F02_right_growth_5.ply,7,556,200,SAME_OBJECT,VISIBILITY_STABLE,VISIBLE,VISIBLE,0,0.0,0.0,0.0,0.0,1,7
pair_062,S02,temporal_adjacent,S02_F01_right_growth_4.ply,S02_F02_right_growth_5.ply,8,523,526,SAME_OBJECT,VISIBILITY_STABLE,VISIBLE,VISIBLE,0,0.0,0.0,0.0,0.0,1,8
pair_062,S02,temporal_adjacent,S02_F01_right_growth_4.ply,S02_F02_right_growth_5.ply,9,387,979,SAME_OBJECT,VISIBILITY_STABLE,VISIBLE,VISIBLE,0,0.0,0.0,0.0,0.0,1,9
pair_063,S03,temporal_adjacent,S03_F00_two_sides_4.ply,S03_F01_two_sides_5.ply,0,732,397,SAME_OBJECT,VISIBILITY_STABLE,VISIBLE,VISIBLE,0,0.0,0.0,0.0,0.0,1,0
pair_063,S03,temporal_adjacent,S03_F00_two_sides_4.ply,S03_F01_two_sides_5.ply,1,309,590,SAME_OBJECT,VISIBILITY_STABLE,VISIBLE,VISIBLE,0,0.0,0.0,0.0,0.0,1,1
pair_063,S03,temporal_adjacent,S03_F00_two_sides_4.ply,S03_F01_two_sides_5.ply,2,,424,NEW,ABSENT_TO_VISIBLE,ABSENT,VISIBLE,1,,,,,1,2
pair_063,S03,temporal_adjacent,S03_F00_two_sides_4.ply,S03_F01_two_sides_5.ply,8,694,947,SAME_OBJECT,VISIBILITY_STABLE,VISIBLE,VISIBLE,0,0.0,0.0,0.0,0.0,1,8
pair_063,S03,temporal_adjacent,S03_F00_two_sides_4.ply,S03_F01_two_sides_5.ply,9,969,465,SAME_OBJECT,VISIBILITY_STABLE,VISIBLE,VISIBLE,0,0.0,0.0,0.0,0.0,1,9
pair_064,S03,temporal_adjacent,S03_F01_two_sides_5.ply,S03_F02_two_sides_6.ply,0,397,469,SAME_OBJECT,VISIBILITY_STABLE,VISIBLE,VISIBLE,0,0.0,0.0,0.0,0.0,1,0
pair_064,S03,temporal_adjacent,S03_F01_two_sides_5.ply,S03_F02_two_sides_6.ply,1,590,374,SAME_OBJECT,VISIBILITY_STABLE,VISIBLE,VISIBLE,0,0.0,0.0,0.0,0.0,1,1
pair_064,S03,temporal_adjacent,S03_F01_two_sides_5.ply,S03_F02_two_sides_6.ply,2,424,332,SAME_OBJECT,VISIBILITY_STABLE,VISIBLE,VISIBLE,0,0.0,0.0,0.0,0.0,1,2
pair_064,S03,temporal_adjacent,S03_F01_two_sides_5.ply,S03_F02_two_sides_6.ply,7,,793,NEW,ABSENT_TO_VISIBLE,ABSENT,VISIBLE,1,,,,,1,7
pair_064,S03,temporal_adjacent,S03_F01_two_sides_5.ply,S03_F02_two_sides_6.ply,8,947,438,SAME_OBJECT,VISIBILITY_STABLE,VISIBLE,VISIBLE,0,0.0,0.0,0.0,0.0,1,8
pair_064,S03,temporal_adjacent,S03_F01_two_sides_5.ply,S03_F02_two_sides_6.ply,9,465,522,SAME_OBJECT,VISIBILITY_STABLE,VISIBLE,VISIBLE,0,0.0,0.0,0.0,0.0,1,9
pair_065,S03,temporal_adjacent,S03_F02_two_sides_6.ply,S03_F03_two_sides_7.ply,0,469,442,SAME_OBJECT,VISIBILITY_STABLE,VISIBLE,VISIBLE,0,0.0,0.0,0.0,0.0,1,0
pair_065,S03,temporal_adjacent,S03_F02_two_sides_6.ply,S03_F03_two_sides_7.ply,1,374,669,SAME_OBJECT,VISIBILITY_STABLE,VISIBLE,VISIBLE,0,0.0,0.0,0.0,0.0,1,1
pair_065,S03,temporal_adjacent,S03_F02_two_sides_6.ply,S03_F03_two_sides_7.ply,2,332,285,SAME_OBJECT,VISIBILITY_STABLE,VISIBLE,VISIBLE,0,0.0,0.0,0.0,0.0,1,2
pair_065,S03,temporal_adjacent,S03_F02_two_sides_6.ply,S03_F03_two_sides_7.ply,3,,238,NEW,ABSENT_TO_VISIBLE,ABSENT,VISIBLE,1,,,,,1,3
pair_065,S03,temporal_adjacent,S03_F02_two_sides_6.ply,S03_F03_two_sides_7.ply,7,793,704,SAME_OBJECT,VISIBILITY_STABLE,VISIBLE,VISIBLE,0,0.0,0.0,0.0,0.0,1,7
pair_065,S03,temporal_adjacent,S03_F02_two_sides_6.ply,S03_F03_two_sides_7.ply,8,438,156,SAME_OBJECT,VISIBILITY_STABLE,VISIBLE,VISIBLE,0,0.0,0.0,0.0,0.0,1,8
pair_065,S03,temporal_adjacent,S03_F02_two_sides_6.ply,S03_F03_two_sides_7.ply,9,522,887,SAME_OBJECT,VISIBILITY_STABLE,VISIBLE,VISIBLE,0,0.0,0.0,0.0,0.0,1,9
pair_066,S03,temporal_adjacent,S03_F03_two_sides_7.ply,S03_F04_two_sides_8.ply,0,442,179,SAME_OBJECT,VISIBILITY_STABLE,VISIBLE,VISIBLE,0,0.0,0.0,0.0,0.0,1,0
pair_066,S03,temporal_adjacent,S03_F03_two_sides_7.ply,S03_F04_two_sides_8.ply,1,669,393,SAME_OBJECT,VISIBILITY_STABLE,VISIBLE,VISIBLE,0,0.0,0.0,0.0,0.0,1,1
pair_066,S03,temporal_adjacent,S03_F03_two_sides_7.ply,S03_F04_two_sides_8.ply,2,285,450,SAME_OBJECT,VISIBILITY_STABLE,VISIBLE,VISIBLE,0,0.0,0.0,0.0,0.0,1,2
pair_066,S03,temporal_adjacent,S03_F03_two_sides_7.ply,S03_F04_two_sides_8.ply,3,238,543,SAME_OBJECT,VISIBILITY_STABLE,VISIBLE,VISIBLE,0,0.0,0.0,0.0,0.0,1,3
pair_066,S03,temporal_adjacent,S03_F03_two_sides_7.ply,S03_F04_two_sides_8.ply,6,,653,NEW,ABSENT_TO_VISIBLE,ABSENT,VISIBLE,1,,,,,1,6
pair_066,S03,temporal_adjacent,S03_F03_two_sides_7.ply,S03_F04_two_sides_8.ply,7,704,835,SAME_OBJECT,VISIBILITY_STABLE,VISIBLE,VISIBLE,0,0.0,0.0,0.0,0.0,1,7
pair_066,S03,temporal_adjacent,S03_F03_two_sides_7.ply,S03_F04_two_sides_8.ply,8,156,233,SAME_OBJECT,VISIBILITY_STABLE,VISIBLE,VISIBLE,0,0.0,0.0,0.0,0.0,1,8
pair_066,S03,temporal_adjacent,S03_F03_two_sides_7.ply,S03_F04_two_sides_8.ply,9,887,260,SAME_OBJECT,VISIBILITY_STABLE,VISIBLE,VISIBLE,0,0.0,0.0,0.0,0.0,1,9
pair_067,S04,baseline_variant,S04_F00_internal_gap_02cm.ply,S04_F01_internal_gap_10cm.ply,0,446,239,SAME_OBJECT,VISIBILITY_STABLE,VISIBLE,VISIBLE,0,0.0,0.0,0.0,0.0,1,0
pair_067,S04,baseline_variant,S04_F00_internal_gap_02cm.ply,S04_F01_internal_gap_10cm.ply,1,877,912,SAME_OBJECT,VISIBILITY_STABLE,VISIBLE,VISIBLE,0,0.0,0.0,0.0,0.0,1,1
pair_067,S04,baseline_variant,S04_F00_internal_gap_02cm.ply,S04_F01_internal_gap_10cm.ply,2,723,741,SAME_OBJECT,VISIBILITY_STABLE,VISIBLE,VISIBLE,0,0.0,0.0,0.0,0.0,1,2
pair_067,S04,baseline_variant,S04_F00_internal_gap_02cm.ply,S04_F01_internal_gap_10cm.ply,3,971,788,SAME_OBJECT,VISIBILITY_STABLE,VISIBLE,VISIBLE,0,0.07499999999999929,0.0,0.0,0.07499999999999929,1,3
pair_067,S04,baseline_variant,S04_F00_internal_gap_02cm.ply,S04_F01_internal_gap_10cm.ply,4,439,589,SAME_OBJECT,VISIBILITY_STABLE,VISIBLE,VISIBLE,0,0.07499999999999929,0.0,0.0,0.07499999999999929,1,4
pair_068,S04,baseline_variant,S04_F00_internal_gap_02cm.ply,S04_F02_internal_gap_28cm.ply,0,446,210,SAME_OBJECT,VISIBILITY_STABLE,VISIBLE,VISIBLE,0,0.0,0.0,0.0,0.0,1,0
pair_068,S04,baseline_variant,S04_F00_internal_gap_02cm.ply,S04_F02_internal_gap_28cm.ply,1,877,725,SAME_OBJECT,VISIBILITY_STABLE,VISIBLE,VISIBLE,0,0.0,0.0,0.0,0.0,1,1
pair_068,S04,baseline_variant,S04_F00_internal_gap_02cm.ply,S04_F02_internal_gap_28cm.ply,2,723,145,SAME_OBJECT,VISIBILITY_STABLE,VISIBLE,VISIBLE,0,0.0,0.0,0.0,0.0,1,2
pair_068,S04,baseline_variant,S04_F00_internal_gap_02cm.ply,S04_F02_internal_gap_28cm.ply,3,971,733,SAME_OBJECT,VISIBILITY_STABLE,VISIBLE,VISIBLE,0,0.2549999999999999,0.0,0.0,0.2549999999999999,1,3
pair_068,S04,baseline_variant,S04_F00_internal_gap_02cm.ply,S04_F02_internal_gap_28cm.ply,4,439,622,SAME_OBJECT,VISIBILITY_STABLE,VISIBLE,VISIBLE,0,0.2549999999999999,0.0,0.0,0.2549999999999999,1,4
pair_069,S04,baseline_variant,S04_F00_internal_gap_02cm.ply,S04_F03_internal_gap_45cm.ply,0,446,319,SAME_OBJECT,VISIBILITY_STABLE,VISIBLE,VISIBLE,0,0.0,0.0,0.0,0.0,1,0
pair_069,S04,baseline_variant,S04_F00_internal_gap_02cm.ply,S04_F03_internal_gap_45cm.ply,1,877,800,SAME_OBJECT,VISIBILITY_STABLE,VISIBLE,VISIBLE,0,0.0,0.0,0.0,0.0,1,1
pair_069,S04,baseline_variant,S04_F00_internal_gap_02cm.ply,S04_F03_internal_gap_45cm.ply,2,723,864,SAME_OBJECT,VISIBILITY_STABLE,VISIBLE,VISIBLE,0,0.0,0.0,0.0,0.0,1,2
pair_069,S04,baseline_variant,S04_F00_internal_gap_02cm.ply,S04_F03_internal_gap_45cm.ply,3,971,662,SAME_OBJECT,VISIBILITY_STABLE,VISIBLE,VISIBLE,0,0.4249999999999998,0.0,0.0,0.4249999999999998,1,3
pair_069,S04,baseline_variant,S04_F00_internal_gap_02cm.ply,S04_F03_internal_gap_45cm.ply,4,439,798,SAME_OBJECT,VISIBILITY_STABLE,VISIBLE,VISIBLE,0,0.4249999999999998,0.0,0.0,0.4249999999999998,1,4
pair_070,S05,temporal_adjacent,S05_F00_yaw_motion_0.ply,S05_F01_yaw_motion_1.ply,0,827,712,SAME_OBJECT,VISIBILITY_STABLE,VISIBLE,VISIBLE,0,0.015000000000000013,0.015,0.0,0.021213203435596437,1,0
pair_070,S05,temporal_adjacent,S05_F00_yaw_motion_0.ply,S05_F01_yaw_motion_1.ply,1,400,125,SAME_OBJECT,VISIBILITY_STABLE,VISIBLE,VISIBLE,0,0.014999999999999902,-0.01,0.0,0.018027756377319865,1,1
pair_070,S05,temporal_adjacent,S05_F00_yaw_motion_0.ply,S05_F01_yaw_motion_1.ply,2,104,706,SAME_OBJECT,VISIBILITY_STABLE,VISIBLE,VISIBLE,0,0.015000000000000124,0.015,0.0,0.021213203435596514,1,2
pair_070,S05,temporal_adjacent,S05_F00_yaw_motion_0.ply,S05_F01_yaw_motion_1.ply,3,468,143,SAME_OBJECT,VISIBILITY_STABLE,VISIBLE,VISIBLE,0,0.040000000000000036,-0.01,0.0,0.041231056256176644,1,3
pair_070,S05,temporal_adjacent,S05_F00_yaw_motion_0.ply,S05_F01_yaw_motion_1.ply,4,530,372,SAME_OBJECT,VISIBILITY_STABLE,VISIBLE,VISIBLE,0,0.040000000000000036,0.015,0.0,0.04272001872658769,1,4
pair_070,S05,temporal_adjacent,S05_F00_yaw_motion_0.ply,S05_F01_yaw_motion_1.ply,5,903,545,SAME_OBJECT,VISIBILITY_STABLE,VISIBLE,VISIBLE,0,0.040000000000000036,-0.01,0.0,0.041231056256176644,1,5
pair_071,S05,temporal_adjacent,S05_F01_yaw_motion_1.ply,S05_F02_yaw_motion_2.ply,0,712,510,SAME_OBJECT,VISIBILITY_STABLE,VISIBLE,VISIBLE,0,0.015000000000000013,0.015,0.0,0.021213203435596437,1,0
pair_071,S05,temporal_adjacent,S05_F01_yaw_motion_1.ply,S05_F02_yaw_motion_2.ply,1,125,450,SAME_OBJECT,VISIBILITY_STABLE,VISIBLE,VISIBLE,0,0.015000000000000124,-0.01,0.0,0.01802775637732005,1,1
pair_071,S05,temporal_adjacent,S05_F01_yaw_motion_1.ply,S05_F02_yaw_motion_2.ply,2,706,720,SAME_OBJECT,VISIBILITY_STABLE,VISIBLE,VISIBLE,0,0.01499999999999968,0.015,0.0,0.021213203435596198,1,2
pair_071,S05,temporal_adjacent,S05_F01_yaw_motion_1.ply,S05_F02_yaw_motion_2.ply,3,143,110,SAME_OBJECT,VISIBILITY_STABLE,VISIBLE,VISIBLE,0,0.040000000000000036,-0.01,0.0,0.041231056256176644,1,3
pair_071,S05,temporal_adjacent,S05_F01_yaw_motion_1.ply,S05_F02_yaw_motion_2.ply,4,372,337,SAME_OBJECT,VISIBILITY_STABLE,VISIBLE,VISIBLE,0,0.040000000000000036,0.015,0.0,0.04272001872658769,1,4
pair_071,S05,temporal_adjacent,S05_F01_yaw_motion_1.ply,S05_F02_yaw_motion_2.ply,5,545,801,SAME_OBJECT,VISIBILITY_STABLE,VISIBLE,VISIBLE,0,0.040000000000000036,-0.01,0.0,0.041231056256176644,1,5
pair_072,S05,temporal_adjacent,S05_F02_yaw_motion_2.ply,S05_F03_yaw_motion_3.ply,0,510,526,SAME_OBJECT,VISIBILITY_STABLE,VISIBLE,VISIBLE,0,0.015000000000000013,0.015,0.0,0.021213203435596437,1,0
pair_072,S05,temporal_adjacent,S05_F02_yaw_motion_2.ply,S05_F03_yaw_motion_3.ply,1,450,883,SAME_OBJECT,VISIBILITY_STABLE,VISIBLE,VISIBLE,0,0.014999999999999902,-0.009999999999999998,0.0,0.018027756377319865,1,1
pair_072,S05,temporal_adjacent,S05_F02_yaw_motion_2.ply,S05_F03_yaw_motion_3.ply,2,720,245,SAME_OBJECT,VISIBILITY_STABLE,VISIBLE,VISIBLE,0,0.015000000000000124,0.015,0.0,0.021213203435596514,1,2
pair_072,S05,temporal_adjacent,S05_F02_yaw_motion_2.ply,S05_F03_yaw_motion_3.ply,3,110,693,SAME_OBJECT,VISIBILITY_STABLE,VISIBLE,VISIBLE,0,0.040000000000000036,-0.009999999999999998,0.0,0.041231056256176644,1,3
pair_072,S05,temporal_adjacent,S05_F02_yaw_motion_2.ply,S05_F03_yaw_motion_3.ply,4,337,132,SAME_OBJECT,VISIBILITY_STABLE,VISIBLE,VISIBLE,0,0.040000000000000036,0.015,0.0,0.04272001872658769,1,4
pair_072,S05,temporal_adjacent,S05_F02_yaw_motion_2.ply,S05_F03_yaw_motion_3.ply,5,801,253,SAME_OBJECT,VISIBILITY_STABLE,VISIBLE,VISIBLE,0,0.040000000000000036,-0.009999999999999998,0.0,0.041231056256176644,1,5
pair_073,S06,temporal_adjacent,S06_F00_all_visible.ply,S06_F01_id2_partial.ply,0,196,238,SAME_OBJECT,VISIBILITY_STABLE,VISIBLE,VISIBLE,0,0.0,0.0,0.0,0.0,1,0
pair_073,S06,temporal_adjacent,S06_F00_all_visible.ply,S06_F01_id2_partial.ply,1,575,632,SAME_OBJECT,VISIBILITY_STABLE,VISIBLE,VISIBLE,0,0.0,0.0,0.0,0.0,1,1
pair_073,S06,temporal_adjacent,S06_F00_all_visible.ply,S06_F01_id2_partial.ply,2,448,826,SAME_OBJECT,VISIBLE_TO_PARTIAL_VISIBLE,VISIBLE,PARTIAL_VISIBLE,0,0.0,0.0,0.0,0.0,1,2
pair_073,S06,temporal_adjacent,S06_F00_all_visible.ply,S06_F01_id2_partial.ply,3,648,664,SAME_OBJECT,VISIBILITY_STABLE,VISIBLE,VISIBLE,0,0.0,0.0,0.0,0.0,1,3
pair_073,S06,temporal_adjacent,S06_F00_all_visible.ply,S06_F01_id2_partial.ply,4,357,616,SAME_OBJECT,VISIBILITY_STABLE,VISIBLE,VISIBLE,0,0.0,0.0,0.0,0.0,1,4
pair_073,S06,temporal_adjacent,S06_F00_all_visible.ply,S06_F01_id2_partial.ply,5,857,320,SAME_OBJECT,VISIBILITY_STABLE,VISIBLE,VISIBLE,0,0.0,0.0,0.0,0.0,1,5
pair_074,S06,temporal_adjacent,S06_F01_id2_partial.ply,S06_F02_id2_occluded.ply,0,238,910,SAME_OBJECT,VISIBILITY_STABLE,VISIBLE,VISIBLE,0,0.0,0.0,0.0,0.0,1,0
pair_074,S06,temporal_adjacent,S06_F01_id2_partial.ply,S06_F02_id2_occluded.ply,1,632,823,SAME_OBJECT,VISIBILITY_STABLE,VISIBLE,VISIBLE,0,0.0,0.0,0.0,0.0,1,1
pair_074,S06,temporal_adjacent,S06_F01_id2_partial.ply,S06_F02_id2_occluded.ply,2,826,,SAME_OBJECT,PARTIAL_VISIBLE_TO_OCCLUDED,PARTIAL_VISIBLE,OCCLUDED,0,0.0,0.0,0.0,0.0,1,2
pair_074,S06,temporal_adjacent,S06_F01_id2_partial.ply,S06_F02_id2_occluded.ply,3,664,573,SAME_OBJECT,VISIBILITY_STABLE,VISIBLE,VISIBLE,0,0.0,0.0,0.0,0.0,1,3
pair_074,S06,temporal_adjacent,S06_F01_id2_partial.ply,S06_F02_id2_occluded.ply,4,616,914,SAME_OBJECT,VISIBILITY_STABLE,VISIBLE,VISIBLE,0,0.0,0.0,0.0,0.0,1,4
pair_074,S06,temporal_adjacent,S06_F01_id2_partial.ply,S06_F02_id2_occluded.ply,5,320,343,SAME_OBJECT,VISIBILITY_STABLE,VISIBLE,VISIBLE,0,0.0,0.0,0.0,0.0,1,5
pair_075,S06,temporal_adjacent,S06_F02_id2_occluded.ply,S06_F03_id2_return_partial.ply,0,910,743,SAME_OBJECT,VISIBILITY_STABLE,VISIBLE,VISIBLE,0,0.0,0.0,0.0,0.0,1,0
pair_075,S06,temporal_adjacent,S06_F02_id2_occluded.ply,S06_F03_id2_return_partial.ply,1,823,281,SAME_OBJECT,VISIBILITY_STABLE,VISIBLE,VISIBLE,0,0.0,0.0,0.0,0.0,1,1
pair_075,S06,temporal_adjacent,S06_F02_id2_occluded.ply,S06_F03_id2_return_partial.ply,2,,877,SAME_OBJECT,OCCLUDED_TO_PARTIAL_VISIBLE,OCCLUDED,PARTIAL_VISIBLE,0,0.0,0.0,0.0,0.0,1,2
pair_075,S06,temporal_adjacent,S06_F02_id2_occluded.ply,S06_F03_id2_return_partial.ply,3,573,321,SAME_OBJECT,VISIBILITY_STABLE,VISIBLE,VISIBLE,0,0.0,0.0,0.0,0.0,1,3
pair_075,S06,temporal_adjacent,S06_F02_id2_occluded.ply,S06_F03_id2_return_partial.ply,4,914,164,SAME_OBJECT,VISIBILITY_STABLE,VISIBLE,VISIBLE,0,0.0,0.0,0.0,0.0,1,4
pair_075,S06,temporal_adjacent,S06_F02_id2_occluded.ply,S06_F03_id2_return_partial.ply,5,343,313,SAME_OBJECT,VISIBILITY_STABLE,VISIBLE,VISIBLE,0,0.0,0.0,0.0,0.0,1,5
pair_076,S06,temporal_adjacent,S06_F03_id2_return_partial.ply,S06_F04_recovered.ply,0,743,846,SAME_OBJECT,VISIBILITY_STABLE,VISIBLE,VISIBLE,0,0.0,0.0,0.0,0.0,1,0
pair_076,S06,temporal_adjacent,S06_F03_id2_return_partial.ply,S06_F04_recovered.ply,1,281,207,SAME_OBJECT,VISIBILITY_STABLE,VISIBLE,VISIBLE,0,0.0,0.0,0.0,0.0,1,1
pair_076,S06,temporal_adjacent,S06_F03_id2_return_partial.ply,S06_F04_recovered.ply,2,877,763,SAME_OBJECT,PARTIAL_VISIBLE_TO_VISIBLE,PARTIAL_VISIBLE,VISIBLE,0,0.0,0.0,0.0,0.0,1,2
pair_076,S06,temporal_adjacent,S06_F03_id2_return_partial.ply,S06_F04_recovered.ply,3,321,802,SAME_OBJECT,VISIBILITY_STABLE,VISIBLE,VISIBLE,0,0.0,0.0,0.0,0.0,1,3
pair_076,S06,temporal_adjacent,S06_F03_id2_return_partial.ply,S06_F04_recovered.ply,4,164,309,SAME_OBJECT,VISIBILITY_STABLE,VISIBLE,VISIBLE,0,0.0,0.0,0.0,0.0,1,4
pair_076,S06,temporal_adjacent,S06_F03_id2_return_partial.ply,S06_F04_recovered.ply,5,313,928,SAME_OBJECT,VISIBILITY_STABLE,VISIBLE,VISIBLE,0,0.0,0.0,0.0,0.0,1,5
pair_077,S07,temporal_adjacent,S07_F00_baseline.ply,S07_F01_new_plus_occluded.ply,0,655,503,SAME_OBJECT,VISIBILITY_STABLE,VISIBLE,VISIBLE,0,0.0,0.0,0.0,0.0,1,0
pair_077,S07,temporal_adjacent,S07_F00_baseline.ply,S07_F01_new_plus_occluded.ply,1,283,846,SAME_OBJECT,VISIBILITY_STABLE,VISIBLE,VISIBLE,0,0.0,0.0,0.0,0.0,1,1
pair_077,S07,temporal_adjacent,S07_F00_baseline.ply,S07_F01_new_plus_occluded.ply,2,,111,NEW,ABSENT_TO_VISIBLE,ABSENT,VISIBLE,1,,,,,1,2
pair_077,S07,temporal_adjacent,S07_F00_baseline.ply,S07_F01_new_plus_occluded.ply,7,354,852,SAME_OBJECT,VISIBILITY_STABLE,VISIBLE,VISIBLE,0,0.0,0.0,0.0,0.0,1,7
pair_077,S07,temporal_adjacent,S07_F00_baseline.ply,S07_F01_new_plus_occluded.ply,8,398,,SAME_OBJECT,VISIBLE_TO_OCCLUDED,VISIBLE,OCCLUDED,0,0.0,0.0,0.0,0.0,1,8
pair_077,S07,temporal_adjacent,S07_F00_baseline.ply,S07_F01_new_plus_occluded.ply,9,845,989,SAME_OBJECT,VISIBILITY_STABLE,VISIBLE,VISIBLE,0,0.0,0.0,0.0,0.0,1,9
pair_078,S08,temporal_adjacent,S08_F00_two_layer_base.ply,S08_F01_add_layer2.ply,0,406,694,SAME_OBJECT,VISIBILITY_STABLE,VISIBLE,VISIBLE,0,0.0,0.0,0.0,0.0,1,0
pair_078,S08,temporal_adjacent,S08_F00_two_layer_base.ply,S08_F01_add_layer2.ply,1,897,238,SAME_OBJECT,VISIBILITY_STABLE,VISIBLE,VISIBLE,0,0.0,0.0,0.0,0.0,1,1
pair_078,S08,temporal_adjacent,S08_F00_two_layer_base.ply,S08_F01_add_layer2.ply,2,850,841,SAME_OBJECT,VISIBILITY_STABLE,VISIBLE,VISIBLE,0,0.0,0.0,0.0,0.0,1,2
pair_078,S08,temporal_adjacent,S08_F00_two_layer_base.ply,S08_F01_add_layer2.ply,3,518,273,SAME_OBJECT,VISIBLE_TO_PARTIAL_VISIBLE,VISIBLE,PARTIAL_VISIBLE,0,0.0,0.0,0.0,0.0,1,3
pair_078,S08,temporal_adjacent,S08_F00_two_layer_base.ply,S08_F01_add_layer2.ply,4,443,345,SAME_OBJECT,VISIBLE_TO_PARTIAL_VISIBLE,VISIBLE,PARTIAL_VISIBLE,0,0.0,0.0,0.0,0.0,1,4
pair_078,S08,temporal_adjacent,S08_F00_two_layer_base.ply,S08_F01_add_layer2.ply,5,810,178,SAME_OBJECT,VISIBILITY_STABLE,VISIBLE,VISIBLE,0,0.0,0.0,0.0,0.0,1,5
pair_078,S08,temporal_adjacent,S08_F00_two_layer_base.ply,S08_F01_add_layer2.ply,6,353,154,SAME_OBJECT,VISIBILITY_STABLE,VISIBLE,VISIBLE,0,0.0,0.0,0.0,0.0,1,6
pair_078,S08,temporal_adjacent,S08_F00_two_layer_base.ply,S08_F01_add_layer2.ply,10,593,158,SAME_OBJECT,VISIBILITY_STABLE,VISIBLE,VISIBLE,0,0.0,0.0,0.0,0.0,2,0
pair_078,S08,temporal_adjacent,S08_F00_two_layer_base.ply,S08_F01_add_layer2.ply,11,402,339,SAME_OBJECT,VISIBILITY_STABLE,VISIBLE,VISIBLE,0,0.0,0.0,0.0,0.0,2,1
pair_078,S08,temporal_adjacent,S08_F00_two_layer_base.ply,S08_F01_add_layer2.ply,12,,578,NEW,ABSENT_TO_VISIBLE,ABSENT,VISIBLE,1,,,,,2,2
pair_079,S08,temporal_adjacent,S08_F01_add_layer2.ply,S08_F02_two_layer_rollobs.ply,0,694,488,SAME_OBJECT,VISIBILITY_STABLE,VISIBLE,VISIBLE,0,0.0,0.0,0.0,0.0,1,0
pair_079,S08,temporal_adjacent,S08_F01_add_layer2.ply,S08_F02_two_layer_rollobs.ply,1,238,774,SAME_OBJECT,VISIBILITY_STABLE,VISIBLE,VISIBLE,0,0.0,0.0,0.0,0.0,1,1
pair_079,S08,temporal_adjacent,S08_F01_add_layer2.ply,S08_F02_two_layer_rollobs.ply,2,841,897,SAME_OBJECT,VISIBILITY_STABLE,VISIBLE,VISIBLE,0,0.0,0.0,0.0,0.0,1,2
pair_079,S08,temporal_adjacent,S08_F01_add_layer2.ply,S08_F02_two_layer_rollobs.ply,3,273,725,SAME_OBJECT,VISIBILITY_STABLE,PARTIAL_VISIBLE,PARTIAL_VISIBLE,0,0.0,0.0,0.0,0.0,1,3
pair_079,S08,temporal_adjacent,S08_F01_add_layer2.ply,S08_F02_two_layer_rollobs.ply,4,345,335,SAME_OBJECT,VISIBILITY_STABLE,PARTIAL_VISIBLE,PARTIAL_VISIBLE,0,0.0,0.0,0.0,0.0,1,4
pair_079,S08,temporal_adjacent,S08_F01_add_layer2.ply,S08_F02_two_layer_rollobs.ply,5,178,136,SAME_OBJECT,VISIBILITY_STABLE,VISIBLE,VISIBLE,0,0.0,0.0,0.0,0.0,1,5
pair_079,S08,temporal_adjacent,S08_F01_add_layer2.ply,S08_F02_two_layer_rollobs.ply,6,154,414,SAME_OBJECT,VISIBILITY_STABLE,VISIBLE,VISIBLE,0,0.0,0.0,0.0,0.0,1,6
pair_079,S08,temporal_adjacent,S08_F01_add_layer2.ply,S08_F02_two_layer_rollobs.ply,10,158,429,SAME_OBJECT,VISIBILITY_STABLE,VISIBLE,VISIBLE,0,0.0,0.0,0.0,0.0,2,0
pair_079,S08,temporal_adjacent,S08_F01_add_layer2.ply,S08_F02_two_layer_rollobs.ply,11,339,660,SAME_OBJECT,VISIBILITY_STABLE,VISIBLE,VISIBLE,0,0.0,0.0,0.0,0.0,2,1
pair_079,S08,temporal_adjacent,S08_F01_add_layer2.ply,S08_F02_two_layer_rollobs.ply,12,578,883,SAME_OBJECT,VISIBILITY_STABLE,VISIBLE,VISIBLE,0,0.0,0.0,0.0,0.0,2,2
pair_080,S09,temporal_adjacent,S09_F00_before_two_new.ply,S09_F01_two_new_simultaneous.ply,0,466,691,SAME_OBJECT,VISIBILITY_STABLE,VISIBLE,VISIBLE,0,0.0,0.0,0.0,0.0,1,0
pair_080,S09,temporal_adjacent,S09_F00_before_two_new.ply,S09_F01_two_new_simultaneous.ply,1,656,189,SAME_OBJECT,VISIBILITY_STABLE,VISIBLE,VISIBLE,0,0.0,0.0,0.0,0.0,1,1
pair_080,S09,temporal_adjacent,S09_F00_before_two_new.ply,S09_F01_two_new_simultaneous.ply,2,,143,NEW,ABSENT_TO_VISIBLE,ABSENT,VISIBLE,1,,,,,1,2
pair_080,S09,temporal_adjacent,S09_F00_before_two_new.ply,S09_F01_two_new_simultaneous.ply,7,,536,NEW,ABSENT_TO_VISIBLE,ABSENT,VISIBLE,1,,,,,1,7
pair_080,S09,temporal_adjacent,S09_F00_before_two_new.ply,S09_F01_two_new_simultaneous.ply,8,768,226,SAME_OBJECT,VISIBILITY_STABLE,VISIBLE,VISIBLE,0,0.0,0.0,0.0,0.0,1,8
pair_080,S09,temporal_adjacent,S09_F00_before_two_new.ply,S09_F01_two_new_simultaneous.ply,9,884,916,SAME_OBJECT,VISIBILITY_STABLE,VISIBLE,VISIBLE,0,0.0,0.0,0.0,0.0,1,9
pair_081,S10,temporal_adjacent,S10_F00_same_geometry_stress_0.ply,S10_F01_same_geometry_stress_1.ply,0,494,668,SAME_OBJECT,VISIBILITY_STABLE,VISIBLE,VISIBLE,0,0.02400000000000002,0.0,0.0,0.02400000000000002,1,0
pair_081,S10,temporal_adjacent,S10_F00_same_geometry_stress_0.ply,S10_F01_same_geometry_stress_1.ply,1,435,328,SAME_OBJECT,VISIBILITY_STABLE,VISIBLE,VISIBLE,0,0.02400000000000002,0.0,0.0,0.02400000000000002,1,1
pair_081,S10,temporal_adjacent,S10_F00_same_geometry_stress_0.ply,S10_F01_same_geometry_stress_1.ply,2,929,788,SAME_OBJECT,VISIBILITY_STABLE,VISIBLE,VISIBLE,0,0.06000000000000005,0.0,0.0,0.06000000000000005,1,2
pair_081,S10,temporal_adjacent,S10_F00_same_geometry_stress_0.ply,S10_F01_same_geometry_stress_1.ply,3,684,759,SAME_OBJECT,VISIBILITY_STABLE,VISIBLE,VISIBLE,0,0.05999999999999961,0.0,0.0,0.05999999999999961,1,3
pair_081,S10,temporal_adjacent,S10_F00_same_geometry_stress_0.ply,S10_F01_same_geometry_stress_1.ply,4,964,782,SAME_OBJECT,VISIBILITY_STABLE,VISIBLE,VISIBLE,0,0.05999999999999961,0.0,0.0,0.05999999999999961,1,4
pair_081,S10,temporal_adjacent,S10_F00_same_geometry_stress_0.ply,S10_F01_same_geometry_stress_1.ply,5,246,874,SAME_OBJECT,VISIBILITY_STABLE,VISIBLE,VISIBLE,0,0.05999999999999961,0.0,0.0,0.05999999999999961,1,5
pair_082,S10,temporal_adjacent,S10_F01_same_geometry_stress_1.ply,S10_F02_same_geometry_stress_2.ply,0,668,228,SAME_OBJECT,VISIBILITY_STABLE,VISIBLE,VISIBLE,0,0.02400000000000002,0.0,0.0,0.02400000000000002,1,0
pair_082,S10,temporal_adjacent,S10_F01_same_geometry_stress_1.ply,S10_F02_same_geometry_stress_2.ply,1,328,254,SAME_OBJECT,VISIBILITY_STABLE,VISIBLE,VISIBLE,0,0.02400000000000002,0.0,0.0,0.02400000000000002,1,1
pair_082,S10,temporal_adjacent,S10_F01_same_geometry_stress_1.ply,S10_F02_same_geometry_stress_2.ply,2,788,891,SAME_OBJECT,VISIBILITY_STABLE,VISIBLE,VISIBLE,0,0.06000000000000005,0.0,0.0,0.06000000000000005,1,2
pair_082,S10,temporal_adjacent,S10_F01_same_geometry_stress_1.ply,S10_F02_same_geometry_stress_2.ply,3,759,858,SAME_OBJECT,VISIBLE_TO_PARTIAL_VISIBLE,VISIBLE,PARTIAL_VISIBLE,0,0.0600000000000005,0.0,0.0,0.0600000000000005,1,3
pair_082,S10,temporal_adjacent,S10_F01_same_geometry_stress_1.ply,S10_F02_same_geometry_stress_2.ply,4,782,320,SAME_OBJECT,VISIBILITY_STABLE,VISIBLE,VISIBLE,0,0.0600000000000005,0.0,0.0,0.0600000000000005,1,4
pair_082,S10,temporal_adjacent,S10_F01_same_geometry_stress_1.ply,S10_F02_same_geometry_stress_2.ply,5,874,281,SAME_OBJECT,VISIBILITY_STABLE,VISIBLE,VISIBLE,0,0.0600000000000005,0.0,0.0,0.0600000000000005,1,5
pair_083,S11,temporal_adjacent,S11_F00_L1_full_10.ply,S11_F01_L1_full_then_L2_new.ply,0,713,575,SAME_OBJECT,VISIBILITY_STABLE,VISIBLE,VISIBLE,0,0.0,0.0,0.0,0.0,1,0
pair_083,S11,temporal_adjacent,S11_F00_L1_full_10.ply,S11_F01_L1_full_then_L2_new.ply,1,459,380,SAME_OBJECT,VISIBILITY_STABLE,VISIBLE,VISIBLE,0,0.0,0.0,0.0,0.0,1,1
pair_083,S11,temporal_adjacent,S11_F00_L1_full_10.ply,S11_F01_L1_full_then_L2_new.ply,2,254,652,SAME_OBJECT,VISIBILITY_STABLE,VISIBLE,VISIBLE,0,0.0,0.0,0.0,0.0,1,2
pair_083,S11,temporal_adjacent,S11_F00_L1_full_10.ply,S11_F01_L1_full_then_L2_new.ply,3,261,830,SAME_OBJECT,VISIBILITY_STABLE,VISIBLE,VISIBLE,0,0.0,0.0,0.0,0.0,1,3
pair_083,S11,temporal_adjacent,S11_F00_L1_full_10.ply,S11_F01_L1_full_then_L2_new.ply,4,819,692,SAME_OBJECT,VISIBILITY_STABLE,VISIBLE,VISIBLE,0,0.0,0.0,0.0,0.0,1,4
pair_083,S11,temporal_adjacent,S11_F00_L1_full_10.ply,S11_F01_L1_full_then_L2_new.ply,5,813,774,SAME_OBJECT,VISIBILITY_STABLE,VISIBLE,VISIBLE,0,0.0,0.0,0.0,0.0,1,5
pair_083,S11,temporal_adjacent,S11_F00_L1_full_10.ply,S11_F01_L1_full_then_L2_new.ply,6,304,679,SAME_OBJECT,VISIBILITY_STABLE,VISIBLE,VISIBLE,0,0.0,0.0,0.0,0.0,1,6
pair_083,S11,temporal_adjacent,S11_F00_L1_full_10.ply,S11_F01_L1_full_then_L2_new.ply,7,415,694,SAME_OBJECT,VISIBILITY_STABLE,VISIBLE,VISIBLE,0,0.0,0.0,0.0,0.0,1,7
pair_083,S11,temporal_adjacent,S11_F00_L1_full_10.ply,S11_F01_L1_full_then_L2_new.ply,8,886,747,SAME_OBJECT,VISIBILITY_STABLE,VISIBLE,VISIBLE,0,0.0,0.0,0.0,0.0,1,8
pair_083,S11,temporal_adjacent,S11_F00_L1_full_10.ply,S11_F01_L1_full_then_L2_new.ply,9,343,677,SAME_OBJECT,VISIBILITY_STABLE,VISIBLE,VISIBLE,0,0.0,0.0,0.0,0.0,1,9
pair_083,S11,temporal_adjacent,S11_F00_L1_full_10.ply,S11_F01_L1_full_then_L2_new.ply,20,,303,NEW,ABSENT_TO_VISIBLE,ABSENT,VISIBLE,1,,,,,2,0
pair_084,S12,baseline_variant,S12_F00_view_clean.ply,S12_F01_view_top_view.ply,0,334,139,SAME_OBJECT,VISIBILITY_STABLE,VISIBLE,VISIBLE,0,0.0,0.0,0.0,0.0,1,0
pair_084,S12,baseline_variant,S12_F00_view_clean.ply,S12_F01_view_top_view.ply,1,211,152,SAME_OBJECT,VISIBILITY_STABLE,VISIBLE,VISIBLE,0,0.0,0.0,0.0,0.0,1,1
pair_084,S12,baseline_variant,S12_F00_view_clean.ply,S12_F01_view_top_view.ply,2,299,815,SAME_OBJECT,VISIBILITY_STABLE,VISIBLE,VISIBLE,0,0.0,0.0,0.0,0.0,1,2
pair_084,S12,baseline_variant,S12_F00_view_clean.ply,S12_F01_view_top_view.ply,7,232,780,SAME_OBJECT,VISIBILITY_STABLE,VISIBLE,VISIBLE,0,0.0,0.0,0.0,0.0,1,7
pair_084,S12,baseline_variant,S12_F00_view_clean.ply,S12_F01_view_top_view.ply,8,340,209,SAME_OBJECT,VISIBILITY_STABLE,VISIBLE,VISIBLE,0,0.0,0.0,0.0,0.0,1,8
pair_084,S12,baseline_variant,S12_F00_view_clean.ply,S12_F01_view_top_view.ply,9,382,790,SAME_OBJECT,VISIBILITY_STABLE,VISIBLE,VISIBLE,0,0.0,0.0,0.0,0.0,1,9
pair_085,S12,baseline_variant,S12_F00_view_clean.ply,S12_F02_view_side_view.ply,0,334,382,SAME_OBJECT,VISIBILITY_STABLE,VISIBLE,VISIBLE,0,0.0,0.0,0.0,0.0,1,0
pair_085,S12,baseline_variant,S12_F00_view_clean.ply,S12_F02_view_side_view.ply,1,211,820,SAME_OBJECT,VISIBILITY_STABLE,VISIBLE,VISIBLE,0,0.0,0.0,0.0,0.0,1,1
pair_085,S12,baseline_variant,S12_F00_view_clean.ply,S12_F02_view_side_view.ply,2,299,515,SAME_OBJECT,VISIBILITY_STABLE,VISIBLE,VISIBLE,0,0.0,0.0,0.0,0.0,1,2
pair_085,S12,baseline_variant,S12_F00_view_clean.ply,S12_F02_view_side_view.ply,7,232,394,SAME_OBJECT,VISIBILITY_STABLE,VISIBLE,VISIBLE,0,0.0,0.0,0.0,0.0,1,7
pair_085,S12,baseline_variant,S12_F00_view_clean.ply,S12_F02_view_side_view.ply,8,340,695,SAME_OBJECT,VISIBILITY_STABLE,VISIBLE,VISIBLE,0,0.0,0.0,0.0,0.0,1,8
pair_085,S12,baseline_variant,S12_F00_view_clean.ply,S12_F02_view_side_view.ply,9,382,300,SAME_OBJECT,VISIBILITY_STABLE,VISIBLE,VISIBLE,0,0.0,0.0,0.0,0.0,1,9
pair_086,S12,baseline_variant,S12_F00_view_clean.ply,S12_F03_view_degraded.ply,0,334,142,SAME_OBJECT,VISIBILITY_STABLE,VISIBLE,VISIBLE,0,0.0,0.0,0.0,0.0,1,0
pair_086,S12,baseline_variant,S12_F00_view_clean.ply,S12_F03_view_degraded.ply,1,211,774,SAME_OBJECT,VISIBLE_TO_PARTIAL_VISIBLE,VISIBLE,PARTIAL_VISIBLE,0,0.0,0.0,0.0,0.0,1,1
pair_086,S12,baseline_variant,S12_F00_view_clean.ply,S12_F03_view_degraded.ply,2,299,830,SAME_OBJECT,VISIBILITY_STABLE,VISIBLE,VISIBLE,0,0.0,0.0,0.0,0.0,1,2
pair_086,S12,baseline_variant,S12_F00_view_clean.ply,S12_F03_view_degraded.ply,7,232,904,SAME_OBJECT,VISIBILITY_STABLE,VISIBLE,VISIBLE,0,0.0,0.0,0.0,0.0,1,7
pair_086,S12,baseline_variant,S12_F00_view_clean.ply,S12_F03_view_degraded.ply,8,340,623,SAME_OBJECT,VISIBLE_TO_PARTIAL_VISIBLE,VISIBLE,PARTIAL_VISIBLE,0,0.0,0.0,0.0,0.0,1,8
pair_086,S12,baseline_variant,S12_F00_view_clean.ply,S12_F03_view_degraded.ply,9,382,618,SAME_OBJECT,VISIBILITY_STABLE,VISIBLE,VISIBLE,0,0.0,0.0,0.0,0.0,1,9
pair_087,Z01,temporal_adjacent,Z01_F00_topdown_yaw_motion_0.ply,Z01_F01_topdown_yaw_motion_1.ply,0,827,712,SAME_OBJECT,VISIBILITY_STABLE,VIEW_PARTIAL,VIEW_PARTIAL,0,0.015000000000000013,0.015,0.0,0.021213203435596437,1,0
pair_087,Z01,temporal_adjacent,Z01_F00_topdown_yaw_motion_0.ply,Z01_F01_topdown_yaw_motion_1.ply,1,400,125,SAME_OBJECT,VISIBILITY_STABLE,VIEW_PARTIAL,VIEW_PARTIAL,0,0.014999999999999902,-0.01,0.0,0.018027756377319865,1,1
pair_087,Z01,temporal_adjacent,Z01_F00_topdown_yaw_motion_0.ply,Z01_F01_topdown_yaw_motion_1.ply,2,104,706,SAME_OBJECT,VISIBILITY_STABLE,VIEW_PARTIAL,VIEW_PARTIAL,0,0.015000000000000124,0.015,0.0,0.021213203435596514,1,2
pair_087,Z01,temporal_adjacent,Z01_F00_topdown_yaw_motion_0.ply,Z01_F01_topdown_yaw_motion_1.ply,3,468,143,SAME_OBJECT,VISIBILITY_STABLE,VIEW_PARTIAL,VIEW_PARTIAL,0,0.040000000000000036,-0.01,0.0,0.041231056256176644,1,3
pair_087,Z01,temporal_adjacent,Z01_F00_topdown_yaw_motion_0.ply,Z01_F01_topdown_yaw_motion_1.ply,4,530,372,SAME_OBJECT,VISIBILITY_STABLE,VIEW_PARTIAL,VIEW_PARTIAL,0,0.040000000000000036,0.015,0.0,0.04272001872658769,1,4
pair_087,Z01,temporal_adjacent,Z01_F00_topdown_yaw_motion_0.ply,Z01_F01_topdown_yaw_motion_1.ply,5,903,545,SAME_OBJECT,VISIBILITY_STABLE,VIEW_PARTIAL,VIEW_PARTIAL,0,0.040000000000000036,-0.01,0.0,0.041231056256176644,1,5
pair_088,Z01,temporal_adjacent,Z01_F01_topdown_yaw_motion_1.ply,Z01_F02_topdown_yaw_motion_2.ply,0,712,510,SAME_OBJECT,VISIBILITY_STABLE,VIEW_PARTIAL,VIEW_PARTIAL,0,0.015000000000000013,0.015,0.0,0.021213203435596437,1,0
pair_088,Z01,temporal_adjacent,Z01_F01_topdown_yaw_motion_1.ply,Z01_F02_topdown_yaw_motion_2.ply,1,125,450,SAME_OBJECT,VISIBILITY_STABLE,VIEW_PARTIAL,VIEW_PARTIAL,0,0.015000000000000124,-0.01,0.0,0.01802775637732005,1,1
pair_088,Z01,temporal_adjacent,Z01_F01_topdown_yaw_motion_1.ply,Z01_F02_topdown_yaw_motion_2.ply,2,706,720,SAME_OBJECT,VISIBILITY_STABLE,VIEW_PARTIAL,VIEW_PARTIAL,0,0.01499999999999968,0.015,0.0,0.021213203435596198,1,2
pair_088,Z01,temporal_adjacent,Z01_F01_topdown_yaw_motion_1.ply,Z01_F02_topdown_yaw_motion_2.ply,3,143,110,SAME_OBJECT,VISIBILITY_STABLE,VIEW_PARTIAL,VIEW_PARTIAL,0,0.040000000000000036,-0.01,0.0,0.041231056256176644,1,3
pair_088,Z01,temporal_adjacent,Z01_F01_topdown_yaw_motion_1.ply,Z01_F02_topdown_yaw_motion_2.ply,4,372,337,SAME_OBJECT,VISIBILITY_STABLE,VIEW_PARTIAL,VIEW_PARTIAL,0,0.040000000000000036,0.015,0.0,0.04272001872658769,1,4
pair_088,Z01,temporal_adjacent,Z01_F01_topdown_yaw_motion_1.ply,Z01_F02_topdown_yaw_motion_2.ply,5,545,801,SAME_OBJECT,VISIBILITY_STABLE,VIEW_PARTIAL,VIEW_PARTIAL,0,0.040000000000000036,-0.01,0.0,0.041231056256176644,1,5
pair_089,Z01,temporal_adjacent,Z01_F02_topdown_yaw_motion_2.ply,Z01_F03_topdown_yaw_motion_3.ply,0,510,526,SAME_OBJECT,VISIBILITY_STABLE,VIEW_PARTIAL,VIEW_PARTIAL,0,0.015000000000000013,0.015,0.0,0.021213203435596437,1,0
pair_089,Z01,temporal_adjacent,Z01_F02_topdown_yaw_motion_2.ply,Z01_F03_topdown_yaw_motion_3.ply,1,450,883,SAME_OBJECT,VISIBILITY_STABLE,VIEW_PARTIAL,VIEW_PARTIAL,0,0.014999999999999902,-0.009999999999999998,0.0,0.018027756377319865,1,1
pair_089,Z01,temporal_adjacent,Z01_F02_topdown_yaw_motion_2.ply,Z01_F03_topdown_yaw_motion_3.ply,2,720,245,SAME_OBJECT,VISIBILITY_STABLE,VIEW_PARTIAL,VIEW_PARTIAL,0,0.015000000000000124,0.015,0.0,0.021213203435596514,1,2
pair_089,Z01,temporal_adjacent,Z01_F02_topdown_yaw_motion_2.ply,Z01_F03_topdown_yaw_motion_3.ply,3,110,693,SAME_OBJECT,VISIBILITY_STABLE,VIEW_PARTIAL,VIEW_PARTIAL,0,0.040000000000000036,-0.009999999999999998,0.0,0.041231056256176644,1,3
pair_089,Z01,temporal_adjacent,Z01_F02_topdown_yaw_motion_2.ply,Z01_F03_topdown_yaw_motion_3.ply,4,337,132,SAME_OBJECT,VISIBILITY_STABLE,VIEW_PARTIAL,VIEW_PARTIAL,0,0.040000000000000036,0.015,0.0,0.04272001872658769,1,4
pair_089,Z01,temporal_adjacent,Z01_F02_topdown_yaw_motion_2.ply,Z01_F03_topdown_yaw_motion_3.ply,5,801,253,SAME_OBJECT,VISIBILITY_STABLE,VIEW_PARTIAL,VIEW_PARTIAL,0,0.040000000000000036,-0.009999999999999998,0.0,0.041231056256176644,1,5
pair_090,Z02,temporal_adjacent,Z02_F00_topdown_two_side_complex_start.ply,Z02_F01_topdown_left_new_far_gap.ply,0,294,693,SAME_OBJECT,VISIBILITY_STABLE,VIEW_PARTIAL,VIEW_PARTIAL,0,0.020000000000000018,0.01,0.0,0.022360679774997914,1,0
pair_090,Z02,temporal_adjacent,Z02_F00_topdown_two_side_complex_start.ply,Z02_F01_topdown_left_new_far_gap.ply,1,299,337,SAME_OBJECT,VISIBILITY_STABLE,VIEW_PARTIAL,VIEW_PARTIAL,0,0.07999999999999985,-0.02,0.010000000000000009,0.08306623862918061,1,1
pair_090,Z02,temporal_adjacent,Z02_F00_topdown_two_side_complex_start.ply,Z02_F01_topdown_left_new_far_gap.ply,2,,541,NEW,NEW,,VIEW_PARTIAL,1,,,,,1,2
pair_090,Z02,temporal_adjacent,Z02_F00_topdown_two_side_complex_start.ply,Z02_F01_topdown_left_new_far_gap.ply,8,353,488,SAME_OBJECT,VISIBILITY_STABLE,VIEW_PARTIAL,VIEW_PARTIAL,0,-0.05000000000000071,0.02,0.0,0.0538516480713457,1,8
pair_090,Z02,temporal_adjacent,Z02_F00_topdown_two_side_complex_start.ply,Z02_F01_topdown_left_new_far_gap.ply,9,415,681,SAME_OBJECT,VISIBILITY_STABLE,VIEW_PARTIAL,VIEW_PARTIAL,0,-0.019999999999999574,-0.01,0.0,0.022360679774997515,1,9
pair_091,Z02,temporal_adjacent,Z02_F01_topdown_left_new_far_gap.ply,Z02_F02_topdown_right_new_partial_left.ply,0,693,594,SAME_OBJECT,VISIBILITY_STABLE,VIEW_PARTIAL,VIEW_PARTIAL,0,0.020000000000000018,0.0,0.0,0.020000000000000018,1,0
pair_091,Z02,temporal_adjacent,Z02_F01_topdown_left_new_far_gap.ply,Z02_F02_topdown_right_new_partial_left.ply,1,337,796,SAME_OBJECT,VIEW_PARTIAL_TO_PARTIAL_VISIBLE,VIEW_PARTIAL,PARTIAL_VISIBLE,0,0.050000000000000044,0.02,0.0,0.053851648071345085,1,1
pair_091,Z02,temporal_adjacent,Z02_F01_topdown_left_new_far_gap.ply,Z02_F02_topdown_right_new_partial_left.ply,2,541,328,SAME_OBJECT,VISIBILITY_STABLE,VIEW_PARTIAL,VIEW_PARTIAL,0,0.1200000000000001,-0.030000000000000002,0.010000000000000009,0.12409673645990867,1,2
pair_091,Z02,temporal_adjacent,Z02_F01_topdown_left_new_far_gap.ply,Z02_F02_topdown_right_new_partial_left.ply,7,,462,NEW,NEW,,VIEW_PARTIAL,1,,,,,1,7
pair_091,Z02,temporal_adjacent,Z02_F01_topdown_left_new_far_gap.ply,Z02_F02_topdown_right_new_partial_left.ply,8,488,876,SAME_OBJECT,VISIBILITY_STABLE,VIEW_PARTIAL,VIEW_PARTIAL,0,-0.08999999999999986,-0.02,0.010000000000000009,0.09273618495495689,1,8
pair_091,Z02,temporal_adjacent,Z02_F01_topdown_left_new_far_gap.ply,Z02_F02_topdown_right_new_partial_left.ply,9,681,472,SAME_OBJECT,VISIBILITY_STABLE,VIEW_PARTIAL,VIEW_PARTIAL,0,-0.030000000000001137,0.01,0.0,0.03162277660168487,1,9
pair_092,Z02,temporal_adjacent,Z02_F02_topdown_right_new_partial_left.ply,Z02_F03_topdown_two_new_both_sides.ply,0,594,343,SAME_OBJECT,VISIBILITY_STABLE,VIEW_PARTIAL,VIEW_PARTIAL,0,0.039999999999999925,-0.01,0.0,0.04123105625617653,1,0
pair_092,Z02,temporal_adjacent,Z02_F02_topdown_right_new_partial_left.ply,Z02_F03_topdown_two_new_both_sides.ply,1,796,805,SAME_OBJECT,PARTIAL_VISIBLE_TO_VIEW_PARTIAL,PARTIAL_VISIBLE,VIEW_PARTIAL,0,0.05999999999999983,0.0,0.0,0.05999999999999983,1,1
pair_092,Z02,temporal_adjacent,Z02_F02_topdown_right_new_partial_left.ply,Z02_F03_topdown_two_new_both_sides.ply,2,328,104,SAME_OBJECT,VISIBILITY_STABLE,VIEW_PARTIAL,VIEW_PARTIAL,0,0.08000000000000007,0.009999999999999998,0.0,0.08062257748298557,1,2
pair_092,Z02,temporal_adjacent,Z02_F02_topdown_right_new_partial_left.ply,Z02_F03_topdown_two_new_both_sides.ply,3,,267,NEW,NEW,,VIEW_PARTIAL,1,,,,,1,3
pair_092,Z02,temporal_adjacent,Z02_F02_topdown_right_new_partial_left.ply,Z02_F03_topdown_two_new_both_sides.ply,6,,144,NEW,NEW,,VIEW_PARTIAL,1,,,,,1,6
pair_092,Z02,temporal_adjacent,Z02_F02_topdown_right_new_partial_left.ply,Z02_F03_topdown_two_new_both_sides.ply,7,462,642,SAME_OBJECT,VISIBILITY_STABLE,VIEW_PARTIAL,VIEW_PARTIAL,0,-0.07000000000000028,0.0,0.0,0.07000000000000028,1,7
pair_092,Z02,temporal_adjacent,Z02_F02_topdown_right_new_partial_left.ply,Z02_F03_topdown_two_new_both_sides.ply,8,876,321,SAME_OBJECT,VISIBILITY_STABLE,VIEW_PARTIAL,VIEW_PARTIAL,0,-0.054999999999999716,0.01,0.0,0.05590169943749446,1,8
pair_092,Z02,temporal_adjacent,Z02_F02_topdown_right_new_partial_left.ply,Z02_F03_topdown_two_new_both_sides.ply,9,472,307,SAME_OBJECT,VISIBILITY_STABLE,VIEW_PARTIAL,VIEW_PARTIAL,0,-0.03999999999999915,-0.01,0.0,0.04123105625617578,1,9
pair_093,Z02,temporal_adjacent,Z02_F03_topdown_two_new_both_sides.ply,Z02_F04_topdown_two_side_with_occluded.ply,0,343,909,SAME_OBJECT,VISIBILITY_STABLE,VIEW_PARTIAL,VIEW_PARTIAL,0,0.020000000000000018,-0.01,0.0,0.022360679774997914,1,0
pair_093,Z02,temporal_adjacent,Z02_F03_topdown_two_new_both_sides.ply,Z02_F04_topdown_two_side_with_occluded.ply,1,805,272,SAME_OBJECT,VISIBILITY_STABLE,VIEW_PARTIAL,VIEW_PARTIAL,0,0.020000000000000018,0.009999999999999998,0.0,0.02236067977499791,1,1
pair_093,Z02,temporal_adjacent,Z02_F03_topdown_two_new_both_sides.ply,Z02_F04_topdown_two_side_with_occluded.ply,2,104,612,SAME_OBJECT,VISIBILITY_STABLE,VIEW_PARTIAL,VIEW_PARTIAL,0,0.020000000000000018,-0.009999999999999998,0.0,0.02236067977499791,1,2
pair_093,Z02,temporal_adjacent,Z02_F03_topdown_two_new_both_sides.ply,Z02_F04_topdown_two_side_with_occluded.ply,3,267,214,SAME_OBJECT,VISIBILITY_STABLE,VIEW_PARTIAL,VIEW_PARTIAL,0,0.020000000000000462,0.009999999999999995,0.0,0.022360679774998306,1,3
pair_093,Z02,temporal_adjacent,Z02_F03_topdown_two_new_both_sides.ply,Z02_F04_topdown_two_side_with_occluded.ply,6,144,271,SAME_OBJECT,VISIBILITY_STABLE,VIEW_PARTIAL,VIEW_PARTIAL,0,-0.030000000000001137,-0.009999999999999995,0.0,0.03162277660168487,1,6
pair_093,Z02,temporal_adjacent,Z02_F03_topdown_two_new_both_sides.ply,Z02_F04_topdown_two_side_with_occluded.ply,7,642,2407,SAME_OBJECT,VIEW_PARTIAL_TO_OCCLUDED,VIEW_PARTIAL,OCCLUDED,0,-0.030000000000001137,0.010000000000000002,0.0,0.03162277660168487,1,7
pair_093,Z02,temporal_adjacent,Z02_F03_topdown_two_new_both_sides.ply,Z02_F04_topdown_two_side_with_occluded.ply,8,321,404,SAME_OBJECT,VISIBILITY_STABLE,VIEW_PARTIAL,VIEW_PARTIAL,0,-0.02999999999999936,-0.01,0.0,0.03162277660168319,1,8
pair_093,Z02,temporal_adjacent,Z02_F03_topdown_two_new_both_sides.ply,Z02_F04_topdown_two_side_with_occluded.ply,9,307,409,SAME_OBJECT,VISIBILITY_STABLE,VIEW_PARTIAL,VIEW_PARTIAL,0,-0.02999999999999936,0.01,0.0,0.03162277660168319,1,9
pair_094,Z02,temporal_adjacent,Z02_F04_topdown_two_side_with_occluded.ply,Z02_F05_topdown_occluded_return_partial.ply,0,909,998,SAME_OBJECT,VISIBILITY_STABLE,VIEW_PARTIAL,VIEW_PARTIAL,0,-0.010000000000000009,0.0,0.0,0.010000000000000009,1,0
pair_094,Z02,temporal_adjacent,Z02_F04_topdown_two_side_with_occluded.ply,Z02_F05_topdown_occluded_return_partial.ply,1,272,436,SAME_OBJECT,VISIBILITY_STABLE,VIEW_PARTIAL,VIEW_PARTIAL,0,-0.009999999999999787,0.0,0.0,0.009999999999999787,1,1
pair_094,Z02,temporal_adjacent,Z02_F04_topdown_two_side_with_occluded.ply,Z02_F05_topdown_occluded_return_partial.ply,2,612,994,SAME_OBJECT,VISIBILITY_STABLE,VIEW_PARTIAL,VIEW_PARTIAL,0,-0.010000000000000231,0.0,0.0,0.010000000000000231,1,2
pair_094,Z02,temporal_adjacent,Z02_F04_topdown_two_side_with_occluded.ply,Z02_F05_topdown_occluded_return_partial.ply,3,214,102,SAME_OBJECT,VISIBILITY_STABLE,VIEW_PARTIAL,VIEW_PARTIAL,0,-0.009999999999999787,0.0,0.0,0.009999999999999787,1,3
pair_094,Z02,temporal_adjacent,Z02_F04_topdown_two_side_with_occluded.ply,Z02_F05_topdown_occluded_return_partial.ply,6,271,335,SAME_OBJECT,VISIBILITY_STABLE,VIEW_PARTIAL,VIEW_PARTIAL,0,0.010000000000001563,0.0,0.0,0.010000000000001563,1,6
pair_094,Z02,temporal_adjacent,Z02_F04_topdown_two_side_with_occluded.ply,Z02_F05_topdown_occluded_return_partial.ply,7,2407,602,SAME_OBJECT,OCCLUDED_TO_PARTIAL_VISIBLE,OCCLUDED,PARTIAL_VISIBLE,0,0.010000000000001563,0.0,0.0,0.010000000000001563,1,7
pair_094,Z02,temporal_adjacent,Z02_F04_topdown_two_side_with_occluded.ply,Z02_F05_topdown_occluded_return_partial.ply,8,404,967,SAME_OBJECT,VISIBILITY_STABLE,VIEW_PARTIAL,VIEW_PARTIAL,0,0.009999999999999787,0.0,0.0,0.009999999999999787,1,8
pair_094,Z02,temporal_adjacent,Z02_F04_topdown_two_side_with_occluded.ply,Z02_F05_topdown_occluded_return_partial.ply,9,409,227,SAME_OBJECT,VISIBILITY_STABLE,VIEW_PARTIAL,VIEW_PARTIAL,0,0.009999999999999787,0.0,0.0,0.009999999999999787,1,9
pair_095,Z03,temporal_adjacent,Z03_F00_topdown_full_l1_start.ply,Z03_F01_topdown_layer2_new_yaw.ply,0,295,648,SAME_OBJECT,VISIBILITY_STABLE,VIEW_PARTIAL,VIEW_PARTIAL,0,0.010000000000000009,-0.005,-0.0020000000000000018,0.011357816691600556,1,0
pair_095,Z03,temporal_adjacent,Z03_F00_topdown_full_l1_start.ply,Z03_F01_topdown_layer2_new_yaw.ply,1,361,590,SAME_OBJECT,VISIBILITY_STABLE,VIEW_PARTIAL,VIEW_PARTIAL,0,0.016000000000000014,0.005,0.0,0.016763054614240224,1,1
pair_095,Z03,temporal_adjacent,Z03_F00_topdown_full_l1_start.ply,Z03_F01_topdown_layer2_new_yaw.ply,2,171,697,SAME_OBJECT,VIEW_PARTIAL_TO_PARTIAL_VISIBLE,VIEW_PARTIAL,PARTIAL_VISIBLE,0,0.021999999999999797,-0.005,0.0020000000000000018,0.022649503305812054,1,2
pair_095,Z03,temporal_adjacent,Z03_F00_topdown_full_l1_start.ply,Z03_F01_topdown_layer2_new_yaw.ply,3,480,911,SAME_OBJECT,VISIBILITY_STABLE,VIEW_PARTIAL,VIEW_PARTIAL,0,0.02799999999999958,0.005,-0.0020000000000000018,0.028513154858766095,1,3
pair_095,Z03,temporal_adjacent,Z03_F00_topdown_full_l1_start.ply,Z03_F01_topdown_layer2_new_yaw.ply,4,394,660,SAME_OBJECT,VISIBILITY_STABLE,VIEW_PARTIAL,VIEW_PARTIAL,0,0.03399999999999981,-0.005,0.0,0.03436568055487898,1,4
pair_095,Z03,temporal_adjacent,Z03_F00_topdown_full_l1_start.ply,Z03_F01_topdown_layer2_new_yaw.ply,5,848,348,SAME_OBJECT,VISIBILITY_STABLE,VIEW_PARTIAL,VIEW_PARTIAL,0,0.040000000000000036,0.005,0.0020000000000000018,0.040360872141221166,1,5
pair_095,Z03,temporal_adjacent,Z03_F00_topdown_full_l1_start.ply,Z03_F01_topdown_layer2_new_yaw.ply,6,573,418,SAME_OBJECT,VISIBILITY_STABLE,VIEW_PARTIAL,VIEW_PARTIAL,0,0.045999999999999375,-0.005,-0.0020000000000000018,0.04631414470763703,1,6
pair_095,Z03,temporal_adjacent,Z03_F00_topdown_full_l1_start.ply,Z03_F01_topdown_layer2_new_yaw.ply,7,788,134,SAME_OBJECT,VISIBILITY_STABLE,VIEW_PARTIAL,VIEW_PARTIAL,0,0.05200000000000138,0.005,0.0,0.05223983154643728,1,7
pair_095,Z03,temporal_adjacent,Z03_F00_topdown_full_l1_start.ply,Z03_F01_topdown_layer2_new_yaw.ply,8,785,829,SAME_OBJECT,VISIBILITY_STABLE,VIEW_PARTIAL,VIEW_PARTIAL,0,0.05799999999999983,-0.005,0.0020000000000000018,0.058249463516842626,1,8
pair_095,Z03,temporal_adjacent,Z03_F00_topdown_full_l1_start.ply,Z03_F01_topdown_layer2_new_yaw.ply,9,273,503,SAME_OBJECT,VISIBILITY_STABLE,VIEW_PARTIAL,VIEW_PARTIAL,0,0.06400000000000006,0.005,-0.0020000000000000018,0.0642261628933257,1,9
pair_095,Z03,temporal_adjacent,Z03_F00_topdown_full_l1_start.ply,Z03_F01_topdown_layer2_new_yaw.ply,20,,598,NEW,NEW,,VIEW_PARTIAL,1,,,,,2,0
pair_096,Z03,temporal_adjacent,Z03_F01_topdown_layer2_new_yaw.ply,Z03_F02_topdown_second_layer2_new.ply,0,648,204,SAME_OBJECT,VISIBILITY_STABLE,VIEW_PARTIAL,VIEW_PARTIAL,0,0.04400000000000004,0.004,0.0,0.04418144406874908,1,0
pair_096,Z03,temporal_adjacent,Z03_F01_topdown_layer2_new_yaw.ply,Z03_F02_topdown_second_layer2_new.ply,1,590,940,SAME_OBJECT,VISIBILITY_STABLE,VIEW_PARTIAL,VIEW_PARTIAL,0,0.039999999999999813,-0.004,0.0,0.040199502484483375,1,1
pair_096,Z03,temporal_adjacent,Z03_F01_topdown_layer2_new_yaw.ply,Z03_F02_topdown_second_layer2_new.ply,2,697,875,SAME_OBJECT,PARTIAL_VISIBLE_TO_VIEW_PARTIAL,PARTIAL_VISIBLE,VIEW_PARTIAL,0,0.03600000000000003,0.004,0.0,0.0362215405525497,1,2
pair_096,Z03,temporal_adjacent,Z03_F01_topdown_layer2_new_yaw.ply,Z03_F02_topdown_second_layer2_new.ply,3,911,495,SAME_OBJECT,VIEW_PARTIAL_TO_PARTIAL_VISIBLE,VIEW_PARTIAL,PARTIAL_VISIBLE,0,0.03200000000000003,-0.004,0.0,0.032249030993194226,1,3
pair_096,Z03,temporal_adjacent,Z03_F01_topdown_layer2_new_yaw.ply,Z03_F02_topdown_second_layer2_new.ply,4,660,340,SAME_OBJECT,VISIBILITY_STABLE,VIEW_PARTIAL,VIEW_PARTIAL,0,0.02799999999999958,0.004,0.0,0.028284271247461485,1,4
pair_096,Z03,temporal_adjacent,Z03_F01_topdown_layer2_new_yaw.ply,Z03_F02_topdown_second_layer2_new.ply,5,348,688,SAME_OBJECT,VISIBILITY_STABLE,VIEW_PARTIAL,VIEW_PARTIAL,0,0.02400000000000002,-0.004,0.0,0.0243310501211929,1,5
pair_096,Z03,temporal_adjacent,Z03_F01_topdown_layer2_new_yaw.ply,Z03_F02_topdown_second_layer2_new.ply,6,418,838,SAME_OBJECT,VISIBILITY_STABLE,VIEW_PARTIAL,VIEW_PARTIAL,0,0.019999999999999574,0.004,0.0,0.02039607805437072,1,6
pair_096,Z03,temporal_adjacent,Z03_F01_topdown_layer2_new_yaw.ply,Z03_F02_topdown_second_layer2_new.ply,7,134,903,SAME_OBJECT,VISIBILITY_STABLE,VIEW_PARTIAL,VIEW_PARTIAL,0,0.016000000000000014,-0.004,0.0,0.01649242250247066,1,7
pair_096,Z03,temporal_adjacent,Z03_F01_topdown_layer2_new_yaw.ply,Z03_F02_topdown_second_layer2_new.ply,8,829,399,SAME_OBJECT,VISIBILITY_STABLE,VIEW_PARTIAL,VIEW_PARTIAL,0,0.012000000000000455,0.004,0.0,0.01264911064067395,1,8
pair_096,Z03,temporal_adjacent,Z03_F01_topdown_layer2_new_yaw.ply,Z03_F02_topdown_second_layer2_new.ply,9,503,942,SAME_OBJECT,VISIBILITY_STABLE,VIEW_PARTIAL,VIEW_PARTIAL,0,0.007999999999999119,-0.004,0.0,0.00894427190999837,1,9
pair_096,Z03,temporal_adjacent,Z03_F01_topdown_layer2_new_yaw.ply,Z03_F02_topdown_second_layer2_new.ply,20,598,261,SAME_OBJECT,VISIBILITY_STABLE,VIEW_PARTIAL,VIEW_PARTIAL,0,0.08000000000000007,-0.02,0.0,0.08246211251235329,2,0
pair_096,Z03,temporal_adjacent,Z03_F01_topdown_layer2_new_yaw.ply,Z03_F02_topdown_second_layer2_new.ply,21,,544,NEW,NEW,,VIEW_PARTIAL,1,,,,,2,1
pair_097,Z03,temporal_adjacent,Z03_F02_topdown_second_layer2_new.ply,Z03_F03_topdown_layer2_new_lower_occluded.ply,0,204,236,SAME_OBJECT,VISIBILITY_STABLE,VIEW_PARTIAL,VIEW_PARTIAL,0,0.0050000000000000044,-0.002,0.0,0.005385164807134508,1,0
pair_097,Z03,temporal_adjacent,Z03_F02_topdown_second_layer2_new.ply,Z03_F03_topdown_layer2_new_lower_occluded.ply,1,940,469,SAME_OBJECT,VISIBILITY_STABLE,VIEW_PARTIAL,VIEW_PARTIAL,0,0.0050000000000001155,0.002,0.0,0.005385164807134611,1,1
pair_097,Z03,temporal_adjacent,Z03_F02_topdown_second_layer2_new.ply,Z03_F03_topdown_layer2_new_lower_occluded.ply,2,875,556,SAME_OBJECT,VISIBILITY_STABLE,VIEW_PARTIAL,VIEW_PARTIAL,0,0.004999999999999893,-0.002,0.0,0.005385164807134405,1,2
pair_097,Z03,temporal_adjacent,Z03_F02_topdown_second_layer2_new.ply,Z03_F03_topdown_layer2_new_lower_occluded.ply,3,495,827,SAME_OBJECT,PARTIAL_VISIBLE_TO_VIEW_PARTIAL,PARTIAL_VISIBLE,VIEW_PARTIAL,0,0.004999999999999893,0.002,0.0,0.005385164807134405,1,3
pair_097,Z03,temporal_adjacent,Z03_F02_topdown_second_layer2_new.ply,Z03_F03_topdown_layer2_new_lower_occluded.ply,4,340,2304,SAME_OBJECT,VIEW_PARTIAL_TO_OCCLUDED,VIEW_PARTIAL,OCCLUDED,0,0.005000000000000782,-0.002,0.0,0.00538516480713523,1,4
pair_097,Z03,temporal_adjacent,Z03_F02_topdown_second_layer2_new.ply,Z03_F03_topdown_layer2_new_lower_occluded.ply,5,688,292,SAME_OBJECT,VISIBILITY_STABLE,VIEW_PARTIAL,VIEW_PARTIAL,0,0.004999999999999893,0.002,0.0,0.005385164807134405,1,5
pair_097,Z03,temporal_adjacent,Z03_F02_topdown_second_layer2_new.ply,Z03_F03_topdown_layer2_new_lower_occluded.ply,6,838,117,SAME_OBJECT,VISIBILITY_STABLE,VIEW_PARTIAL,VIEW_PARTIAL,0,0.005000000000000782,-0.002,0.0,0.00538516480713523,1,6
pair_097,Z03,temporal_adjacent,Z03_F02_topdown_second_layer2_new.ply,Z03_F03_topdown_layer2_new_lower_occluded.ply,7,903,101,SAME_OBJECT,VISIBILITY_STABLE,VIEW_PARTIAL,VIEW_PARTIAL,0,0.004999999999999005,0.002,0.0,0.00538516480713358,1,7
pair_097,Z03,temporal_adjacent,Z03_F02_topdown_second_layer2_new.ply,Z03_F03_topdown_layer2_new_lower_occluded.ply,8,399,601,SAME_OBJECT,VISIBILITY_STABLE,VIEW_PARTIAL,VIEW_PARTIAL,0,0.004999999999999005,-0.002,0.0,0.00538516480713358,1,8
pair_097,Z03,temporal_adjacent,Z03_F02_topdown_second_layer2_new.ply,Z03_F03_topdown_layer2_new_lower_occluded.ply,9,942,327,SAME_OBJECT,VISIBILITY_STABLE,VIEW_PARTIAL,VIEW_PARTIAL,0,0.005000000000000782,0.002,0.0,0.00538516480713523,1,9
pair_097,Z03,temporal_adjacent,Z03_F02_topdown_second_layer2_new.ply,Z03_F03_topdown_layer2_new_lower_occluded.ply,20,261,349,SAME_OBJECT,VISIBILITY_STABLE,VIEW_PARTIAL,VIEW_PARTIAL,0,0.04999999999999982,0.009999999999999998,0.0,0.050990195135927674,2,0
pair_097,Z03,temporal_adjacent,Z03_F02_topdown_second_layer2_new.ply,Z03_F03_topdown_layer2_new_lower_occluded.ply,21,544,384,SAME_OBJECT,VISIBILITY_STABLE,VIEW_PARTIAL,VIEW_PARTIAL,0,0.04999999999999982,-0.009999999999999995,0.0,0.050990195135927674,2,1
pair_097,Z03,temporal_adjacent,Z03_F02_topdown_second_layer2_new.ply,Z03_F03_topdown_layer2_new_lower_occluded.ply,22,,210,NEW,NEW,,VIEW_PARTIAL,1,,,,,2,2
pair_098,Z03,temporal_adjacent,Z03_F03_topdown_layer2_new_lower_occluded.ply,Z03_F04_topdown_layer2_motion_lower_return.ply,0,236,155,SAME_OBJECT,VISIBILITY_STABLE,VIEW_PARTIAL,VIEW_PARTIAL,0,0.005999999999999894,0.0,0.0,0.005999999999999894,1,0
pair_098,Z03,temporal_adjacent,Z03_F03_topdown_layer2_new_lower_occluded.ply,Z03_F04_topdown_layer2_motion_lower_return.ply,1,469,774,SAME_OBJECT,VISIBILITY_STABLE,VIEW_PARTIAL,VIEW_PARTIAL,0,0.006000000000000005,0.0,0.0,0.006000000000000005,1,1
pair_098,Z03,temporal_adjacent,Z03_F03_topdown_layer2_new_lower_occluded.ply,Z03_F04_topdown_layer2_motion_lower_return.ply,2,556,837,SAME_OBJECT,VISIBILITY_STABLE,VIEW_PARTIAL,VIEW_PARTIAL,0,0.006000000000000227,0.0,0.0,0.006000000000000227,1,2
pair_098,Z03,temporal_adjacent,Z03_F03_topdown_layer2_new_lower_occluded.ply,Z03_F04_topdown_layer2_motion_lower_return.ply,3,827,937,SAME_OBJECT,VISIBILITY_STABLE,VIEW_PARTIAL,VIEW_PARTIAL,0,0.006000000000000227,0.0,0.0,0.006000000000000227,1,3
pair_098,Z03,temporal_adjacent,Z03_F03_topdown_layer2_new_lower_occluded.ply,Z03_F04_topdown_layer2_motion_lower_return.ply,4,2304,869,SAME_OBJECT,OCCLUDED_TO_PARTIAL_VISIBLE,OCCLUDED,PARTIAL_VISIBLE,0,0.005999999999999339,0.0,0.0,0.005999999999999339,1,4
pair_098,Z03,temporal_adjacent,Z03_F03_topdown_layer2_new_lower_occluded.ply,Z03_F04_topdown_layer2_motion_lower_return.ply,5,292,836,SAME_OBJECT,VISIBILITY_STABLE,VIEW_PARTIAL,VIEW_PARTIAL,0,0.006000000000000227,0.0,0.0,0.006000000000000227,1,5
pair_098,Z03,temporal_adjacent,Z03_F03_topdown_layer2_new_lower_occluded.ply,Z03_F04_topdown_layer2_motion_lower_return.ply,6,117,509,SAME_OBJECT,VISIBILITY_STABLE,VIEW_PARTIAL,VIEW_PARTIAL,0,0.006000000000000227,0.0,0.0,0.006000000000000227,1,6
pair_098,Z03,temporal_adjacent,Z03_F03_topdown_layer2_new_lower_occluded.ply,Z03_F04_topdown_layer2_motion_lower_return.ply,7,101,279,SAME_OBJECT,VISIBILITY_STABLE,VIEW_PARTIAL,VIEW_PARTIAL,0,0.006000000000000227,0.0,0.0,0.006000000000000227,1,7
pair_098,Z03,temporal_adjacent,Z03_F03_topdown_layer2_new_lower_occluded.ply,Z03_F04_topdown_layer2_motion_lower_return.ply,8,601,366,SAME_OBJECT,VISIBILITY_STABLE,VIEW_PARTIAL,VIEW_PARTIAL,0,0.006000000000000227,0.0,0.0,0.006000000000000227,1,8
pair_098,Z03,temporal_adjacent,Z03_F03_topdown_layer2_new_lower_occluded.ply,Z03_F04_topdown_layer2_motion_lower_return.ply,9,327,568,SAME_OBJECT,VISIBILITY_STABLE,VIEW_PARTIAL,VIEW_PARTIAL,0,0.006000000000000227,0.0,0.0,0.006000000000000227,1,9
pair_098,Z03,temporal_adjacent,Z03_F03_topdown_layer2_new_lower_occluded.ply,Z03_F04_topdown_layer2_motion_lower_return.ply,20,349,269,SAME_OBJECT,VISIBILITY_STABLE,VIEW_PARTIAL,VIEW_PARTIAL,0,0.06000000000000005,-0.009999999999999998,0.0050000000000001155,0.061032778078668574,2,0
pair_098,Z03,temporal_adjacent,Z03_F03_topdown_layer2_new_lower_occluded.ply,Z03_F04_topdown_layer2_motion_lower_return.ply,21,384,595,SAME_OBJECT,VISIBILITY_STABLE,VIEW_PARTIAL,VIEW_PARTIAL,0,0.07000000000000028,-0.010000000000000009,0.0050000000000001155,0.07088723439378943,2,1
pair_098,Z03,temporal_adjacent,Z03_F03_topdown_layer2_new_lower_occluded.ply,Z03_F04_topdown_layer2_motion_lower_return.ply,22,210,118,SAME_OBJECT,VISIBILITY_STABLE,VIEW_PARTIAL,VIEW_PARTIAL,0,0.08000000000000007,-0.009999999999999995,0.004999999999999893,0.08077747210701763,2,2
pair_099,Z03,temporal_adjacent,Z03_F04_topdown_layer2_motion_lower_return.ply,Z03_F05_topdown_fourth_layer2_new.ply,0,155,465,SAME_OBJECT,VISIBILITY_STABLE,VIEW_PARTIAL,VIEW_PARTIAL,0,0.0040000000000000036,-0.002,0.0,0.004472135954999582,1,0
pair_099,Z03,temporal_adjacent,Z03_F04_topdown_layer2_motion_lower_return.ply,Z03_F05_topdown_fourth_layer2_new.ply,1,774,461,SAME_OBJECT,VISIBILITY_STABLE,VIEW_PARTIAL,VIEW_PARTIAL,0,0.008000000000000007,0.002,0.0,0.00824621125123533,1,1
pair_099,Z03,temporal_adjacent,Z03_F04_topdown_layer2_motion_lower_return.ply,Z03_F05_topdown_fourth_layer2_new.ply,2,837,149,SAME_OBJECT,VISIBILITY_STABLE,VIEW_PARTIAL,VIEW_PARTIAL,0,0.01200000000000001,-0.002,0.0,0.01216552506059645,1,2
pair_099,Z03,temporal_adjacent,Z03_F04_topdown_layer2_motion_lower_return.ply,Z03_F05_topdown_fourth_layer2_new.ply,3,937,502,SAME_OBJECT,VISIBILITY_STABLE,VIEW_PARTIAL,VIEW_PARTIAL,0,0.0039999999999995595,0.002,0.0,0.004472135954999185,1,3
pair_099,Z03,temporal_adjacent,Z03_F04_topdown_layer2_motion_lower_return.ply,Z03_F05_topdown_fourth_layer2_new.ply,4,869,904,SAME_OBJECT,PARTIAL_VISIBLE_TO_VIEW_PARTIAL,PARTIAL_VISIBLE,VIEW_PARTIAL,0,0.008000000000000007,-0.002,0.0,0.00824621125123533,1,4
pair_099,Z03,temporal_adjacent,Z03_F04_topdown_layer2_motion_lower_return.ply,Z03_F05_topdown_fourth_layer2_new.ply,5,836,278,SAME_OBJECT,VISIBILITY_STABLE,VIEW_PARTIAL,VIEW_PARTIAL,0,0.011999999999999567,0.002,0.0,0.01216552506059601,1,5
pair_099,Z03,temporal_adjacent,Z03_F04_topdown_layer2_motion_lower_return.ply,Z03_F05_topdown_fourth_layer2_new.ply,6,509,920,SAME_OBJECT,VISIBILITY_STABLE,VIEW_PARTIAL,VIEW_PARTIAL,0,0.0039999999999995595,-0.002,0.0,0.004472135954999185,1,6
pair_099,Z03,temporal_adjacent,Z03_F04_topdown_layer2_motion_lower_return.ply,Z03_F05_topdown_fourth_layer2_new.ply,7,279,221,SAME_OBJECT,VISIBILITY_STABLE,VIEW_PARTIAL,VIEW_PARTIAL,0,0.008000000000000895,0.002,0.0,0.00824621125123619,1,7
pair_099,Z03,temporal_adjacent,Z03_F04_topdown_layer2_motion_lower_return.ply,Z03_F05_topdown_fourth_layer2_new.ply,8,366,497,SAME_OBJECT,VISIBILITY_STABLE,VIEW_PARTIAL,VIEW_PARTIAL,0,0.012000000000000455,-0.002,0.0,0.012165525060596889,1,8
pair_099,Z03,temporal_adjacent,Z03_F04_topdown_layer2_motion_lower_return.ply,Z03_F05_topdown_fourth_layer2_new.ply,9,568,524,SAME_OBJECT,VISIBILITY_STABLE,VIEW_PARTIAL,VIEW_PARTIAL,0,0.0039999999999995595,0.002,0.0,0.004472135954999185,1,9
pair_099,Z03,temporal_adjacent,Z03_F04_topdown_layer2_motion_lower_return.ply,Z03_F05_topdown_fourth_layer2_new.ply,20,269,376,SAME_OBJECT,VISIBILITY_STABLE,VIEW_PARTIAL,VIEW_PARTIAL,0,0.0,0.0,0.0,0.0,2,0
pair_099,Z03,temporal_adjacent,Z03_F04_topdown_layer2_motion_lower_return.ply,Z03_F05_topdown_fourth_layer2_new.ply,21,595,285,SAME_OBJECT,VISIBILITY_STABLE,VIEW_PARTIAL,VIEW_PARTIAL,0,0.0,0.0,0.0,0.0,2,1
pair_099,Z03,temporal_adjacent,Z03_F04_topdown_layer2_motion_lower_return.ply,Z03_F05_topdown_fourth_layer2_new.ply,22,118,629,SAME_OBJECT,VISIBILITY_STABLE,VIEW_PARTIAL,VIEW_PARTIAL,0,0.0,0.0,0.0,0.0,2,2
pair_099,Z03,temporal_adjacent,Z03_F04_topdown_layer2_motion_lower_return.ply,Z03_F05_topdown_fourth_layer2_new.ply,23,,943,NEW,NEW,,VIEW_PARTIAL,1,,,,,2,3
pair_100,Z04,temporal_adjacent,Z04_F00_topdown_same_geom_start.ply,Z04_F01_topdown_nearest_neighbor_trap.ply,0,673,441,SAME_OBJECT,VISIBILITY_STABLE,VIEW_PARTIAL,VIEW_PARTIAL,0,0.7200000000000001,-0.02,0.0,0.7202777242147643,1,0
pair_100,Z04,temporal_adjacent,Z04_F00_topdown_same_geom_start.ply,Z04_F01_topdown_nearest_neighbor_trap.ply,1,757,713,SAME_OBJECT,VISIBILITY_STABLE,VIEW_PARTIAL,VIEW_PARTIAL,0,0.72,0.02,0.0,0.7202777242147642,1,1
pair_100,Z04,temporal_adjacent,Z04_F00_topdown_same_geom_start.ply,Z04_F01_topdown_nearest_neighbor_trap.ply,2,849,870,SAME_OBJECT,VISIBILITY_STABLE,VIEW_PARTIAL,VIEW_PARTIAL,0,0.7199999999999998,-0.02,0.0,0.720277724214764,1,2
pair_100,Z04,temporal_adjacent,Z04_F00_topdown_same_geom_start.ply,Z04_F01_topdown_nearest_neighbor_trap.ply,3,322,438,SAME_OBJECT,VISIBILITY_STABLE,VIEW_PARTIAL,VIEW_PARTIAL,0,0.7199999999999998,0.02,0.0,0.720277724214764,1,3
pair_100,Z04,temporal_adjacent,Z04_F00_topdown_same_geom_start.ply,Z04_F01_topdown_nearest_neighbor_trap.ply,4,507,786,SAME_OBJECT,VISIBILITY_STABLE,VIEW_PARTIAL,VIEW_PARTIAL,0,0.7199999999999998,-0.02,0.0,0.720277724214764,1,4
pair_100,Z04,temporal_adjacent,Z04_F00_topdown_same_geom_start.ply,Z04_F01_topdown_nearest_neighbor_trap.ply,5,519,305,SAME_OBJECT,VISIBILITY_STABLE,VIEW_PARTIAL,VIEW_PARTIAL,0,0.7199999999999998,0.02,0.0,0.720277724214764,1,5
pair_101,Z04,temporal_adjacent,Z04_F01_topdown_nearest_neighbor_trap.ply,Z04_F02_topdown_same_spec_new_after_shift.ply,0,441,948,SAME_OBJECT,VISIBILITY_STABLE,VIEW_PARTIAL,VIEW_PARTIAL,0,0.48,-0.009999999999999998,-0.0050000000000000044,0.48013019067748697,1,0
pair_101,Z04,temporal_adjacent,Z04_F01_topdown_nearest_neighbor_trap.ply,Z04_F02_topdown_same_spec_new_after_shift.ply,1,713,626,SAME_OBJECT,VISIBILITY_STABLE,VIEW_PARTIAL,VIEW_PARTIAL,0,0.48,0.0,0.0050000000000000044,0.48002604096027957,1,1
pair_101,Z04,temporal_adjacent,Z04_F01_topdown_nearest_neighbor_trap.ply,Z04_F02_topdown_same_spec_new_after_shift.ply,2,870,914,SAME_OBJECT,VISIBILITY_STABLE,VIEW_PARTIAL,VIEW_PARTIAL,0,0.4800000000000004,0.01,-0.0050000000000000044,0.4801301906774874,1,2
pair_101,Z04,temporal_adjacent,Z04_F01_topdown_nearest_neighbor_trap.ply,Z04_F02_topdown_same_spec_new_after_shift.ply,3,438,297,SAME_OBJECT,VISIBILITY_STABLE,VIEW_PARTIAL,VIEW_PARTIAL,0,0.47999999999999954,-0.01,0.0050000000000000044,0.48013019067748647,1,3
pair_101,Z04,temporal_adjacent,Z04_F01_topdown_nearest_neighbor_trap.ply,Z04_F02_topdown_same_spec_new_after_shift.ply,4,786,270,SAME_OBJECT,VISIBILITY_STABLE,VIEW_PARTIAL,VIEW_PARTIAL,0,0.4800000000000004,0.0,-0.0050000000000000044,0.48002604096028,1,4
pair_101,Z04,temporal_adjacent,Z04_F01_topdown_nearest_neighbor_trap.ply,Z04_F02_topdown_same_spec_new_after_shift.ply,5,305,542,SAME_OBJECT,VISIBILITY_STABLE,VIEW_PARTIAL,VIEW_PARTIAL,0,0.4800000000000004,0.009999999999999998,0.0050000000000000044,0.4801301906774874,1,5
pair_101,Z04,temporal_adjacent,Z04_F01_topdown_nearest_neighbor_trap.ply,Z04_F02_topdown_same_spec_new_after_shift.ply,6,,603,NEW,NEW,,VIEW_PARTIAL,1,,,,,1,6
pair_102,Z04,temporal_adjacent,Z04_F02_topdown_same_spec_new_after_shift.ply,Z04_F03_topdown_same_geom_partial_center.ply,0,948,939,SAME_OBJECT,VISIBILITY_STABLE,VIEW_PARTIAL,VIEW_PARTIAL,0,0.17999999999999972,0.009999999999999998,0.0,0.1802775637731992,1,0
pair_102,Z04,temporal_adjacent,Z04_F02_topdown_same_spec_new_after_shift.ply,Z04_F03_topdown_same_geom_partial_center.ply,1,626,179,SAME_OBJECT,VISIBILITY_STABLE,VIEW_PARTIAL,VIEW_PARTIAL,0,0.20000000000000018,-0.01,0.0,0.20024984394500803,1,1
pair_102,Z04,temporal_adjacent,Z04_F02_topdown_same_spec_new_after_shift.ply,Z04_F03_topdown_same_geom_partial_center.ply,2,914,223,SAME_OBJECT,VISIBILITY_STABLE,VIEW_PARTIAL,VIEW_PARTIAL,0,0.21999999999999975,0.01,0.0,0.22022715545545216,1,2
pair_102,Z04,temporal_adjacent,Z04_F02_topdown_same_spec_new_after_shift.ply,Z04_F03_topdown_same_geom_partial_center.ply,3,297,918,SAME_OBJECT,VIEW_PARTIAL_TO_PARTIAL_VISIBLE,VIEW_PARTIAL,PARTIAL_VISIBLE,0,0.2400000000000002,-0.01,0.0,0.2402082429892865,1,3
pair_102,Z04,temporal_adjacent,Z04_F02_topdown_same_spec_new_after_shift.ply,Z04_F03_topdown_same_geom_partial_center.ply,4,270,858,SAME_OBJECT,VISIBILITY_STABLE,VIEW_PARTIAL,VIEW_PARTIAL,0,0.2599999999999998,0.01,0.0,0.2601922366251535,1,4
pair_102,Z04,temporal_adjacent,Z04_F02_topdown_same_spec_new_after_shift.ply,Z04_F03_topdown_same_geom_partial_center.ply,5,542,844,SAME_OBJECT,VISIBILITY_STABLE,VIEW_PARTIAL,VIEW_PARTIAL,0,0.27999999999999936,-0.009999999999999998,0.0,0.28017851452243736,1,5
pair_102,Z04,temporal_adjacent,Z04_F02_topdown_same_spec_new_after_shift.ply,Z04_F03_topdown_same_geom_partial_center.ply,6,603,381,SAME_OBJECT,VISIBILITY_STABLE,VIEW_PARTIAL,VIEW_PARTIAL,0,0.3000000000000007,0.010000000000000002,0.0,0.3001666203960734,1,6
pair_103,Z04,temporal_adjacent,Z04_F03_topdown_same_geom_partial_center.ply,Z04_F04_topdown_same_geom_occluded.ply,0,939,671,SAME_OBJECT,VISIBILITY_STABLE,VIEW_PARTIAL,VIEW_PARTIAL,0,0.050000000000000266,0.0,0.0,0.050000000000000266,1,0
pair_103,Z04,temporal_adjacent,Z04_F03_topdown_same_geom_partial_center.ply,Z04_F04_topdown_same_geom_occluded.ply,1,179,452,SAME_OBJECT,VISIBILITY_STABLE,VIEW_PARTIAL,VIEW_PARTIAL,0,0.04999999999999982,0.0,0.0,0.04999999999999982,1,1
pair_103,Z04,temporal_adjacent,Z04_F03_topdown_same_geom_partial_center.ply,Z04_F04_topdown_same_geom_occluded.ply,2,223,2402,SAME_OBJECT,VIEW_PARTIAL_TO_OCCLUDED,VIEW_PARTIAL,OCCLUDED,0,0.04999999999999982,0.0,0.0,0.04999999999999982,1,2
pair_103,Z04,temporal_adjacent,Z04_F03_topdown_same_geom_partial_center.ply,Z04_F04_topdown_same_geom_occluded.ply,3,918,714,SAME_OBJECT,PARTIAL_VISIBLE_TO_VIEW_PARTIAL,PARTIAL_VISIBLE,VIEW_PARTIAL,0,0.04999999999999982,0.0,0.0,0.04999999999999982,1,3
pair_103,Z04,temporal_adjacent,Z04_F03_topdown_same_geom_partial_center.ply,Z04_F04_topdown_same_geom_occluded.ply,4,858,325,SAME_OBJECT,VISIBILITY_STABLE,VIEW_PARTIAL,VIEW_PARTIAL,0,0.04999999999999982,0.0,0.0,0.04999999999999982,1,4
pair_103,Z04,temporal_adjacent,Z04_F03_topdown_same_geom_partial_center.ply,Z04_F04_topdown_same_geom_occluded.ply,5,844,800,SAME_OBJECT,VISIBILITY_STABLE,VIEW_PARTIAL,VIEW_PARTIAL,0,0.05000000000000071,0.0,0.0,0.05000000000000071,1,5
pair_103,Z04,temporal_adjacent,Z04_F03_topdown_same_geom_partial_center.ply,Z04_F04_topdown_same_geom_occluded.ply,6,381,885,SAME_OBJECT,VISIBILITY_STABLE,VIEW_PARTIAL,VIEW_PARTIAL,0,0.05000000000000071,0.0,0.0,0.05000000000000071,1,6
pair_104,Z05,temporal_adjacent,Z05_F00_multiview_yaw_motion_0.ply,Z05_F01_topdown_yaw_motion_1.ply,0,827,712,SAME_OBJECT,VISIBLE_TO_VIEW_PARTIAL,VISIBLE,VIEW_PARTIAL,0,0.015000000000000013,0.015,0.0,0.021213203435596437,1,0
pair_104,Z05,temporal_adjacent,Z05_F00_multiview_yaw_motion_0.ply,Z05_F01_topdown_yaw_motion_1.ply,1,400,125,SAME_OBJECT,VISIBLE_TO_VIEW_PARTIAL,VISIBLE,VIEW_PARTIAL,0,0.014999999999999902,-0.01,0.0,0.018027756377319865,1,1
pair_104,Z05,temporal_adjacent,Z05_F00_multiview_yaw_motion_0.ply,Z05_F01_topdown_yaw_motion_1.ply,2,104,706,SAME_OBJECT,VISIBLE_TO_VIEW_PARTIAL,VISIBLE,VIEW_PARTIAL,0,0.015000000000000124,0.015,0.0,0.021213203435596514,1,2
pair_104,Z05,temporal_adjacent,Z05_F00_multiview_yaw_motion_0.ply,Z05_F01_topdown_yaw_motion_1.ply,3,468,143,SAME_OBJECT,VISIBLE_TO_VIEW_PARTIAL,VISIBLE,VIEW_PARTIAL,0,0.040000000000000036,-0.01,0.0,0.041231056256176644,1,3
pair_104,Z05,temporal_adjacent,Z05_F00_multiview_yaw_motion_0.ply,Z05_F01_topdown_yaw_motion_1.ply,4,530,372,SAME_OBJECT,VISIBLE_TO_VIEW_PARTIAL,VISIBLE,VIEW_PARTIAL,0,0.040000000000000036,0.015,0.0,0.04272001872658769,1,4
pair_104,Z05,temporal_adjacent,Z05_F00_multiview_yaw_motion_0.ply,Z05_F01_topdown_yaw_motion_1.ply,5,903,545,SAME_OBJECT,VISIBLE_TO_VIEW_PARTIAL,VISIBLE,VIEW_PARTIAL,0,0.040000000000000036,-0.01,0.0,0.041231056256176644,1,5
pair_105,Z05,temporal_adjacent,Z05_F01_topdown_yaw_motion_1.ply,Z05_F02_topdown_yaw_motion_2.ply,0,712,510,SAME_OBJECT,VISIBILITY_STABLE,VIEW_PARTIAL,VIEW_PARTIAL,0,0.015000000000000013,0.015,0.0,0.021213203435596437,1,0
pair_105,Z05,temporal_adjacent,Z05_F01_topdown_yaw_motion_1.ply,Z05_F02_topdown_yaw_motion_2.ply,1,125,450,SAME_OBJECT,VISIBILITY_STABLE,VIEW_PARTIAL,VIEW_PARTIAL,0,0.015000000000000124,-0.01,0.0,0.01802775637732005,1,1
pair_105,Z05,temporal_adjacent,Z05_F01_topdown_yaw_motion_1.ply,Z05_F02_topdown_yaw_motion_2.ply,2,706,720,SAME_OBJECT,VISIBILITY_STABLE,VIEW_PARTIAL,VIEW_PARTIAL,0,0.01499999999999968,0.015,0.0,0.021213203435596198,1,2
pair_105,Z05,temporal_adjacent,Z05_F01_topdown_yaw_motion_1.ply,Z05_F02_topdown_yaw_motion_2.ply,3,143,110,SAME_OBJECT,VISIBILITY_STABLE,VIEW_PARTIAL,VIEW_PARTIAL,0,0.040000000000000036,-0.01,0.0,0.041231056256176644,1,3
pair_105,Z05,temporal_adjacent,Z05_F01_topdown_yaw_motion_1.ply,Z05_F02_topdown_yaw_motion_2.ply,4,372,337,SAME_OBJECT,VISIBILITY_STABLE,VIEW_PARTIAL,VIEW_PARTIAL,0,0.040000000000000036,0.015,0.0,0.04272001872658769,1,4
pair_105,Z05,temporal_adjacent,Z05_F01_topdown_yaw_motion_1.ply,Z05_F02_topdown_yaw_motion_2.ply,5,545,801,SAME_OBJECT,VISIBILITY_STABLE,VIEW_PARTIAL,VIEW_PARTIAL,0,0.040000000000000036,-0.01,0.0,0.041231056256176644,1,5
pair_106,Z05,temporal_adjacent,Z05_F02_topdown_yaw_motion_2.ply,Z05_F03_multiview_yaw_motion_3.ply,0,510,526,SAME_OBJECT,VIEW_PARTIAL_TO_VISIBLE,VIEW_PARTIAL,VISIBLE,0,0.015000000000000013,0.015,0.0,0.021213203435596437,1,0
pair_106,Z05,temporal_adjacent,Z05_F02_topdown_yaw_motion_2.ply,Z05_F03_multiview_yaw_motion_3.ply,1,450,883,SAME_OBJECT,VIEW_PARTIAL_TO_VISIBLE,VIEW_PARTIAL,VISIBLE,0,0.014999999999999902,-0.009999999999999998,0.0,0.018027756377319865,1,1
pair_106,Z05,temporal_adjacent,Z05_F02_topdown_yaw_motion_2.ply,Z05_F03_multiview_yaw_motion_3.ply,2,720,245,SAME_OBJECT,VIEW_PARTIAL_TO_VISIBLE,VIEW_PARTIAL,VISIBLE,0,0.015000000000000124,0.015,0.0,0.021213203435596514,1,2
pair_106,Z05,temporal_adjacent,Z05_F02_topdown_yaw_motion_2.ply,Z05_F03_multiview_yaw_motion_3.ply,3,110,693,SAME_OBJECT,VIEW_PARTIAL_TO_VISIBLE,VIEW_PARTIAL,VISIBLE,0,0.040000000000000036,-0.009999999999999998,0.0,0.041231056256176644,1,3
pair_106,Z05,temporal_adjacent,Z05_F02_topdown_yaw_motion_2.ply,Z05_F03_multiview_yaw_motion_3.ply,4,337,132,SAME_OBJECT,VIEW_PARTIAL_TO_VISIBLE,VIEW_PARTIAL,VISIBLE,0,0.040000000000000036,0.015,0.0,0.04272001872658769,1,4
pair_106,Z05,temporal_adjacent,Z05_F02_topdown_yaw_motion_2.ply,Z05_F03_multiview_yaw_motion_3.ply,5,801,253,SAME_OBJECT,VIEW_PARTIAL_TO_VISIBLE,VIEW_PARTIAL,VISIBLE,0,0.040000000000000036,-0.009999999999999998,0.0,0.041231056256176644,1,5
pair_107,D01,temporal_adjacent,D01_F00_full_l1_before_l2.ply,D01_F01_l2_new_support0.ply,0,339,928,SAME_OBJECT,VISIBILITY_STABLE,VISIBLE,VISIBLE,0,0.0,0.0,0.0,0.0,1,0
pair_107,D01,temporal_adjacent,D01_F00_full_l1_before_l2.ply,D01_F01_l2_new_support0.ply,1,857,836,SAME_OBJECT,VISIBILITY_STABLE,VISIBLE,VISIBLE,0,0.0,0.0,0.0,0.0,1,1
pair_107,D01,temporal_adjacent,D01_F00_full_l1_before_l2.ply,D01_F01_l2_new_support0.ply,2,666,167,SAME_OBJECT,VISIBILITY_STABLE,VISIBLE,VISIBLE,0,0.0,0.0,0.0,0.0,1,2
pair_107,D01,temporal_adjacent,D01_F00_full_l1_before_l2.ply,D01_F01_l2_new_support0.ply,3,431,387,SAME_OBJECT,VISIBILITY_STABLE,VISIBLE,VISIBLE,0,0.0,0.0,0.0,0.0,1,3
pair_107,D01,temporal_adjacent,D01_F00_full_l1_before_l2.ply,D01_F01_l2_new_support0.ply,4,380,887,SAME_OBJECT,VISIBILITY_STABLE,VISIBLE,VISIBLE,0,0.0,0.0,0.0,0.0,1,4
pair_107,D01,temporal_adjacent,D01_F00_full_l1_before_l2.ply,D01_F01_l2_new_support0.ply,5,213,535,SAME_OBJECT,VISIBILITY_STABLE,VISIBLE,VISIBLE,0,0.0,0.0,0.0,0.0,1,5
pair_107,D01,temporal_adjacent,D01_F00_full_l1_before_l2.ply,D01_F01_l2_new_support0.ply,6,973,971,SAME_OBJECT,VISIBILITY_STABLE,VISIBLE,VISIBLE,0,0.0,0.0,0.0,0.0,1,6
pair_107,D01,temporal_adjacent,D01_F00_full_l1_before_l2.ply,D01_F01_l2_new_support0.ply,7,991,655,SAME_OBJECT,VISIBILITY_STABLE,VISIBLE,VISIBLE,0,0.0,0.0,0.0,0.0,1,7
pair_107,D01,temporal_adjacent,D01_F00_full_l1_before_l2.ply,D01_F01_l2_new_support0.ply,8,118,479,SAME_OBJECT,VISIBILITY_STABLE,VISIBLE,VISIBLE,0,0.0,0.0,0.0,0.0,1,8
pair_107,D01,temporal_adjacent,D01_F00_full_l1_before_l2.ply,D01_F01_l2_new_support0.ply,9,530,643,SAME_OBJECT,VISIBILITY_STABLE,VISIBLE,VISIBLE,0,0.0,0.0,0.0,0.0,1,9
pair_107,D01,temporal_adjacent,D01_F00_full_l1_before_l2.ply,D01_F01_l2_new_support0.ply,10,,888,NEW,NEW,,VISIBLE,1,,,,,2,0
pair_108,D01,temporal_adjacent,D01_F01_l2_new_support0.ply,D01_F02_l2_new_support1.ply,0,928,798,SAME_OBJECT,VISIBILITY_STABLE,VISIBLE,VISIBLE,0,0.0,0.0,0.0,0.0,1,0
pair_108,D01,temporal_adjacent,D01_F01_l2_new_support0.ply,D01_F02_l2_new_support1.ply,1,836,749,SAME_OBJECT,VISIBILITY_STABLE,VISIBLE,VISIBLE,0,0.0,0.0,0.0,0.0,1,1
pair_108,D01,temporal_adjacent,D01_F01_l2_new_support0.ply,D01_F02_l2_new_support1.ply,2,167,223,SAME_OBJECT,VISIBILITY_STABLE,VISIBLE,VISIBLE,0,0.0,0.0,0.0,0.0,1,2
pair_108,D01,temporal_adjacent,D01_F01_l2_new_support0.ply,D01_F02_l2_new_support1.ply,3,387,397,SAME_OBJECT,VISIBILITY_STABLE,VISIBLE,VISIBLE,0,0.0,0.0,0.0,0.0,1,3
pair_108,D01,temporal_adjacent,D01_F01_l2_new_support0.ply,D01_F02_l2_new_support1.ply,4,887,335,SAME_OBJECT,VISIBILITY_STABLE,VISIBLE,VISIBLE,0,0.0,0.0,0.0,0.0,1,4
pair_108,D01,temporal_adjacent,D01_F01_l2_new_support0.ply,D01_F02_l2_new_support1.ply,5,535,519,SAME_OBJECT,VISIBILITY_STABLE,VISIBLE,VISIBLE,0,0.0,0.0,0.0,0.0,1,5
pair_108,D01,temporal_adjacent,D01_F01_l2_new_support0.ply,D01_F02_l2_new_support1.ply,6,971,496,SAME_OBJECT,VISIBILITY_STABLE,VISIBLE,VISIBLE,0,0.0,0.0,0.0,0.0,1,6
pair_108,D01,temporal_adjacent,D01_F01_l2_new_support0.ply,D01_F02_l2_new_support1.ply,7,655,124,SAME_OBJECT,VISIBILITY_STABLE,VISIBLE,VISIBLE,0,0.0,0.0,0.0,0.0,1,7
pair_108,D01,temporal_adjacent,D01_F01_l2_new_support0.ply,D01_F02_l2_new_support1.ply,8,479,290,SAME_OBJECT,VISIBILITY_STABLE,VISIBLE,VISIBLE,0,0.0,0.0,0.0,0.0,1,8
pair_108,D01,temporal_adjacent,D01_F01_l2_new_support0.ply,D01_F02_l2_new_support1.ply,9,643,638,SAME_OBJECT,VISIBILITY_STABLE,VISIBLE,VISIBLE,0,0.0,0.0,0.0,0.0,1,9
pair_108,D01,temporal_adjacent,D01_F01_l2_new_support0.ply,D01_F02_l2_new_support1.ply,10,888,306,SAME_OBJECT,VISIBILITY_STABLE,VISIBLE,VISIBLE,0,0.0,0.0,0.0,0.0,2,0
pair_108,D01,temporal_adjacent,D01_F01_l2_new_support0.ply,D01_F02_l2_new_support1.ply,11,,222,NEW,NEW,,VISIBLE,1,,,,,2,1
pair_109,D01,temporal_adjacent,D01_F02_l2_new_support1.ply,D01_F03_upper_settle_l1_locked.ply,0,798,702,SAME_OBJECT,VISIBILITY_STABLE,VISIBLE,VISIBLE,0,0.0,0.0,0.0,0.0,1,0
pair_109,D01,temporal_adjacent,D01_F02_l2_new_support1.ply,D01_F03_upper_settle_l1_locked.ply,1,749,402,SAME_OBJECT,VISIBILITY_STABLE,VISIBLE,VISIBLE,0,0.0,0.0,0.0,0.0,1,1
pair_109,D01,temporal_adjacent,D01_F02_l2_new_support1.ply,D01_F03_upper_settle_l1_locked.ply,2,223,116,SAME_OBJECT,VISIBILITY_STABLE,VISIBLE,VISIBLE,0,0.0,0.0,0.0,0.0,1,2
pair_109,D01,temporal_adjacent,D01_F02_l2_new_support1.ply,D01_F03_upper_settle_l1_locked.ply,3,397,940,SAME_OBJECT,VISIBILITY_STABLE,VISIBLE,VISIBLE,0,0.0,0.0,0.0,0.0,1,3
pair_109,D01,temporal_adjacent,D01_F02_l2_new_support1.ply,D01_F03_upper_settle_l1_locked.ply,4,335,671,SAME_OBJECT,VISIBILITY_STABLE,VISIBLE,VISIBLE,0,0.0,0.0,0.0,0.0,1,4
pair_109,D01,temporal_adjacent,D01_F02_l2_new_support1.ply,D01_F03_upper_settle_l1_locked.ply,5,519,121,SAME_OBJECT,VISIBILITY_STABLE,VISIBLE,VISIBLE,0,0.0,0.0,0.0,0.0,1,5
pair_109,D01,temporal_adjacent,D01_F02_l2_new_support1.ply,D01_F03_upper_settle_l1_locked.ply,6,496,743,SAME_OBJECT,VISIBILITY_STABLE,VISIBLE,VISIBLE,0,0.0,0.0,0.0,0.0,1,6
pair_109,D01,temporal_adjacent,D01_F02_l2_new_support1.ply,D01_F03_upper_settle_l1_locked.ply,7,124,213,SAME_OBJECT,VISIBILITY_STABLE,VISIBLE,VISIBLE,0,0.0,0.0,0.0,0.0,1,7
pair_109,D01,temporal_adjacent,D01_F02_l2_new_support1.ply,D01_F03_upper_settle_l1_locked.ply,8,290,987,SAME_OBJECT,VISIBILITY_STABLE,VISIBLE,VISIBLE,0,0.0,0.0,0.0,0.0,1,8
pair_109,D01,temporal_adjacent,D01_F02_l2_new_support1.ply,D01_F03_upper_settle_l1_locked.ply,9,638,606,SAME_OBJECT,VISIBILITY_STABLE,VISIBLE,VISIBLE,0,0.0,0.0,0.0,0.0,1,9
pair_109,D01,temporal_adjacent,D01_F02_l2_new_support1.ply,D01_F03_upper_settle_l1_locked.ply,10,306,299,SAME_OBJECT,VISIBILITY_STABLE,VISIBLE,VISIBLE,0,0.050000000000000044,0.0,0.0,0.050000000000000044,2,0
pair_109,D01,temporal_adjacent,D01_F02_l2_new_support1.ply,D01_F03_upper_settle_l1_locked.ply,11,222,491,SAME_OBJECT,VISIBILITY_STABLE,VISIBLE,VISIBLE,0,-0.040000000000000036,0.0,0.0,0.040000000000000036,2,1
pair_110,D02,temporal_adjacent,D02_F00_full_l1_before_right_l2.ply,D02_F01_right_new_support8.ply,0,791,864,SAME_OBJECT,VISIBILITY_STABLE,VISIBLE,VISIBLE,0,0.0,0.0,0.0,0.0,1,0
pair_110,D02,temporal_adjacent,D02_F00_full_l1_before_right_l2.ply,D02_F01_right_new_support8.ply,1,732,844,SAME_OBJECT,VISIBILITY_STABLE,VISIBLE,VISIBLE,0,0.0,0.0,0.0,0.0,1,1
pair_110,D02,temporal_adjacent,D02_F00_full_l1_before_right_l2.ply,D02_F01_right_new_support8.ply,2,799,785,SAME_OBJECT,VISIBILITY_STABLE,VISIBLE,VISIBLE,0,0.0,0.0,0.0,0.0,1,2
pair_110,D02,temporal_adjacent,D02_F00_full_l1_before_right_l2.ply,D02_F01_right_new_support8.ply,3,609,597,SAME_OBJECT,VISIBILITY_STABLE,VISIBLE,VISIBLE,0,0.0,0.0,0.0,0.0,1,3
pair_110,D02,temporal_adjacent,D02_F00_full_l1_before_right_l2.ply,D02_F01_right_new_support8.ply,4,707,476,SAME_OBJECT,VISIBILITY_STABLE,VISIBLE,VISIBLE,0,0.0,0.0,0.0,0.0,1,4
pair_110,D02,temporal_adjacent,D02_F00_full_l1_before_right_l2.ply,D02_F01_right_new_support8.ply,5,561,146,SAME_OBJECT,VISIBILITY_STABLE,VISIBLE,VISIBLE,0,0.0,0.0,0.0,0.0,1,5
pair_110,D02,temporal_adjacent,D02_F00_full_l1_before_right_l2.ply,D02_F01_right_new_support8.ply,6,351,837,SAME_OBJECT,VISIBILITY_STABLE,VISIBLE,VISIBLE,0,0.0,0.0,0.0,0.0,1,6
pair_110,D02,temporal_adjacent,D02_F00_full_l1_before_right_l2.ply,D02_F01_right_new_support8.ply,7,216,193,SAME_OBJECT,VISIBILITY_STABLE,VISIBLE,VISIBLE,0,0.0,0.0,0.0,0.0,1,7
pair_110,D02,temporal_adjacent,D02_F00_full_l1_before_right_l2.ply,D02_F01_right_new_support8.ply,8,124,327,SAME_OBJECT,VISIBILITY_STABLE,VISIBLE,VISIBLE,0,0.0,0.0,0.0,0.0,1,8
pair_110,D02,temporal_adjacent,D02_F00_full_l1_before_right_l2.ply,D02_F01_right_new_support8.ply,9,363,675,SAME_OBJECT,VISIBILITY_STABLE,VISIBLE,VISIBLE,0,0.0,0.0,0.0,0.0,1,9
pair_110,D02,temporal_adjacent,D02_F00_full_l1_before_right_l2.ply,D02_F01_right_new_support8.ply,18,,766,NEW,NEW,,VISIBLE,1,,,,,2,8
pair_111,D02,temporal_adjacent,D02_F01_right_new_support8.ply,D02_F02_right_new_support7.ply,0,864,775,SAME_OBJECT,VISIBILITY_STABLE,VISIBLE,VISIBLE,0,0.0,0.0,0.0,0.0,1,0
pair_111,D02,temporal_adjacent,D02_F01_right_new_support8.ply,D02_F02_right_new_support7.ply,1,844,665,SAME_OBJECT,VISIBILITY_STABLE,VISIBLE,VISIBLE,0,0.0,0.0,0.0,0.0,1,1
pair_111,D02,temporal_adjacent,D02_F01_right_new_support8.ply,D02_F02_right_new_support7.ply,2,785,521,SAME_OBJECT,VISIBILITY_STABLE,VISIBLE,VISIBLE,0,0.0,0.0,0.0,0.0,1,2
pair_111,D02,temporal_adjacent,D02_F01_right_new_support8.ply,D02_F02_right_new_support7.ply,3,597,903,SAME_OBJECT,VISIBILITY_STABLE,VISIBLE,VISIBLE,0,0.0,0.0,0.0,0.0,1,3
pair_111,D02,temporal_adjacent,D02_F01_right_new_support8.ply,D02_F02_right_new_support7.ply,4,476,717,SAME_OBJECT,VISIBILITY_STABLE,VISIBLE,VISIBLE,0,0.0,0.0,0.0,0.0,1,4
pair_111,D02,temporal_adjacent,D02_F01_right_new_support8.ply,D02_F02_right_new_support7.ply,5,146,171,SAME_OBJECT,VISIBILITY_STABLE,VISIBLE,VISIBLE,0,0.0,0.0,0.0,0.0,1,5
pair_111,D02,temporal_adjacent,D02_F01_right_new_support8.ply,D02_F02_right_new_support7.ply,6,837,118,SAME_OBJECT,VISIBILITY_STABLE,VISIBLE,VISIBLE,0,0.0,0.0,0.0,0.0,1,6
pair_111,D02,temporal_adjacent,D02_F01_right_new_support8.ply,D02_F02_right_new_support7.ply,7,193,209,SAME_OBJECT,VISIBILITY_STABLE,VISIBLE,VISIBLE,0,0.0,0.0,0.0,0.0,1,7
pair_111,D02,temporal_adjacent,D02_F01_right_new_support8.ply,D02_F02_right_new_support7.ply,8,327,855,SAME_OBJECT,VISIBILITY_STABLE,VISIBLE,VISIBLE,0,0.0,0.0,0.0,0.0,1,8
pair_111,D02,temporal_adjacent,D02_F01_right_new_support8.ply,D02_F02_right_new_support7.ply,9,675,109,SAME_OBJECT,VISIBILITY_STABLE,VISIBLE,VISIBLE,0,0.0,0.0,0.0,0.0,1,9
pair_111,D02,temporal_adjacent,D02_F01_right_new_support8.ply,D02_F02_right_new_support7.ply,17,,979,NEW,NEW,,VISIBLE,1,,,,,2,7
pair_111,D02,temporal_adjacent,D02_F01_right_new_support8.ply,D02_F02_right_new_support7.ply,18,766,870,SAME_OBJECT,VISIBILITY_STABLE,VISIBLE,VISIBLE,0,-0.02999999999999936,0.0,0.0,0.02999999999999936,2,8
pair_112,D02,temporal_adjacent,D02_F02_right_new_support7.ply,D02_F03_right_new_support6.ply,0,775,690,SAME_OBJECT,VISIBILITY_STABLE,VISIBLE,VISIBLE,0,0.0,0.0,0.0,0.0,1,0
pair_112,D02,temporal_adjacent,D02_F02_right_new_support7.ply,D02_F03_right_new_support6.ply,1,665,483,SAME_OBJECT,VISIBILITY_STABLE,VISIBLE,VISIBLE,0,0.0,0.0,0.0,0.0,1,1
pair_112,D02,temporal_adjacent,D02_F02_right_new_support7.ply,D02_F03_right_new_support6.ply,2,521,880,SAME_OBJECT,VISIBILITY_STABLE,VISIBLE,VISIBLE,0,0.0,0.0,0.0,0.0,1,2
pair_112,D02,temporal_adjacent,D02_F02_right_new_support7.ply,D02_F03_right_new_support6.ply,3,903,497,SAME_OBJECT,VISIBILITY_STABLE,VISIBLE,VISIBLE,0,0.0,0.0,0.0,0.0,1,3
pair_112,D02,temporal_adjacent,D02_F02_right_new_support7.ply,D02_F03_right_new_support6.ply,4,717,620,SAME_OBJECT,VISIBILITY_STABLE,VISIBLE,VISIBLE,0,0.0,0.0,0.0,0.0,1,4
pair_112,D02,temporal_adjacent,D02_F02_right_new_support7.ply,D02_F03_right_new_support6.ply,5,171,288,SAME_OBJECT,VISIBILITY_STABLE,VISIBLE,VISIBLE,0,0.0,0.0,0.0,0.0,1,5
pair_112,D02,temporal_adjacent,D02_F02_right_new_support7.ply,D02_F03_right_new_support6.ply,6,118,312,SAME_OBJECT,VISIBILITY_STABLE,VISIBLE,VISIBLE,0,0.0,0.0,0.0,0.0,1,6
pair_112,D02,temporal_adjacent,D02_F02_right_new_support7.ply,D02_F03_right_new_support6.ply,7,209,697,SAME_OBJECT,VISIBILITY_STABLE,VISIBLE,VISIBLE,0,0.0,0.0,0.0,0.0,1,7
pair_112,D02,temporal_adjacent,D02_F02_right_new_support7.ply,D02_F03_right_new_support6.ply,8,855,275,SAME_OBJECT,VISIBILITY_STABLE,VISIBLE,VISIBLE,0,0.0,0.0,0.0,0.0,1,8
pair_112,D02,temporal_adjacent,D02_F02_right_new_support7.ply,D02_F03_right_new_support6.ply,9,109,410,SAME_OBJECT,VISIBILITY_STABLE,VISIBLE,VISIBLE,0,0.0,0.0,0.0,0.0,1,9
pair_112,D02,temporal_adjacent,D02_F02_right_new_support7.ply,D02_F03_right_new_support6.ply,16,,825,NEW,NEW,,VISIBLE,1,,,,,2,6
pair_112,D02,temporal_adjacent,D02_F02_right_new_support7.ply,D02_F03_right_new_support6.ply,17,979,173,SAME_OBJECT,VISIBILITY_STABLE,VISIBLE,VISIBLE,0,0.03999999999999915,0.0,0.0,0.03999999999999915,2,7
pair_112,D02,temporal_adjacent,D02_F02_right_new_support7.ply,D02_F03_right_new_support6.ply,18,870,109,SAME_OBJECT,VISIBILITY_STABLE,VISIBLE,VISIBLE,0,0.02999999999999936,0.0,0.0,0.02999999999999936,2,8
pair_113,D03,temporal_adjacent,D03_F00_full_l1.ply,D03_F01_new_support1.ply,0,956,960,SAME_OBJECT,VISIBILITY_STABLE,VISIBLE,VISIBLE,0,0.0,0.0,0.0,0.0,1,0
pair_113,D03,temporal_adjacent,D03_F00_full_l1.ply,D03_F01_new_support1.ply,1,458,973,SAME_OBJECT,VISIBILITY_STABLE,VISIBLE,VISIBLE,0,0.0,0.0,0.0,0.0,1,1
pair_113,D03,temporal_adjacent,D03_F00_full_l1.ply,D03_F01_new_support1.ply,2,344,392,SAME_OBJECT,VISIBILITY_STABLE,VISIBLE,VISIBLE,0,0.0,0.0,0.0,0.0,1,2
pair_113,D03,temporal_adjacent,D03_F00_full_l1.ply,D03_F01_new_support1.ply,3,347,765,SAME_OBJECT,VISIBILITY_STABLE,VISIBLE,VISIBLE,0,0.0,0.0,0.0,0.0,1,3
pair_113,D03,temporal_adjacent,D03_F00_full_l1.ply,D03_F01_new_support1.ply,4,577,595,SAME_OBJECT,VISIBILITY_STABLE,VISIBLE,VISIBLE,0,0.0,0.0,0.0,0.0,1,4
pair_113,D03,temporal_adjacent,D03_F00_full_l1.ply,D03_F01_new_support1.ply,5,895,213,SAME_OBJECT,VISIBILITY_STABLE,VISIBLE,VISIBLE,0,0.0,0.0,0.0,0.0,1,5
pair_113,D03,temporal_adjacent,D03_F00_full_l1.ply,D03_F01_new_support1.ply,6,485,311,SAME_OBJECT,VISIBILITY_STABLE,VISIBLE,VISIBLE,0,0.0,0.0,0.0,0.0,1,6
pair_113,D03,temporal_adjacent,D03_F00_full_l1.ply,D03_F01_new_support1.ply,7,924,558,SAME_OBJECT,VISIBILITY_STABLE,VISIBLE,VISIBLE,0,0.0,0.0,0.0,0.0,1,7
pair_113,D03,temporal_adjacent,D03_F00_full_l1.ply,D03_F01_new_support1.ply,8,453,553,SAME_OBJECT,VISIBILITY_STABLE,VISIBLE,VISIBLE,0,0.0,0.0,0.0,0.0,1,8
pair_113,D03,temporal_adjacent,D03_F00_full_l1.ply,D03_F01_new_support1.ply,9,367,777,SAME_OBJECT,VISIBILITY_STABLE,VISIBLE,VISIBLE,0,0.0,0.0,0.0,0.0,1,9
pair_113,D03,temporal_adjacent,D03_F00_full_l1.ply,D03_F01_new_support1.ply,11,,575,NEW,NEW,,VISIBLE,1,,,,,2,1
pair_114,D03,temporal_adjacent,D03_F01_new_support1.ply,D03_F02_new_support7.ply,0,960,568,SAME_OBJECT,VISIBILITY_STABLE,VISIBLE,VISIBLE,0,0.0,0.0,0.0,0.0,1,0
pair_114,D03,temporal_adjacent,D03_F01_new_support1.ply,D03_F02_new_support7.ply,1,973,585,SAME_OBJECT,VISIBILITY_STABLE,VISIBLE,VISIBLE,0,0.0,0.0,0.0,0.0,1,1
pair_114,D03,temporal_adjacent,D03_F01_new_support1.ply,D03_F02_new_support7.ply,2,392,433,SAME_OBJECT,VISIBILITY_STABLE,VISIBLE,VISIBLE,0,0.0,0.0,0.0,0.0,1,2
pair_114,D03,temporal_adjacent,D03_F01_new_support1.ply,D03_F02_new_support7.ply,3,765,320,SAME_OBJECT,VISIBILITY_STABLE,VISIBLE,VISIBLE,0,0.0,0.0,0.0,0.0,1,3
pair_114,D03,temporal_adjacent,D03_F01_new_support1.ply,D03_F02_new_support7.ply,4,595,495,SAME_OBJECT,VISIBILITY_STABLE,VISIBLE,VISIBLE,0,0.0,0.0,0.0,0.0,1,4
pair_114,D03,temporal_adjacent,D03_F01_new_support1.ply,D03_F02_new_support7.ply,5,213,278,SAME_OBJECT,VISIBILITY_STABLE,VISIBLE,VISIBLE,0,0.0,0.0,0.0,0.0,1,5
pair_114,D03,temporal_adjacent,D03_F01_new_support1.ply,D03_F02_new_support7.ply,6,311,784,SAME_OBJECT,VISIBILITY_STABLE,VISIBLE,VISIBLE,0,0.0,0.0,0.0,0.0,1,6
pair_114,D03,temporal_adjacent,D03_F01_new_support1.ply,D03_F02_new_support7.ply,7,558,701,SAME_OBJECT,VISIBILITY_STABLE,VISIBLE,VISIBLE,0,0.0,0.0,0.0,0.0,1,7
pair_114,D03,temporal_adjacent,D03_F01_new_support1.ply,D03_F02_new_support7.ply,8,553,990,SAME_OBJECT,VISIBILITY_STABLE,VISIBLE,VISIBLE,0,0.0,0.0,0.0,0.0,1,8
pair_114,D03,temporal_adjacent,D03_F01_new_support1.ply,D03_F02_new_support7.ply,9,777,465,SAME_OBJECT,VISIBILITY_STABLE,VISIBLE,VISIBLE,0,0.0,0.0,0.0,0.0,1,9
pair_114,D03,temporal_adjacent,D03_F01_new_support1.ply,D03_F02_new_support7.ply,11,575,681,SAME_OBJECT,VISIBILITY_STABLE,VISIBLE,VISIBLE,0,0.06000000000000005,0.0,0.0,0.06000000000000005,2,1
pair_114,D03,temporal_adjacent,D03_F01_new_support1.ply,D03_F02_new_support7.ply,17,,479,NEW,NEW,,VISIBLE,1,,,,,2,7
pair_115,D03,temporal_adjacent,D03_F02_new_support7.ply,D03_F03_multi_new_support3_5.ply,0,568,243,SAME_OBJECT,VISIBILITY_STABLE,VISIBLE,VISIBLE,0,0.0,0.0,0.0,0.0,1,0
pair_115,D03,temporal_adjacent,D03_F02_new_support7.ply,D03_F03_multi_new_support3_5.ply,1,585,874,SAME_OBJECT,VISIBILITY_STABLE,VISIBLE,VISIBLE,0,0.0,0.0,0.0,0.0,1,1
pair_115,D03,temporal_adjacent,D03_F02_new_support7.ply,D03_F03_multi_new_support3_5.ply,2,433,381,SAME_OBJECT,VISIBILITY_STABLE,VISIBLE,VISIBLE,0,0.0,0.0,0.0,0.0,1,2
pair_115,D03,temporal_adjacent,D03_F02_new_support7.ply,D03_F03_multi_new_support3_5.ply,3,320,790,SAME_OBJECT,VISIBILITY_STABLE,VISIBLE,VISIBLE,0,0.0,0.0,0.0,0.0,1,3
pair_115,D03,temporal_adjacent,D03_F02_new_support7.ply,D03_F03_multi_new_support3_5.ply,4,495,433,SAME_OBJECT,VISIBILITY_STABLE,VISIBLE,VISIBLE,0,0.0,0.0,0.0,0.0,1,4
pair_115,D03,temporal_adjacent,D03_F02_new_support7.ply,D03_F03_multi_new_support3_5.ply,5,278,881,SAME_OBJECT,VISIBILITY_STABLE,VISIBLE,VISIBLE,0,0.0,0.0,0.0,0.0,1,5
pair_115,D03,temporal_adjacent,D03_F02_new_support7.ply,D03_F03_multi_new_support3_5.ply,6,784,925,SAME_OBJECT,VISIBILITY_STABLE,VISIBLE,VISIBLE,0,0.0,0.0,0.0,0.0,1,6
pair_115,D03,temporal_adjacent,D03_F02_new_support7.ply,D03_F03_multi_new_support3_5.ply,7,701,483,SAME_OBJECT,VISIBILITY_STABLE,VISIBLE,VISIBLE,0,0.0,0.0,0.0,0.0,1,7
pair_115,D03,temporal_adjacent,D03_F02_new_support7.ply,D03_F03_multi_new_support3_5.ply,8,990,340,SAME_OBJECT,VISIBILITY_STABLE,VISIBLE,VISIBLE,0,0.0,0.0,0.0,0.0,1,8
pair_115,D03,temporal_adjacent,D03_F02_new_support7.ply,D03_F03_multi_new_support3_5.ply,9,465,851,SAME_OBJECT,VISIBILITY_STABLE,VISIBLE,VISIBLE,0,0.0,0.0,0.0,0.0,1,9
pair_115,D03,temporal_adjacent,D03_F02_new_support7.ply,D03_F03_multi_new_support3_5.ply,11,681,402,SAME_OBJECT,VISIBILITY_STABLE,VISIBLE,VISIBLE,0,-0.06000000000000005,0.0,0.0,0.06000000000000005,2,1
pair_115,D03,temporal_adjacent,D03_F02_new_support7.ply,D03_F03_multi_new_support3_5.ply,13,,126,NEW,NEW,,VISIBLE,1,,,,,2,3
pair_115,D03,temporal_adjacent,D03_F02_new_support7.ply,D03_F03_multi_new_support3_5.ply,15,,856,NEW,NEW,,VISIBLE,1,,,,,2,5
pair_115,D03,temporal_adjacent,D03_F02_new_support7.ply,D03_F03_multi_new_support3_5.ply,17,479,333,SAME_OBJECT,VISIBILITY_STABLE,VISIBLE,VISIBLE,0,-0.05000000000000071,0.0,0.0,0.05000000000000071,2,7
pair_116,D04,temporal_adjacent,D04_F00_full_l1_multiview.ply,D04_F01_top_new_support2.ply,0,564,833,SAME_OBJECT,VISIBLE_TO_VIEW_PARTIAL,VISIBLE,VIEW_PARTIAL,0,0.0,0.0,0.0,0.0,1,0
pair_116,D04,temporal_adjacent,D04_F00_full_l1_multiview.ply,D04_F01_top_new_support2.ply,1,253,384,SAME_OBJECT,VISIBLE_TO_VIEW_PARTIAL,VISIBLE,VIEW_PARTIAL,0,0.0,0.0,0.0,0.0,1,1
pair_116,D04,temporal_adjacent,D04_F00_full_l1_multiview.ply,D04_F01_top_new_support2.ply,2,366,177,SAME_OBJECT,VISIBLE_TO_OCCLUDED,VISIBLE,OCCLUDED,0,0.0,0.0,0.0,0.0,1,2
pair_116,D04,temporal_adjacent,D04_F00_full_l1_multiview.ply,D04_F01_top_new_support2.ply,3,706,942,SAME_OBJECT,VISIBLE_TO_OCCLUDED,VISIBLE,OCCLUDED,0,0.0,0.0,0.0,0.0,1,3
pair_116,D04,temporal_adjacent,D04_F00_full_l1_multiview.ply,D04_F01_top_new_support2.ply,4,520,299,SAME_OBJECT,VISIBLE_TO_VIEW_PARTIAL,VISIBLE,VIEW_PARTIAL,0,0.0,0.0,0.0,0.0,1,4
pair_116,D04,temporal_adjacent,D04_F00_full_l1_multiview.ply,D04_F01_top_new_support2.ply,5,698,144,SAME_OBJECT,VISIBLE_TO_VIEW_PARTIAL,VISIBLE,VIEW_PARTIAL,0,0.0,0.0,0.0,0.0,1,5
pair_116,D04,temporal_adjacent,D04_F00_full_l1_multiview.ply,D04_F01_top_new_support2.ply,6,721,115,SAME_OBJECT,VISIBLE_TO_VIEW_PARTIAL,VISIBLE,VIEW_PARTIAL,0,0.0,0.0,0.0,0.0,1,6
pair_116,D04,temporal_adjacent,D04_F00_full_l1_multiview.ply,D04_F01_top_new_support2.ply,7,980,130,SAME_OBJECT,VISIBLE_TO_VIEW_PARTIAL,VISIBLE,VIEW_PARTIAL,0,0.0,0.0,0.0,0.0,1,7
pair_116,D04,temporal_adjacent,D04_F00_full_l1_multiview.ply,D04_F01_top_new_support2.ply,8,968,835,SAME_OBJECT,VISIBLE_TO_VIEW_PARTIAL,VISIBLE,VIEW_PARTIAL,0,0.0,0.0,0.0,0.0,1,8
pair_116,D04,temporal_adjacent,D04_F00_full_l1_multiview.ply,D04_F01_top_new_support2.ply,9,624,256,SAME_OBJECT,VISIBLE_TO_VIEW_PARTIAL,VISIBLE,VIEW_PARTIAL,0,0.0,0.0,0.0,0.0,1,9
pair_116,D04,temporal_adjacent,D04_F00_full_l1_multiview.ply,D04_F01_top_new_support2.ply,12,,385,NEW,NEW,,VIEW_PARTIAL,1,,,,,2,2
pair_117,D04,temporal_adjacent,D04_F01_top_new_support2.ply,D04_F02_top_new_support3.ply,0,833,189,SAME_OBJECT,VISIBILITY_STABLE,VIEW_PARTIAL,VIEW_PARTIAL,0,0.0,0.0,0.0,0.0,1,0
pair_117,D04,temporal_adjacent,D04_F01_top_new_support2.ply,D04_F02_top_new_support3.ply,1,384,946,SAME_OBJECT,VISIBILITY_STABLE,VIEW_PARTIAL,VIEW_PARTIAL,0,0.0,0.0,0.0,0.0,1,1
pair_117,D04,temporal_adjacent,D04_F01_top_new_support2.ply,D04_F02_top_new_support3.ply,2,177,650,SAME_OBJECT,VISIBILITY_STABLE,OCCLUDED,OCCLUDED,0,0.0,0.0,0.0,0.0,1,2
pair_117,D04,temporal_adjacent,D04_F01_top_new_support2.ply,D04_F02_top_new_support3.ply,3,942,503,SAME_OBJECT,VISIBILITY_STABLE,OCCLUDED,OCCLUDED,0,0.0,0.0,0.0,0.0,1,3
pair_117,D04,temporal_adjacent,D04_F01_top_new_support2.ply,D04_F02_top_new_support3.ply,4,299,715,SAME_OBJECT,VIEW_PARTIAL_TO_OCCLUDED,VIEW_PARTIAL,OCCLUDED,0,0.0,0.0,0.0,0.0,1,4
pair_117,D04,temporal_adjacent,D04_F01_top_new_support2.ply,D04_F02_top_new_support3.ply,5,144,911,SAME_OBJECT,VISIBILITY_STABLE,VIEW_PARTIAL,VIEW_PARTIAL,0,0.0,0.0,0.0,0.0,1,5
pair_117,D04,temporal_adjacent,D04_F01_top_new_support2.ply,D04_F02_top_new_support3.ply,6,115,191,SAME_OBJECT,VISIBILITY_STABLE,VIEW_PARTIAL,VIEW_PARTIAL,0,0.0,0.0,0.0,0.0,1,6
pair_117,D04,temporal_adjacent,D04_F01_top_new_support2.ply,D04_F02_top_new_support3.ply,7,130,913,SAME_OBJECT,VISIBILITY_STABLE,VIEW_PARTIAL,VIEW_PARTIAL,0,0.0,0.0,0.0,0.0,1,7
pair_117,D04,temporal_adjacent,D04_F01_top_new_support2.ply,D04_F02_top_new_support3.ply,8,835,762,SAME_OBJECT,VISIBILITY_STABLE,VIEW_PARTIAL,VIEW_PARTIAL,0,0.0,0.0,0.0,0.0,1,8
pair_117,D04,temporal_adjacent,D04_F01_top_new_support2.ply,D04_F02_top_new_support3.ply,9,256,547,SAME_OBJECT,VISIBILITY_STABLE,VIEW_PARTIAL,VIEW_PARTIAL,0,0.0,0.0,0.0,0.0,1,9
pair_117,D04,temporal_adjacent,D04_F01_top_new_support2.ply,D04_F02_top_new_support3.ply,12,385,781,SAME_OBJECT,VISIBILITY_STABLE,VIEW_PARTIAL,VIEW_PARTIAL,0,0.03000000000000025,0.0,0.0,0.03000000000000025,2,2
pair_117,D04,temporal_adjacent,D04_F01_top_new_support2.ply,D04_F02_top_new_support3.ply,13,,703,NEW,NEW,,VIEW_PARTIAL,1,,,,,2,3
pair_118,D04,temporal_adjacent,D04_F02_top_new_support3.ply,D04_F03_top_upper_motion.ply,0,189,448,SAME_OBJECT,VISIBILITY_STABLE,VIEW_PARTIAL,VIEW_PARTIAL,0,0.0,0.0,0.0,0.0,1,0
pair_118,D04,temporal_adjacent,D04_F02_top_new_support3.ply,D04_F03_top_upper_motion.ply,1,946,462,SAME_OBJECT,VISIBILITY_STABLE,VIEW_PARTIAL,VIEW_PARTIAL,0,0.0,0.0,0.0,0.0,1,1
pair_118,D04,temporal_adjacent,D04_F02_top_new_support3.ply,D04_F03_top_upper_motion.ply,2,650,331,SAME_OBJECT,VISIBILITY_STABLE,OCCLUDED,OCCLUDED,0,0.0,0.0,0.0,0.0,1,2
pair_118,D04,temporal_adjacent,D04_F02_top_new_support3.ply,D04_F03_top_upper_motion.ply,3,503,573,SAME_OBJECT,VISIBILITY_STABLE,OCCLUDED,OCCLUDED,0,0.0,0.0,0.0,0.0,1,3
pair_118,D04,temporal_adjacent,D04_F02_top_new_support3.ply,D04_F03_top_upper_motion.ply,4,715,826,SAME_OBJECT,VISIBILITY_STABLE,OCCLUDED,OCCLUDED,0,0.0,0.0,0.0,0.0,1,4
pair_118,D04,temporal_adjacent,D04_F02_top_new_support3.ply,D04_F03_top_upper_motion.ply,5,911,922,SAME_OBJECT,VISIBILITY_STABLE,VIEW_PARTIAL,VIEW_PARTIAL,0,0.0,0.0,0.0,0.0,1,5
pair_118,D04,temporal_adjacent,D04_F02_top_new_support3.ply,D04_F03_top_upper_motion.ply,6,191,387,SAME_OBJECT,VISIBILITY_STABLE,VIEW_PARTIAL,VIEW_PARTIAL,0,0.0,0.0,0.0,0.0,1,6
pair_118,D04,temporal_adjacent,D04_F02_top_new_support3.ply,D04_F03_top_upper_motion.ply,7,913,297,SAME_OBJECT,VISIBILITY_STABLE,VIEW_PARTIAL,VIEW_PARTIAL,0,0.0,0.0,0.0,0.0,1,7
pair_118,D04,temporal_adjacent,D04_F02_top_new_support3.ply,D04_F03_top_upper_motion.ply,8,762,124,SAME_OBJECT,VISIBILITY_STABLE,VIEW_PARTIAL,VIEW_PARTIAL,0,0.0,0.0,0.0,0.0,1,8
pair_118,D04,temporal_adjacent,D04_F02_top_new_support3.ply,D04_F03_top_upper_motion.ply,9,547,708,SAME_OBJECT,VISIBILITY_STABLE,VIEW_PARTIAL,VIEW_PARTIAL,0,0.0,0.0,0.0,0.0,1,9
pair_118,D04,temporal_adjacent,D04_F02_top_new_support3.ply,D04_F03_top_upper_motion.ply,12,781,823,SAME_OBJECT,VISIBILITY_STABLE,VIEW_PARTIAL,VIEW_PARTIAL,0,0.04999999999999982,0.0,0.0,0.04999999999999982,2,2
pair_118,D04,temporal_adjacent,D04_F02_top_new_support3.ply,D04_F03_top_upper_motion.ply,13,703,203,SAME_OBJECT,VISIBILITY_STABLE,VIEW_PARTIAL,VIEW_PARTIAL,0,-0.07000000000000028,0.0,0.0,0.07000000000000028,2,3
pair_119,D05,temporal_adjacent,D05_F00_bootstrap_double_layer.ply,D05_F01_bootstrap_then_new_support7.ply,0,460,765,SAME_OBJECT,VISIBILITY_STABLE,VISIBLE,VISIBLE,0,0.0,0.0,0.0,0.0,1,0
pair_119,D05,temporal_adjacent,D05_F00_bootstrap_double_layer.ply,D05_F01_bootstrap_then_new_support7.ply,1,987,115,SAME_OBJECT,VISIBILITY_STABLE,VISIBLE,VISIBLE,0,0.0,0.0,0.0,0.0,1,1
pair_119,D05,temporal_adjacent,D05_F00_bootstrap_double_layer.ply,D05_F01_bootstrap_then_new_support7.ply,2,496,955,SAME_OBJECT,VISIBILITY_STABLE,VISIBLE,VISIBLE,0,0.0,0.0,0.0,0.0,1,2
pair_119,D05,temporal_adjacent,D05_F00_bootstrap_double_layer.ply,D05_F01_bootstrap_then_new_support7.ply,3,292,643,SAME_OBJECT,VISIBILITY_STABLE,VISIBLE,VISIBLE,0,0.0,0.0,0.0,0.0,1,3
pair_119,D05,temporal_adjacent,D05_F00_bootstrap_double_layer.ply,D05_F01_bootstrap_then_new_support7.ply,4,446,735,SAME_OBJECT,VISIBILITY_STABLE,VISIBLE,VISIBLE,0,0.0,0.0,0.0,0.0,1,4
pair_119,D05,temporal_adjacent,D05_F00_bootstrap_double_layer.ply,D05_F01_bootstrap_then_new_support7.ply,5,878,250,SAME_OBJECT,VISIBILITY_STABLE,VISIBLE,VISIBLE,0,0.0,0.0,0.0,0.0,1,5
pair_119,D05,temporal_adjacent,D05_F00_bootstrap_double_layer.ply,D05_F01_bootstrap_then_new_support7.ply,6,665,872,SAME_OBJECT,VISIBILITY_STABLE,VISIBLE,VISIBLE,0,0.0,0.0,0.0,0.0,1,6
pair_119,D05,temporal_adjacent,D05_F00_bootstrap_double_layer.ply,D05_F01_bootstrap_then_new_support7.ply,7,307,436,SAME_OBJECT,VISIBILITY_STABLE,VISIBLE,VISIBLE,0,0.0,0.0,0.0,0.0,1,7
pair_119,D05,temporal_adjacent,D05_F00_bootstrap_double_layer.ply,D05_F01_bootstrap_then_new_support7.ply,8,724,519,SAME_OBJECT,VISIBILITY_STABLE,VISIBLE,VISIBLE,0,0.0,0.0,0.0,0.0,1,8
pair_119,D05,temporal_adjacent,D05_F00_bootstrap_double_layer.ply,D05_F01_bootstrap_then_new_support7.ply,9,653,160,SAME_OBJECT,VISIBILITY_STABLE,VISIBLE,VISIBLE,0,0.0,0.0,0.0,0.0,1,9
pair_119,D05,temporal_adjacent,D05_F00_bootstrap_double_layer.ply,D05_F01_bootstrap_then_new_support7.ply,11,567,308,SAME_OBJECT,VISIBILITY_STABLE,VISIBLE,VISIBLE,0,0.029999999999999805,0.0,0.0,0.029999999999999805,2,1
pair_119,D05,temporal_adjacent,D05_F00_bootstrap_double_layer.ply,D05_F01_bootstrap_then_new_support7.ply,13,258,528,SAME_OBJECT,VISIBILITY_STABLE,VISIBLE,VISIBLE,0,-0.040000000000000036,0.0,0.0,0.040000000000000036,2,3
pair_119,D05,temporal_adjacent,D05_F00_bootstrap_double_layer.ply,D05_F01_bootstrap_then_new_support7.ply,15,899,634,SAME_OBJECT,VISIBILITY_STABLE,VISIBLE,VISIBLE,0,0.0,0.0,0.0,0.0,2,5
pair_119,D05,temporal_adjacent,D05_F00_bootstrap_double_layer.ply,D05_F01_bootstrap_then_new_support7.ply,17,,502,NEW,NEW,,VISIBLE,1,,,,,2,7
pair_120,D05,temporal_adjacent,D05_F01_bootstrap_then_new_support7.ply,D05_F02_bootstrap_followup.ply,0,765,547,SAME_OBJECT,VISIBILITY_STABLE,VISIBLE,VISIBLE,0,0.0,0.0,0.0,0.0,1,0
pair_120,D05,temporal_adjacent,D05_F01_bootstrap_then_new_support7.ply,D05_F02_bootstrap_followup.ply,1,115,354,SAME_OBJECT,VISIBILITY_STABLE,VISIBLE,VISIBLE,0,0.0,0.0,0.0,0.0,1,1
pair_120,D05,temporal_adjacent,D05_F01_bootstrap_then_new_support7.ply,D05_F02_bootstrap_followup.ply,2,955,181,SAME_OBJECT,VISIBILITY_STABLE,VISIBLE,VISIBLE,0,0.0,0.0,0.0,0.0,1,2
pair_120,D05,temporal_adjacent,D05_F01_bootstrap_then_new_support7.ply,D05_F02_bootstrap_followup.ply,3,643,881,SAME_OBJECT,VISIBILITY_STABLE,VISIBLE,VISIBLE,0,0.0,0.0,0.0,0.0,1,3
pair_120,D05,temporal_adjacent,D05_F01_bootstrap_then_new_support7.ply,D05_F02_bootstrap_followup.ply,4,735,569,SAME_OBJECT,VISIBILITY_STABLE,VISIBLE,VISIBLE,0,0.0,0.0,0.0,0.0,1,4
pair_120,D05,temporal_adjacent,D05_F01_bootstrap_then_new_support7.ply,D05_F02_bootstrap_followup.ply,5,250,514,SAME_OBJECT,VISIBILITY_STABLE,VISIBLE,VISIBLE,0,0.0,0.0,0.0,0.0,1,5
pair_120,D05,temporal_adjacent,D05_F01_bootstrap_then_new_support7.ply,D05_F02_bootstrap_followup.ply,6,872,190,SAME_OBJECT,VISIBILITY_STABLE,VISIBLE,VISIBLE,0,0.0,0.0,0.0,0.0,1,6
pair_120,D05,temporal_adjacent,D05_F01_bootstrap_then_new_support7.ply,D05_F02_bootstrap_followup.ply,7,436,594,SAME_OBJECT,VISIBILITY_STABLE,VISIBLE,VISIBLE,0,0.0,0.0,0.0,0.0,1,7
pair_120,D05,temporal_adjacent,D05_F01_bootstrap_then_new_support7.ply,D05_F02_bootstrap_followup.ply,8,519,111,SAME_OBJECT,VISIBILITY_STABLE,VISIBLE,VISIBLE,0,0.0,0.0,0.0,0.0,1,8
pair_120,D05,temporal_adjacent,D05_F01_bootstrap_then_new_support7.ply,D05_F02_bootstrap_followup.ply,9,160,622,SAME_OBJECT,VISIBILITY_STABLE,VISIBLE,VISIBLE,0,0.0,0.0,0.0,0.0,1,9
pair_120,D05,temporal_adjacent,D05_F01_bootstrap_then_new_support7.ply,D05_F02_bootstrap_followup.ply,11,308,302,SAME_OBJECT,VISIBILITY_STABLE,VISIBLE,VISIBLE,0,0.03000000000000025,0.0,0.0,0.03000000000000025,2,1
pair_120,D05,temporal_adjacent,D05_F01_bootstrap_then_new_support7.ply,D05_F02_bootstrap_followup.ply,13,528,896,SAME_OBJECT,VISIBILITY_STABLE,VISIBLE,VISIBLE,0,0.020000000000000462,0.0,0.0,0.020000000000000462,2,3
pair_120,D05,temporal_adjacent,D05_F01_bootstrap_then_new_support7.ply,D05_F02_bootstrap_followup.ply,15,634,423,SAME_OBJECT,VISIBILITY_STABLE,VISIBLE,VISIBLE,0,0.0,0.0,0.0,0.0,2,5
pair_120,D05,temporal_adjacent,D05_F01_bootstrap_then_new_support7.ply,D05_F02_bootstrap_followup.ply,17,502,642,SAME_OBJECT,VISIBILITY_STABLE,VISIBLE,VISIBLE,0,0.03999999999999915,0.0,0.0,0.03999999999999915,2,7
pair_121,D06,temporal_adjacent,D06_F00_bootstrap_topdown_heavy.ply,D06_F01_topdown_add_eighth.ply,0,304,684,SAME_OBJECT,VISIBILITY_STABLE,OCCLUDED,OCCLUDED,0,0.0,0.0,0.0,0.0,1,0
pair_121,D06,temporal_adjacent,D06_F00_bootstrap_topdown_heavy.ply,D06_F01_topdown_add_eighth.ply,1,846,914,SAME_OBJECT,VISIBILITY_STABLE,OCCLUDED,OCCLUDED,0,0.0,0.0,0.0,0.0,1,1
pair_121,D06,temporal_adjacent,D06_F00_bootstrap_topdown_heavy.ply,D06_F01_topdown_add_eighth.ply,2,702,892,SAME_OBJECT,VISIBILITY_STABLE,OCCLUDED,OCCLUDED,0,0.0,0.0,0.0,0.0,1,2
pair_121,D06,temporal_adjacent,D06_F00_bootstrap_topdown_heavy.ply,D06_F01_topdown_add_eighth.ply,3,111,401,SAME_OBJECT,VISIBILITY_STABLE,OCCLUDED,OCCLUDED,0,0.0,0.0,0.0,0.0,1,3
pair_121,D06,temporal_adjacent,D06_F00_bootstrap_topdown_heavy.ply,D06_F01_topdown_add_eighth.ply,4,289,319,SAME_OBJECT,VISIBILITY_STABLE,OCCLUDED,OCCLUDED,0,0.0,0.0,0.0,0.0,1,4
pair_121,D06,temporal_adjacent,D06_F00_bootstrap_topdown_heavy.ply,D06_F01_topdown_add_eighth.ply,5,378,218,SAME_OBJECT,VISIBILITY_STABLE,OCCLUDED,OCCLUDED,0,0.0,0.0,0.0,0.0,1,5
pair_121,D06,temporal_adjacent,D06_F00_bootstrap_topdown_heavy.ply,D06_F01_topdown_add_eighth.ply,6,635,733,SAME_OBJECT,VISIBILITY_STABLE,OCCLUDED,OCCLUDED,0,0.0,0.0,0.0,0.0,1,6
pair_121,D06,temporal_adjacent,D06_F00_bootstrap_topdown_heavy.ply,D06_F01_topdown_add_eighth.ply,7,596,416,SAME_OBJECT,VISIBILITY_STABLE,OCCLUDED,OCCLUDED,0,0.0,0.0,0.0,0.0,1,7
pair_121,D06,temporal_adjacent,D06_F00_bootstrap_topdown_heavy.ply,D06_F01_topdown_add_eighth.ply,8,750,832,SAME_OBJECT,VIEW_PARTIAL_TO_OCCLUDED,VIEW_PARTIAL,OCCLUDED,0,0.0,0.0,0.0,0.0,1,8
pair_121,D06,temporal_adjacent,D06_F00_bootstrap_topdown_heavy.ply,D06_F01_topdown_add_eighth.ply,9,218,273,SAME_OBJECT,VISIBILITY_STABLE,VIEW_PARTIAL,VIEW_PARTIAL,0,0.0,0.0,0.0,0.0,1,9
pair_121,D06,temporal_adjacent,D06_F00_bootstrap_topdown_heavy.ply,D06_F01_topdown_add_eighth.ply,10,456,568,SAME_OBJECT,VISIBILITY_STABLE,VIEW_PARTIAL,VIEW_PARTIAL,0,0.0,0.0,0.0,0.0,2,0
pair_121,D06,temporal_adjacent,D06_F00_bootstrap_topdown_heavy.ply,D06_F01_topdown_add_eighth.ply,11,211,215,SAME_OBJECT,VISIBILITY_STABLE,VIEW_PARTIAL,VIEW_PARTIAL,0,0.020000000000000018,0.0,0.0,0.020000000000000018,2,1
pair_121,D06,temporal_adjacent,D06_F00_bootstrap_topdown_heavy.ply,D06_F01_topdown_add_eighth.ply,12,225,415,SAME_OBJECT,VISIBILITY_STABLE,VIEW_PARTIAL,VIEW_PARTIAL,0,0.0,0.0,0.0,0.0,2,2
pair_121,D06,temporal_adjacent,D06_F00_bootstrap_topdown_heavy.ply,D06_F01_topdown_add_eighth.ply,13,830,691,SAME_OBJECT,VISIBILITY_STABLE,VIEW_PARTIAL,VIEW_PARTIAL,0,0.0,0.0,0.0,0.0,2,3
pair_121,D06,temporal_adjacent,D06_F00_bootstrap_topdown_heavy.ply,D06_F01_topdown_add_eighth.ply,14,665,348,SAME_OBJECT,VISIBILITY_STABLE,VIEW_PARTIAL,VIEW_PARTIAL,0,0.0,0.0,0.0,0.0,2,4
pair_121,D06,temporal_adjacent,D06_F00_bootstrap_topdown_heavy.ply,D06_F01_topdown_add_eighth.ply,15,799,234,SAME_OBJECT,VISIBILITY_STABLE,VIEW_PARTIAL,VIEW_PARTIAL,0,-0.03000000000000025,0.0,0.0,0.03000000000000025,2,5
pair_121,D06,temporal_adjacent,D06_F00_bootstrap_topdown_heavy.ply,D06_F01_topdown_add_eighth.ply,16,322,986,SAME_OBJECT,VISIBILITY_STABLE,VIEW_PARTIAL,VIEW_PARTIAL,0,0.0,0.0,0.0,0.0,2,6
pair_121,D06,temporal_adjacent,D06_F00_bootstrap_topdown_heavy.ply,D06_F01_topdown_add_eighth.ply,17,,159,NEW,NEW,,VIEW_PARTIAL,1,,,,,2,7
pair_122,D06,temporal_adjacent,D06_F01_topdown_add_eighth.ply,D06_F02_topdown_all_eight_settle.ply,0,684,547,SAME_OBJECT,VISIBILITY_STABLE,OCCLUDED,OCCLUDED,0,0.0,0.0,0.0,0.0,1,0
pair_122,D06,temporal_adjacent,D06_F01_topdown_add_eighth.ply,D06_F02_topdown_all_eight_settle.ply,1,914,416,SAME_OBJECT,VISIBILITY_STABLE,OCCLUDED,OCCLUDED,0,0.0,0.0,0.0,0.0,1,1
pair_122,D06,temporal_adjacent,D06_F01_topdown_add_eighth.ply,D06_F02_topdown_all_eight_settle.ply,2,892,754,SAME_OBJECT,VISIBILITY_STABLE,OCCLUDED,OCCLUDED,0,0.0,0.0,0.0,0.0,1,2
pair_122,D06,temporal_adjacent,D06_F01_topdown_add_eighth.ply,D06_F02_topdown_all_eight_settle.ply,3,401,923,SAME_OBJECT,VISIBILITY_STABLE,OCCLUDED,OCCLUDED,0,0.0,0.0,0.0,0.0,1,3
pair_122,D06,temporal_adjacent,D06_F01_topdown_add_eighth.ply,D06_F02_topdown_all_eight_settle.ply,4,319,469,SAME_OBJECT,VISIBILITY_STABLE,OCCLUDED,OCCLUDED,0,0.0,0.0,0.0,0.0,1,4
pair_122,D06,temporal_adjacent,D06_F01_topdown_add_eighth.ply,D06_F02_topdown_all_eight_settle.ply,5,218,821,SAME_OBJECT,VISIBILITY_STABLE,OCCLUDED,OCCLUDED,0,0.0,0.0,0.0,0.0,1,5
pair_122,D06,temporal_adjacent,D06_F01_topdown_add_eighth.ply,D06_F02_topdown_all_eight_settle.ply,6,733,822,SAME_OBJECT,VISIBILITY_STABLE,OCCLUDED,OCCLUDED,0,0.0,0.0,0.0,0.0,1,6
pair_122,D06,temporal_adjacent,D06_F01_topdown_add_eighth.ply,D06_F02_topdown_all_eight_settle.ply,7,416,490,SAME_OBJECT,VISIBILITY_STABLE,OCCLUDED,OCCLUDED,0,0.0,0.0,0.0,0.0,1,7
pair_122,D06,temporal_adjacent,D06_F01_topdown_add_eighth.ply,D06_F02_topdown_all_eight_settle.ply,8,832,849,SAME_OBJECT,VISIBILITY_STABLE,OCCLUDED,OCCLUDED,0,0.0,0.0,0.0,0.0,1,8
pair_122,D06,temporal_adjacent,D06_F01_topdown_add_eighth.ply,D06_F02_topdown_all_eight_settle.ply,9,273,715,SAME_OBJECT,VISIBILITY_STABLE,VIEW_PARTIAL,VIEW_PARTIAL,0,0.0,0.0,0.0,0.0,1,9
pair_122,D06,temporal_adjacent,D06_F01_topdown_add_eighth.ply,D06_F02_topdown_all_eight_settle.ply,10,568,681,SAME_OBJECT,VISIBILITY_STABLE,VIEW_PARTIAL,VIEW_PARTIAL,0,0.020000000000000018,0.0,0.0,0.020000000000000018,2,0
pair_122,D06,temporal_adjacent,D06_F01_topdown_add_eighth.ply,D06_F02_topdown_all_eight_settle.ply,11,215,933,SAME_OBJECT,VISIBILITY_STABLE,VIEW_PARTIAL,VIEW_PARTIAL,0,-0.020000000000000018,0.0,0.0,0.020000000000000018,2,1
pair_122,D06,temporal_adjacent,D06_F01_topdown_add_eighth.ply,D06_F02_topdown_all_eight_settle.ply,12,415,627,SAME_OBJECT,VISIBILITY_STABLE,VIEW_PARTIAL,VIEW_PARTIAL,0,-0.019999999999999574,0.0,0.0,0.019999999999999574,2,2
pair_122,D06,temporal_adjacent,D06_F01_topdown_add_eighth.ply,D06_F02_topdown_all_eight_settle.ply,13,691,396,SAME_OBJECT,VISIBILITY_STABLE,VIEW_PARTIAL,VIEW_PARTIAL,0,0.0,0.0,0.0,0.0,2,3
pair_122,D06,temporal_adjacent,D06_F01_topdown_add_eighth.ply,D06_F02_topdown_all_eight_settle.ply,14,348,571,SAME_OBJECT,VISIBILITY_STABLE,VIEW_PARTIAL,VIEW_PARTIAL,0,0.03000000000000025,0.0,0.0,0.03000000000000025,2,4
pair_122,D06,temporal_adjacent,D06_F01_topdown_add_eighth.ply,D06_F02_topdown_all_eight_settle.ply,15,234,514,SAME_OBJECT,VISIBILITY_STABLE,VIEW_PARTIAL,VIEW_PARTIAL,0,0.03000000000000025,0.0,0.0,0.03000000000000025,2,5
pair_122,D06,temporal_adjacent,D06_F01_topdown_add_eighth.ply,D06_F02_topdown_all_eight_settle.ply,16,986,250,SAME_OBJECT,VISIBILITY_STABLE,VIEW_PARTIAL,VIEW_PARTIAL,0,0.0,0.0,0.0,0.0,2,6
pair_122,D06,temporal_adjacent,D06_F01_topdown_add_eighth.ply,D06_F02_topdown_all_eight_settle.ply,17,159,596,SAME_OBJECT,VISIBILITY_STABLE,VIEW_PARTIAL,VIEW_PARTIAL,0,-0.02999999999999936,0.0,0.0,0.02999999999999936,2,7
pair_123,D07,temporal_adjacent,D07_F00_support_identity_start.ply,D07_F01_support_offsets.ply,0,918,110,SAME_OBJECT,VISIBILITY_STABLE,VISIBLE,VISIBLE,0,0.0,0.0,0.0,0.0,1,0
pair_123,D07,temporal_adjacent,D07_F00_support_identity_start.ply,D07_F01_support_offsets.ply,1,714,741,SAME_OBJECT,VISIBILITY_STABLE,VISIBLE,VISIBLE,0,0.0,0.0,0.0,0.0,1,1
pair_123,D07,temporal_adjacent,D07_F00_support_identity_start.ply,D07_F01_support_offsets.ply,2,676,751,SAME_OBJECT,VISIBILITY_STABLE,VISIBLE,VISIBLE,0,0.0,0.0,0.0,0.0,1,2
pair_123,D07,temporal_adjacent,D07_F00_support_identity_start.ply,D07_F01_support_offsets.ply,3,844,930,SAME_OBJECT,VISIBILITY_STABLE,VISIBLE,VISIBLE,0,0.0,0.0,0.0,0.0,1,3
pair_123,D07,temporal_adjacent,D07_F00_support_identity_start.ply,D07_F01_support_offsets.ply,4,275,803,SAME_OBJECT,VISIBILITY_STABLE,VISIBLE,VISIBLE,0,0.0,0.0,0.0,0.0,1,4
pair_123,D07,temporal_adjacent,D07_F00_support_identity_start.ply,D07_F01_support_offsets.ply,5,214,705,SAME_OBJECT,VISIBILITY_STABLE,VISIBLE,VISIBLE,0,0.0,0.0,0.0,0.0,1,5
pair_123,D07,temporal_adjacent,D07_F00_support_identity_start.ply,D07_F01_support_offsets.ply,6,179,997,SAME_OBJECT,VISIBILITY_STABLE,VISIBLE,VISIBLE,0,0.0,0.0,0.0,0.0,1,6
pair_123,D07,temporal_adjacent,D07_F00_support_identity_start.ply,D07_F01_support_offsets.ply,7,626,285,SAME_OBJECT,VISIBILITY_STABLE,VISIBLE,VISIBLE,0,0.0,0.0,0.0,0.0,1,7
pair_123,D07,temporal_adjacent,D07_F00_support_identity_start.ply,D07_F01_support_offsets.ply,8,486,260,SAME_OBJECT,VISIBILITY_STABLE,VISIBLE,VISIBLE,0,0.0,0.0,0.0,0.0,1,8
pair_123,D07,temporal_adjacent,D07_F00_support_identity_start.ply,D07_F01_support_offsets.ply,9,527,584,SAME_OBJECT,VISIBILITY_STABLE,VISIBLE,VISIBLE,0,0.0,0.0,0.0,0.0,1,9
pair_123,D07,temporal_adjacent,D07_F00_support_identity_start.ply,D07_F01_support_offsets.ply,10,597,680,SAME_OBJECT,VISIBILITY_STABLE,VISIBLE,VISIBLE,0,0.3400000000000001,0.0,0.0,0.3400000000000001,2,0
pair_123,D07,temporal_adjacent,D07_F00_support_identity_start.ply,D07_F01_support_offsets.ply,12,404,488,SAME_OBJECT,VISIBILITY_STABLE,VISIBLE,VISIBLE,0,-0.31000000000000005,0.0,0.0,0.31000000000000005,2,2
pair_123,D07,temporal_adjacent,D07_F00_support_identity_start.ply,D07_F01_support_offsets.ply,14,773,245,SAME_OBJECT,VISIBILITY_STABLE,VISIBLE,VISIBLE,0,0.29000000000000004,0.0,0.0,0.29000000000000004,2,4
pair_123,D07,temporal_adjacent,D07_F00_support_identity_start.ply,D07_F01_support_offsets.ply,16,726,830,SAME_OBJECT,VISIBILITY_STABLE,VISIBLE,VISIBLE,0,-0.33000000000000007,0.0,0.0,0.33000000000000007,2,6
pair_124,D07,temporal_adjacent,D07_F01_support_offsets.ply,D07_F02_support_offsets_rebound.ply,0,110,641,SAME_OBJECT,VISIBILITY_STABLE,VISIBLE,VISIBLE,0,0.0,0.0,0.0,0.0,1,0
pair_124,D07,temporal_adjacent,D07_F01_support_offsets.ply,D07_F02_support_offsets_rebound.ply,1,741,141,SAME_OBJECT,VISIBILITY_STABLE,VISIBLE,VISIBLE,0,0.0,0.0,0.0,0.0,1,1
pair_124,D07,temporal_adjacent,D07_F01_support_offsets.ply,D07_F02_support_offsets_rebound.ply,2,751,764,SAME_OBJECT,VISIBILITY_STABLE,VISIBLE,VISIBLE,0,0.0,0.0,0.0,0.0,1,2
pair_124,D07,temporal_adjacent,D07_F01_support_offsets.ply,D07_F02_support_offsets_rebound.ply,3,930,216,SAME_OBJECT,VISIBILITY_STABLE,VISIBLE,VISIBLE,0,0.0,0.0,0.0,0.0,1,3
pair_124,D07,temporal_adjacent,D07_F01_support_offsets.ply,D07_F02_support_offsets_rebound.ply,4,803,809,SAME_OBJECT,VISIBILITY_STABLE,VISIBLE,VISIBLE,0,0.0,0.0,0.0,0.0,1,4
pair_124,D07,temporal_adjacent,D07_F01_support_offsets.ply,D07_F02_support_offsets_rebound.ply,5,705,635,SAME_OBJECT,VISIBILITY_STABLE,VISIBLE,VISIBLE,0,0.0,0.0,0.0,0.0,1,5
pair_124,D07,temporal_adjacent,D07_F01_support_offsets.ply,D07_F02_support_offsets_rebound.ply,6,997,427,SAME_OBJECT,VISIBILITY_STABLE,VISIBLE,VISIBLE,0,0.0,0.0,0.0,0.0,1,6
pair_124,D07,temporal_adjacent,D07_F01_support_offsets.ply,D07_F02_support_offsets_rebound.ply,7,285,436,SAME_OBJECT,VISIBILITY_STABLE,VISIBLE,VISIBLE,0,0.0,0.0,0.0,0.0,1,7
pair_124,D07,temporal_adjacent,D07_F01_support_offsets.ply,D07_F02_support_offsets_rebound.ply,8,260,310,SAME_OBJECT,VISIBILITY_STABLE,VISIBLE,VISIBLE,0,0.0,0.0,0.0,0.0,1,8
pair_124,D07,temporal_adjacent,D07_F01_support_offsets.ply,D07_F02_support_offsets_rebound.ply,9,584,294,SAME_OBJECT,VISIBILITY_STABLE,VISIBLE,VISIBLE,0,0.0,0.0,0.0,0.0,1,9
pair_124,D07,temporal_adjacent,D07_F01_support_offsets.ply,D07_F02_support_offsets_rebound.ply,10,680,357,SAME_OBJECT,VISIBILITY_STABLE,VISIBLE,VISIBLE,0,-0.24,0.0,0.0,0.24,2,0
pair_124,D07,temporal_adjacent,D07_F01_support_offsets.ply,D07_F02_support_offsets_rebound.ply,12,488,609,SAME_OBJECT,VISIBILITY_STABLE,VISIBLE,VISIBLE,0,0.18999999999999995,0.0,0.0,0.18999999999999995,2,2
pair_124,D07,temporal_adjacent,D07_F01_support_offsets.ply,D07_F02_support_offsets_rebound.ply,14,245,397,SAME_OBJECT,VISIBILITY_STABLE,VISIBLE,VISIBLE,0,-0.20999999999999996,0.0,0.0,0.20999999999999996,2,4
pair_124,D07,temporal_adjacent,D07_F01_support_offsets.ply,D07_F02_support_offsets_rebound.ply,16,830,519,SAME_OBJECT,VISIBILITY_STABLE,VISIBLE,VISIBLE,0,0.2400000000000002,0.0,0.0,0.2400000000000002,2,6
pair_125,D08,temporal_adjacent,D08_F00_locked_foundation_start.ply,D08_F01_foundation_hard_shift.ply,0,246,280,SAME_OBJECT,VISIBILITY_STABLE,VISIBLE,VISIBLE,0,0.0,0.0,0.0,0.0,1,0
pair_125,D08,temporal_adjacent,D08_F00_locked_foundation_start.ply,D08_F01_foundation_hard_shift.ply,1,758,288,SAME_OBJECT,VISIBILITY_STABLE,VISIBLE,VISIBLE,0,0.0,0.0,0.0,0.0,1,1
pair_125,D08,temporal_adjacent,D08_F00_locked_foundation_start.ply,D08_F01_foundation_hard_shift.ply,2,307,194,SAME_OBJECT,VISIBILITY_STABLE,VISIBLE,VISIBLE,0,0.0,0.0,0.0,0.0,1,2
pair_125,D08,temporal_adjacent,D08_F00_locked_foundation_start.ply,D08_F01_foundation_hard_shift.ply,3,288,141,SAME_OBJECT,VISIBILITY_STABLE,VISIBLE,VISIBLE,0,0.0,0.0,0.0,0.0,1,3
pair_125,D08,temporal_adjacent,D08_F00_locked_foundation_start.ply,D08_F01_foundation_hard_shift.ply,4,760,370,SAME_OBJECT,VISIBILITY_STABLE,VISIBLE,VISIBLE,0,0.20000000000000018,0.0,0.0,0.20000000000000018,1,4
pair_125,D08,temporal_adjacent,D08_F00_locked_foundation_start.ply,D08_F01_foundation_hard_shift.ply,5,473,240,SAME_OBJECT,VISIBILITY_STABLE,VISIBLE,VISIBLE,0,0.0,0.0,0.0,0.0,1,5
pair_125,D08,temporal_adjacent,D08_F00_locked_foundation_start.ply,D08_F01_foundation_hard_shift.ply,6,494,786,SAME_OBJECT,VISIBILITY_STABLE,VISIBLE,VISIBLE,0,0.0,0.0,0.0,0.0,1,6
pair_125,D08,temporal_adjacent,D08_F00_locked_foundation_start.ply,D08_F01_foundation_hard_shift.ply,7,776,916,SAME_OBJECT,VISIBILITY_STABLE,VISIBLE,VISIBLE,0,0.0,0.0,0.0,0.0,1,7
pair_125,D08,temporal_adjacent,D08_F00_locked_foundation_start.ply,D08_F01_foundation_hard_shift.ply,8,289,683,SAME_OBJECT,VISIBILITY_STABLE,VISIBLE,VISIBLE,0,0.0,0.0,0.0,0.0,1,8
pair_125,D08,temporal_adjacent,D08_F00_locked_foundation_start.ply,D08_F01_foundation_hard_shift.ply,9,746,586,SAME_OBJECT,VISIBILITY_STABLE,VISIBLE,VISIBLE,0,0.0,0.0,0.0,0.0,1,9
pair_125,D08,temporal_adjacent,D08_F00_locked_foundation_start.ply,D08_F01_foundation_hard_shift.ply,13,945,724,SAME_OBJECT,VISIBILITY_STABLE,VISIBLE,VISIBLE,0,0.10000000000000053,0.0,0.0,0.10000000000000053,2,3
pair_125,D08,temporal_adjacent,D08_F00_locked_foundation_start.ply,D08_F01_foundation_hard_shift.ply,15,201,959,SAME_OBJECT,VISIBILITY_STABLE,VISIBLE,VISIBLE,0,0.0,0.0,0.0,0.0,2,5
pair_126,D08,temporal_adjacent,D08_F01_foundation_hard_shift.ply,D08_F02_foundation_returns.ply,0,280,401,SAME_OBJECT,VISIBILITY_STABLE,VISIBLE,VISIBLE,0,0.0,0.0,0.0,0.0,1,0
pair_126,D08,temporal_adjacent,D08_F01_foundation_hard_shift.ply,D08_F02_foundation_returns.ply,1,288,783,SAME_OBJECT,VISIBILITY_STABLE,VISIBLE,VISIBLE,0,0.0,0.0,0.0,0.0,1,1
pair_126,D08,temporal_adjacent,D08_F01_foundation_hard_shift.ply,D08_F02_foundation_returns.ply,2,194,602,SAME_OBJECT,VISIBILITY_STABLE,VISIBLE,VISIBLE,0,0.0,0.0,0.0,0.0,1,2
pair_126,D08,temporal_adjacent,D08_F01_foundation_hard_shift.ply,D08_F02_foundation_returns.ply,3,141,763,SAME_OBJECT,VISIBILITY_STABLE,VISIBLE,VISIBLE,0,0.0,0.0,0.0,0.0,1,3
pair_126,D08,temporal_adjacent,D08_F01_foundation_hard_shift.ply,D08_F02_foundation_returns.ply,4,370,708,SAME_OBJECT,VISIBILITY_STABLE,VISIBLE,VISIBLE,0,-0.20000000000000018,0.0,0.0,0.20000000000000018,1,4
pair_126,D08,temporal_adjacent,D08_F01_foundation_hard_shift.ply,D08_F02_foundation_returns.ply,5,240,717,SAME_OBJECT,VISIBILITY_STABLE,VISIBLE,VISIBLE,0,0.0,0.0,0.0,0.0,1,5
pair_126,D08,temporal_adjacent,D08_F01_foundation_hard_shift.ply,D08_F02_foundation_returns.ply,6,786,670,SAME_OBJECT,VISIBILITY_STABLE,VISIBLE,VISIBLE,0,0.0,0.0,0.0,0.0,1,6
pair_126,D08,temporal_adjacent,D08_F01_foundation_hard_shift.ply,D08_F02_foundation_returns.ply,7,916,152,SAME_OBJECT,VISIBILITY_STABLE,VISIBLE,VISIBLE,0,0.0,0.0,0.0,0.0,1,7
pair_126,D08,temporal_adjacent,D08_F01_foundation_hard_shift.ply,D08_F02_foundation_returns.ply,8,683,988,SAME_OBJECT,VISIBILITY_STABLE,VISIBLE,VISIBLE,0,0.0,0.0,0.0,0.0,1,8
pair_126,D08,temporal_adjacent,D08_F01_foundation_hard_shift.ply,D08_F02_foundation_returns.ply,9,586,129,SAME_OBJECT,VISIBILITY_STABLE,VISIBLE,VISIBLE,0,0.0,0.0,0.0,0.0,1,9
pair_126,D08,temporal_adjacent,D08_F01_foundation_hard_shift.ply,D08_F02_foundation_returns.ply,13,724,983,SAME_OBJECT,VISIBILITY_STABLE,VISIBLE,VISIBLE,0,-0.08000000000000096,0.0,0.0,0.08000000000000096,2,3
pair_126,D08,temporal_adjacent,D08_F01_foundation_hard_shift.ply,D08_F02_foundation_returns.ply,15,959,174,SAME_OBJECT,VISIBILITY_STABLE,VISIBLE,VISIBLE,0,-0.019999999999999574,0.0,0.0,0.019999999999999574,2,5
pair_127,D09,temporal_adjacent,D09_F00_upper_support_start.ply,D09_F01_upper_off_support.ply,0,300,369,SAME_OBJECT,VISIBILITY_STABLE,VISIBLE,VISIBLE,0,0.0,0.0,0.0,0.0,1,0
pair_127,D09,temporal_adjacent,D09_F00_upper_support_start.ply,D09_F01_upper_off_support.ply,1,151,370,SAME_OBJECT,VISIBILITY_STABLE,VISIBLE,VISIBLE,0,0.0,0.0,0.0,0.0,1,1
pair_127,D09,temporal_adjacent,D09_F00_upper_support_start.ply,D09_F01_upper_off_support.ply,2,878,673,SAME_OBJECT,VISIBILITY_STABLE,VISIBLE,VISIBLE,0,0.0,0.0,0.0,0.0,1,2
pair_127,D09,temporal_adjacent,D09_F00_upper_support_start.ply,D09_F01_upper_off_support.ply,3,573,277,SAME_OBJECT,VISIBILITY_STABLE,VISIBLE,VISIBLE,0,0.0,0.0,0.0,0.0,1,3
pair_127,D09,temporal_adjacent,D09_F00_upper_support_start.ply,D09_F01_upper_off_support.ply,4,846,767,SAME_OBJECT,VISIBILITY_STABLE,VISIBLE,VISIBLE,0,0.0,0.0,0.0,0.0,1,4
pair_127,D09,temporal_adjacent,D09_F00_upper_support_start.ply,D09_F01_upper_off_support.ply,5,423,367,SAME_OBJECT,VISIBILITY_STABLE,VISIBLE,VISIBLE,0,0.0,0.0,0.0,0.0,1,5
pair_127,D09,temporal_adjacent,D09_F00_upper_support_start.ply,D09_F01_upper_off_support.ply,6,200,885,SAME_OBJECT,VISIBILITY_STABLE,VISIBLE,VISIBLE,0,0.0,0.0,0.0,0.0,1,6
pair_127,D09,temporal_adjacent,D09_F00_upper_support_start.ply,D09_F01_upper_off_support.ply,7,386,366,SAME_OBJECT,VISIBILITY_STABLE,VISIBLE,VISIBLE,0,0.0,0.0,0.0,0.0,1,7
pair_127,D09,temporal_adjacent,D09_F00_upper_support_start.ply,D09_F01_upper_off_support.ply,8,206,449,SAME_OBJECT,VISIBILITY_STABLE,VISIBLE,VISIBLE,0,0.0,0.0,0.0,0.0,1,8
pair_127,D09,temporal_adjacent,D09_F00_upper_support_start.ply,D09_F01_upper_off_support.ply,9,179,671,SAME_OBJECT,VISIBILITY_STABLE,VISIBLE,VISIBLE,0,0.0,0.0,0.0,0.0,1,9
pair_127,D09,temporal_adjacent,D09_F00_upper_support_start.ply,D09_F01_upper_off_support.ply,14,189,189,SAME_OBJECT,VISIBILITY_STABLE,VISIBLE,VISIBLE,0,0.7800000000000002,0.0,0.0,0.7800000000000002,2,4
pair_128,D09,temporal_adjacent,D09_F01_upper_off_support.ply,D09_F02_upper_back_on_support.ply,0,369,102,SAME_OBJECT,VISIBILITY_STABLE,VISIBLE,VISIBLE,0,0.0,0.0,0.0,0.0,1,0
pair_128,D09,temporal_adjacent,D09_F01_upper_off_support.ply,D09_F02_upper_back_on_support.ply,1,370,880,SAME_OBJECT,VISIBILITY_STABLE,VISIBLE,VISIBLE,0,0.0,0.0,0.0,0.0,1,1
pair_128,D09,temporal_adjacent,D09_F01_upper_off_support.ply,D09_F02_upper_back_on_support.ply,2,673,923,SAME_OBJECT,VISIBILITY_STABLE,VISIBLE,VISIBLE,0,0.0,0.0,0.0,0.0,1,2
pair_128,D09,temporal_adjacent,D09_F01_upper_off_support.ply,D09_F02_upper_back_on_support.ply,3,277,797,SAME_OBJECT,VISIBILITY_STABLE,VISIBLE,VISIBLE,0,0.0,0.0,0.0,0.0,1,3
pair_128,D09,temporal_adjacent,D09_F01_upper_off_support.ply,D09_F02_upper_back_on_support.ply,4,767,326,SAME_OBJECT,VISIBILITY_STABLE,VISIBLE,VISIBLE,0,0.0,0.0,0.0,0.0,1,4
pair_128,D09,temporal_adjacent,D09_F01_upper_off_support.ply,D09_F02_upper_back_on_support.ply,5,367,596,SAME_OBJECT,VISIBILITY_STABLE,VISIBLE,VISIBLE,0,0.0,0.0,0.0,0.0,1,5
pair_128,D09,temporal_adjacent,D09_F01_upper_off_support.ply,D09_F02_upper_back_on_support.ply,6,885,657,SAME_OBJECT,VISIBILITY_STABLE,VISIBLE,VISIBLE,0,0.0,0.0,0.0,0.0,1,6
pair_128,D09,temporal_adjacent,D09_F01_upper_off_support.ply,D09_F02_upper_back_on_support.ply,7,366,989,SAME_OBJECT,VISIBILITY_STABLE,VISIBLE,VISIBLE,0,0.0,0.0,0.0,0.0,1,7
pair_128,D09,temporal_adjacent,D09_F01_upper_off_support.ply,D09_F02_upper_back_on_support.ply,8,449,590,SAME_OBJECT,VISIBILITY_STABLE,VISIBLE,VISIBLE,0,0.0,0.0,0.0,0.0,1,8
pair_128,D09,temporal_adjacent,D09_F01_upper_off_support.ply,D09_F02_upper_back_on_support.ply,9,671,878,SAME_OBJECT,VISIBILITY_STABLE,VISIBLE,VISIBLE,0,0.0,0.0,0.0,0.0,1,9
pair_128,D09,temporal_adjacent,D09_F01_upper_off_support.ply,D09_F02_upper_back_on_support.ply,14,189,779,SAME_OBJECT,VISIBILITY_STABLE,VISIBLE,VISIBLE,0,-0.7400000000000002,0.0,0.0,0.7400000000000002,2,4
pair_129,D10,temporal_adjacent,D10_F00_full_l1.ply,D10_F01_multi_new_0_7.ply,0,339,928,SAME_OBJECT,VISIBILITY_STABLE,VISIBLE,VISIBLE,0,0.0,0.0,0.0,0.0,1,0
pair_129,D10,temporal_adjacent,D10_F00_full_l1.ply,D10_F01_multi_new_0_7.ply,1,857,836,SAME_OBJECT,VISIBILITY_STABLE,VISIBLE,VISIBLE,0,0.0,0.0,0.0,0.0,1,1
pair_129,D10,temporal_adjacent,D10_F00_full_l1.ply,D10_F01_multi_new_0_7.ply,2,666,167,SAME_OBJECT,VISIBILITY_STABLE,VISIBLE,VISIBLE,0,0.0,0.0,0.0,0.0,1,2
pair_129,D10,temporal_adjacent,D10_F00_full_l1.ply,D10_F01_multi_new_0_7.ply,3,431,387,SAME_OBJECT,VISIBILITY_STABLE,VISIBLE,VISIBLE,0,0.0,0.0,0.0,0.0,1,3
pair_129,D10,temporal_adjacent,D10_F00_full_l1.ply,D10_F01_multi_new_0_7.ply,4,380,887,SAME_OBJECT,VISIBILITY_STABLE,VISIBLE,VISIBLE,0,0.0,0.0,0.0,0.0,1,4
pair_129,D10,temporal_adjacent,D10_F00_full_l1.ply,D10_F01_multi_new_0_7.ply,5,213,535,SAME_OBJECT,VISIBILITY_STABLE,VISIBLE,VISIBLE,0,0.0,0.0,0.0,0.0,1,5
pair_129,D10,temporal_adjacent,D10_F00_full_l1.ply,D10_F01_multi_new_0_7.ply,6,973,971,SAME_OBJECT,VISIBILITY_STABLE,VISIBLE,VISIBLE,0,0.0,0.0,0.0,0.0,1,6
pair_129,D10,temporal_adjacent,D10_F00_full_l1.ply,D10_F01_multi_new_0_7.ply,7,991,655,SAME_OBJECT,VISIBILITY_STABLE,VISIBLE,VISIBLE,0,0.0,0.0,0.0,0.0,1,7
pair_129,D10,temporal_adjacent,D10_F00_full_l1.ply,D10_F01_multi_new_0_7.ply,8,118,479,SAME_OBJECT,VISIBILITY_STABLE,VISIBLE,VISIBLE,0,0.0,0.0,0.0,0.0,1,8
pair_129,D10,temporal_adjacent,D10_F00_full_l1.ply,D10_F01_multi_new_0_7.ply,9,530,643,SAME_OBJECT,VISIBILITY_STABLE,VISIBLE,VISIBLE,0,0.0,0.0,0.0,0.0,1,9
pair_129,D10,temporal_adjacent,D10_F00_full_l1.ply,D10_F01_multi_new_0_7.ply,10,,888,NEW,NEW,,VISIBLE,1,,,,,2,0
pair_129,D10,temporal_adjacent,D10_F00_full_l1.ply,D10_F01_multi_new_0_7.ply,17,,840,NEW,NEW,,VISIBLE,1,,,,,2,7
pair_130,D10,temporal_adjacent,D10_F01_multi_new_0_7.ply,D10_F02_multi_new_1_6.ply,0,928,798,SAME_OBJECT,VISIBILITY_STABLE,VISIBLE,VISIBLE,0,0.0,0.0,0.0,0.0,1,0
pair_130,D10,temporal_adjacent,D10_F01_multi_new_0_7.ply,D10_F02_multi_new_1_6.ply,1,836,749,SAME_OBJECT,VISIBILITY_STABLE,VISIBLE,VISIBLE,0,0.0,0.0,0.0,0.0,1,1
pair_130,D10,temporal_adjacent,D10_F01_multi_new_0_7.ply,D10_F02_multi_new_1_6.ply,2,167,223,SAME_OBJECT,VISIBILITY_STABLE,VISIBLE,VISIBLE,0,0.0,0.0,0.0,0.0,1,2
pair_130,D10,temporal_adjacent,D10_F01_multi_new_0_7.ply,D10_F02_multi_new_1_6.ply,3,387,397,SAME_OBJECT,VISIBILITY_STABLE,VISIBLE,VISIBLE,0,0.0,0.0,0.0,0.0,1,3
pair_130,D10,temporal_adjacent,D10_F01_multi_new_0_7.ply,D10_F02_multi_new_1_6.ply,4,887,335,SAME_OBJECT,VISIBILITY_STABLE,VISIBLE,VISIBLE,0,0.0,0.0,0.0,0.0,1,4
pair_130,D10,temporal_adjacent,D10_F01_multi_new_0_7.ply,D10_F02_multi_new_1_6.ply,5,535,519,SAME_OBJECT,VISIBILITY_STABLE,VISIBLE,VISIBLE,0,0.0,0.0,0.0,0.0,1,5
pair_130,D10,temporal_adjacent,D10_F01_multi_new_0_7.ply,D10_F02_multi_new_1_6.ply,6,971,496,SAME_OBJECT,VISIBILITY_STABLE,VISIBLE,VISIBLE,0,0.0,0.0,0.0,0.0,1,6
pair_130,D10,temporal_adjacent,D10_F01_multi_new_0_7.ply,D10_F02_multi_new_1_6.ply,7,655,124,SAME_OBJECT,VISIBILITY_STABLE,VISIBLE,VISIBLE,0,0.0,0.0,0.0,0.0,1,7
pair_130,D10,temporal_adjacent,D10_F01_multi_new_0_7.ply,D10_F02_multi_new_1_6.ply,8,479,290,SAME_OBJECT,VISIBILITY_STABLE,VISIBLE,VISIBLE,0,0.0,0.0,0.0,0.0,1,8
pair_130,D10,temporal_adjacent,D10_F01_multi_new_0_7.ply,D10_F02_multi_new_1_6.ply,9,643,638,SAME_OBJECT,VISIBILITY_STABLE,VISIBLE,VISIBLE,0,0.0,0.0,0.0,0.0,1,9
pair_130,D10,temporal_adjacent,D10_F01_multi_new_0_7.ply,D10_F02_multi_new_1_6.ply,10,888,306,SAME_OBJECT,VISIBILITY_STABLE,VISIBLE,VISIBLE,0,0.0,0.0,0.0,0.0,2,0
pair_130,D10,temporal_adjacent,D10_F01_multi_new_0_7.ply,D10_F02_multi_new_1_6.ply,11,,222,NEW,NEW,,VISIBLE,1,,,,,2,1
pair_130,D10,temporal_adjacent,D10_F01_multi_new_0_7.ply,D10_F02_multi_new_1_6.ply,16,,711,NEW,NEW,,VISIBLE,1,,,,,2,6
pair_130,D10,temporal_adjacent,D10_F01_multi_new_0_7.ply,D10_F02_multi_new_1_6.ply,17,840,516,SAME_OBJECT,VISIBILITY_STABLE,VISIBLE,VISIBLE,0,0.0,0.0,0.0,0.0,2,7
pair_131,D10,temporal_adjacent,D10_F02_multi_new_1_6.ply,D10_F03_multi_new_2_5.ply,0,798,702,SAME_OBJECT,VISIBILITY_STABLE,VISIBLE,VISIBLE,0,0.0,0.0,0.0,0.0,1,0
pair_131,D10,temporal_adjacent,D10_F02_multi_new_1_6.ply,D10_F03_multi_new_2_5.ply,1,749,402,SAME_OBJECT,VISIBILITY_STABLE,VISIBLE,VISIBLE,0,0.0,0.0,0.0,0.0,1,1
pair_131,D10,temporal_adjacent,D10_F02_multi_new_1_6.ply,D10_F03_multi_new_2_5.ply,2,223,116,SAME_OBJECT,VISIBILITY_STABLE,VISIBLE,VISIBLE,0,0.0,0.0,0.0,0.0,1,2
pair_131,D10,temporal_adjacent,D10_F02_multi_new_1_6.ply,D10_F03_multi_new_2_5.ply,3,397,940,SAME_OBJECT,VISIBILITY_STABLE,VISIBLE,VISIBLE,0,0.0,0.0,0.0,0.0,1,3
pair_131,D10,temporal_adjacent,D10_F02_multi_new_1_6.ply,D10_F03_multi_new_2_5.ply,4,335,671,SAME_OBJECT,VISIBILITY_STABLE,VISIBLE,VISIBLE,0,0.0,0.0,0.0,0.0,1,4
pair_131,D10,temporal_adjacent,D10_F02_multi_new_1_6.ply,D10_F03_multi_new_2_5.ply,5,519,121,SAME_OBJECT,VISIBILITY_STABLE,VISIBLE,VISIBLE,0,0.0,0.0,0.0,0.0,1,5
pair_131,D10,temporal_adjacent,D10_F02_multi_new_1_6.ply,D10_F03_multi_new_2_5.ply,6,496,743,SAME_OBJECT,VISIBILITY_STABLE,VISIBLE,VISIBLE,0,0.0,0.0,0.0,0.0,1,6
pair_131,D10,temporal_adjacent,D10_F02_multi_new_1_6.ply,D10_F03_multi_new_2_5.ply,7,124,213,SAME_OBJECT,VISIBILITY_STABLE,VISIBLE,VISIBLE,0,0.0,0.0,0.0,0.0,1,7
pair_131,D10,temporal_adjacent,D10_F02_multi_new_1_6.ply,D10_F03_multi_new_2_5.ply,8,290,987,SAME_OBJECT,VISIBILITY_STABLE,VISIBLE,VISIBLE,0,0.0,0.0,0.0,0.0,1,8
pair_131,D10,temporal_adjacent,D10_F02_multi_new_1_6.ply,D10_F03_multi_new_2_5.ply,9,638,606,SAME_OBJECT,VISIBILITY_STABLE,VISIBLE,VISIBLE,0,0.0,0.0,0.0,0.0,1,9
pair_131,D10,temporal_adjacent,D10_F02_multi_new_1_6.ply,D10_F03_multi_new_2_5.ply,10,306,299,SAME_OBJECT,VISIBILITY_STABLE,VISIBLE,VISIBLE,0,0.0,0.0,0.0,0.0,2,0
pair_131,D10,temporal_adjacent,D10_F02_multi_new_1_6.ply,D10_F03_multi_new_2_5.ply,11,222,491,SAME_OBJECT,VISIBILITY_STABLE,VISIBLE,VISIBLE,0,0.0,0.0,0.0,0.0,2,1
pair_131,D10,temporal_adjacent,D10_F02_multi_new_1_6.ply,D10_F03_multi_new_2_5.ply,12,,331,NEW,NEW,,VISIBLE,1,,,,,2,2
pair_131,D10,temporal_adjacent,D10_F02_multi_new_1_6.ply,D10_F03_multi_new_2_5.ply,15,,427,NEW,NEW,,VISIBLE,1,,,,,2,5
pair_131,D10,temporal_adjacent,D10_F02_multi_new_1_6.ply,D10_F03_multi_new_2_5.ply,16,711,711,SAME_OBJECT,VISIBILITY_STABLE,VISIBLE,VISIBLE,0,0.0,0.0,0.0,0.0,2,6
pair_131,D10,temporal_adjacent,D10_F02_multi_new_1_6.ply,D10_F03_multi_new_2_5.ply,17,516,795,SAME_OBJECT,VISIBILITY_STABLE,VISIBLE,VISIBLE,0,0.0,0.0,0.0,0.0,2,7
pair_132,D10,temporal_adjacent,D10_F03_multi_new_2_5.ply,D10_F04_multi_new_3_4_reach8.ply,0,702,678,SAME_OBJECT,VISIBILITY_STABLE,VISIBLE,VISIBLE,0,0.0,0.0,0.0,0.0,1,0
pair_132,D10,temporal_adjacent,D10_F03_multi_new_2_5.ply,D10_F04_multi_new_3_4_reach8.ply,1,402,677,SAME_OBJECT,VISIBILITY_STABLE,VISIBLE,VISIBLE,0,0.0,0.0,0.0,0.0,1,1
pair_132,D10,temporal_adjacent,D10_F03_multi_new_2_5.ply,D10_F04_multi_new_3_4_reach8.ply,2,116,130,SAME_OBJECT,VISIBILITY_STABLE,VISIBLE,VISIBLE,0,0.0,0.0,0.0,0.0,1,2
pair_132,D10,temporal_adjacent,D10_F03_multi_new_2_5.ply,D10_F04_multi_new_3_4_reach8.ply,3,940,768,SAME_OBJECT,VISIBILITY_STABLE,VISIBLE,VISIBLE,0,0.0,0.0,0.0,0.0,1,3
pair_132,D10,temporal_adjacent,D10_F03_multi_new_2_5.ply,D10_F04_multi_new_3_4_reach8.ply,4,671,995,SAME_OBJECT,VISIBILITY_STABLE,VISIBLE,VISIBLE,0,0.0,0.0,0.0,0.0,1,4
pair_132,D10,temporal_adjacent,D10_F03_multi_new_2_5.ply,D10_F04_multi_new_3_4_reach8.ply,5,121,481,SAME_OBJECT,VISIBILITY_STABLE,VISIBLE,VISIBLE,0,0.0,0.0,0.0,0.0,1,5
pair_132,D10,temporal_adjacent,D10_F03_multi_new_2_5.ply,D10_F04_multi_new_3_4_reach8.ply,6,743,744,SAME_OBJECT,VISIBILITY_STABLE,VISIBLE,VISIBLE,0,0.0,0.0,0.0,0.0,1,6
pair_132,D10,temporal_adjacent,D10_F03_multi_new_2_5.ply,D10_F04_multi_new_3_4_reach8.ply,7,213,823,SAME_OBJECT,VISIBILITY_STABLE,VISIBLE,VISIBLE,0,0.0,0.0,0.0,0.0,1,7
pair_132,D10,temporal_adjacent,D10_F03_multi_new_2_5.ply,D10_F04_multi_new_3_4_reach8.ply,8,987,149,SAME_OBJECT,VISIBILITY_STABLE,VISIBLE,VISIBLE,0,0.0,0.0,0.0,0.0,1,8
pair_132,D10,temporal_adjacent,D10_F03_multi_new_2_5.ply,D10_F04_multi_new_3_4_reach8.ply,9,606,575,SAME_OBJECT,VISIBILITY_STABLE,VISIBLE,VISIBLE,0,0.0,0.0,0.0,0.0,1,9
pair_132,D10,temporal_adjacent,D10_F03_multi_new_2_5.ply,D10_F04_multi_new_3_4_reach8.ply,10,299,425,SAME_OBJECT,VISIBILITY_STABLE,VISIBLE,VISIBLE,0,0.0,0.0,0.0,0.0,2,0
pair_132,D10,temporal_adjacent,D10_F03_multi_new_2_5.ply,D10_F04_multi_new_3_4_reach8.ply,11,491,897,SAME_OBJECT,VISIBILITY_STABLE,VISIBLE,VISIBLE,0,0.0,0.0,0.0,0.0,2,1
pair_132,D10,temporal_adjacent,D10_F03_multi_new_2_5.ply,D10_F04_multi_new_3_4_reach8.ply,12,331,320,SAME_OBJECT,VISIBILITY_STABLE,VISIBLE,VISIBLE,0,0.0,0.0,0.0,0.0,2,2
pair_132,D10,temporal_adjacent,D10_F03_multi_new_2_5.ply,D10_F04_multi_new_3_4_reach8.ply,13,,795,NEW,NEW,,VISIBLE,1,,,,,2,3
pair_132,D10,temporal_adjacent,D10_F03_multi_new_2_5.ply,D10_F04_multi_new_3_4_reach8.ply,14,,178,NEW,NEW,,VISIBLE,1,,,,,2,4
pair_132,D10,temporal_adjacent,D10_F03_multi_new_2_5.ply,D10_F04_multi_new_3_4_reach8.ply,15,427,462,SAME_OBJECT,VISIBILITY_STABLE,VISIBLE,VISIBLE,0,0.0,0.0,0.0,0.0,2,5
pair_132,D10,temporal_adjacent,D10_F03_multi_new_2_5.ply,D10_F04_multi_new_3_4_reach8.ply,16,711,151,SAME_OBJECT,VISIBILITY_STABLE,VISIBLE,VISIBLE,0,0.0,0.0,0.0,0.0,2,6
pair_132,D10,temporal_adjacent,D10_F03_multi_new_2_5.ply,D10_F04_multi_new_3_4_reach8.ply,17,795,941,SAME_OBJECT,VISIBILITY_STABLE,VISIBLE,VISIBLE,0,0.0,0.0,0.0,0.0,2,7
pair_133,D10,temporal_adjacent,D10_F04_multi_new_3_4_reach8.ply,D10_F05_illegal_ninth_support8.ply,0,678,696,SAME_OBJECT,VISIBILITY_STABLE,VISIBLE,VISIBLE,0,0.0,0.0,0.0,0.0,1,0
pair_133,D10,temporal_adjacent,D10_F04_multi_new_3_4_reach8.ply,D10_F05_illegal_ninth_support8.ply,1,677,882,SAME_OBJECT,VISIBILITY_STABLE,VISIBLE,VISIBLE,0,0.0,0.0,0.0,0.0,1,1
pair_133,D10,temporal_adjacent,D10_F04_multi_new_3_4_reach8.ply,D10_F05_illegal_ninth_support8.ply,2,130,838,SAME_OBJECT,VISIBILITY_STABLE,VISIBLE,VISIBLE,0,0.0,0.0,0.0,0.0,1,2
pair_133,D10,temporal_adjacent,D10_F04_multi_new_3_4_reach8.ply,D10_F05_illegal_ninth_support8.ply,3,768,143,SAME_OBJECT,VISIBILITY_STABLE,VISIBLE,VISIBLE,0,0.0,0.0,0.0,0.0,1,3
pair_133,D10,temporal_adjacent,D10_F04_multi_new_3_4_reach8.ply,D10_F05_illegal_ninth_support8.ply,4,995,101,SAME_OBJECT,VISIBILITY_STABLE,VISIBLE,VISIBLE,0,0.0,0.0,0.0,0.0,1,4
pair_133,D10,temporal_adjacent,D10_F04_multi_new_3_4_reach8.ply,D10_F05_illegal_ninth_support8.ply,5,481,232,SAME_OBJECT,VISIBILITY_STABLE,VISIBLE,VISIBLE,0,0.0,0.0,0.0,0.0,1,5
pair_133,D10,temporal_adjacent,D10_F04_multi_new_3_4_reach8.ply,D10_F05_illegal_ninth_support8.ply,6,744,636,SAME_OBJECT,VISIBILITY_STABLE,VISIBLE,VISIBLE,0,0.0,0.0,0.0,0.0,1,6
pair_133,D10,temporal_adjacent,D10_F04_multi_new_3_4_reach8.ply,D10_F05_illegal_ninth_support8.ply,7,823,158,SAME_OBJECT,VISIBILITY_STABLE,VISIBLE,VISIBLE,0,0.0,0.0,0.0,0.0,1,7
pair_133,D10,temporal_adjacent,D10_F04_multi_new_3_4_reach8.ply,D10_F05_illegal_ninth_support8.ply,8,149,972,SAME_OBJECT,VISIBILITY_STABLE,VISIBLE,VISIBLE,0,0.0,0.0,0.0,0.0,1,8
pair_133,D10,temporal_adjacent,D10_F04_multi_new_3_4_reach8.ply,D10_F05_illegal_ninth_support8.ply,9,575,986,SAME_OBJECT,VISIBILITY_STABLE,VISIBLE,VISIBLE,0,0.0,0.0,0.0,0.0,1,9
pair_133,D10,temporal_adjacent,D10_F04_multi_new_3_4_reach8.ply,D10_F05_illegal_ninth_support8.ply,10,425,870,SAME_OBJECT,VISIBILITY_STABLE,VISIBLE,VISIBLE,0,0.0,0.0,0.0,0.0,2,0
pair_133,D10,temporal_adjacent,D10_F04_multi_new_3_4_reach8.ply,D10_F05_illegal_ninth_support8.ply,11,897,340,SAME_OBJECT,VISIBILITY_STABLE,VISIBLE,VISIBLE,0,0.0,0.0,0.0,0.0,2,1
pair_133,D10,temporal_adjacent,D10_F04_multi_new_3_4_reach8.ply,D10_F05_illegal_ninth_support8.ply,12,320,931,SAME_OBJECT,VISIBILITY_STABLE,VISIBLE,VISIBLE,0,0.0,0.0,0.0,0.0,2,2
pair_133,D10,temporal_adjacent,D10_F04_multi_new_3_4_reach8.ply,D10_F05_illegal_ninth_support8.ply,13,795,599,SAME_OBJECT,VISIBILITY_STABLE,VISIBLE,VISIBLE,0,0.0,0.0,0.0,0.0,2,3
pair_133,D10,temporal_adjacent,D10_F04_multi_new_3_4_reach8.ply,D10_F05_illegal_ninth_support8.ply,14,178,497,SAME_OBJECT,VISIBILITY_STABLE,VISIBLE,VISIBLE,0,0.0,0.0,0.0,0.0,2,4
pair_133,D10,temporal_adjacent,D10_F04_multi_new_3_4_reach8.ply,D10_F05_illegal_ninth_support8.ply,15,462,809,SAME_OBJECT,VISIBILITY_STABLE,VISIBLE,VISIBLE,0,0.0,0.0,0.0,0.0,2,5
pair_133,D10,temporal_adjacent,D10_F04_multi_new_3_4_reach8.ply,D10_F05_illegal_ninth_support8.ply,16,151,467,SAME_OBJECT,VISIBILITY_STABLE,VISIBLE,VISIBLE,0,0.0,0.0,0.0,0.0,2,6
pair_133,D10,temporal_adjacent,D10_F04_multi_new_3_4_reach8.ply,D10_F05_illegal_ninth_support8.ply,17,941,424,SAME_OBJECT,VISIBILITY_STABLE,VISIBLE,VISIBLE,0,0.0,0.0,0.0,0.0,2,7
pair_133,D10,temporal_adjacent,D10_F04_multi_new_3_4_reach8.ply,D10_F05_illegal_ninth_support8.ply,18,,815,NEW,NEW,,VISIBLE,1,,,,,2,8
